-- phpMyAdmin SQL Dump
-- version 5.2.1
-- https://www.phpmyadmin.net/
--
-- Host: 127.0.0.1
-- Generation Time: Nov 09, 2023 at 09:46 AM
-- Server version: 10.4.28-MariaDB
-- PHP Version: 8.2.4

SET SQL_MODE = "NO_AUTO_VALUE_ON_ZERO";
START TRANSACTION;
SET time_zone = "+00:00";


/*!40101 SET @OLD_CHARACTER_SET_CLIENT=@@CHARACTER_SET_CLIENT */;
/*!40101 SET @OLD_CHARACTER_SET_RESULTS=@@CHARACTER_SET_RESULTS */;
/*!40101 SET @OLD_COLLATION_CONNECTION=@@COLLATION_CONNECTION */;
/*!40101 SET NAMES utf8mb4 */;

--
-- Database: `company`
--

-- --------------------------------------------------------

--
-- Table structure for table `attendance`
--

CREATE TABLE `attendance` (
  `id` int(11) NOT NULL,
  `employee_id` int(11) NOT NULL,
  `date` date DEFAULT curdate(),
  `start_time` time DEFAULT current_timestamp(),
  `end_time` time DEFAULT NULL,
  `status` varchar(255) NOT NULL
) ENGINE=InnoDB DEFAULT CHARSET=utf8mb4 COLLATE=utf8mb4_general_ci;

--
-- Dumping data for table `attendance`
--

INSERT INTO `attendance` (`id`, `employee_id`, `date`, `start_time`, `end_time`, `status`) VALUES
(1, 1, '2023-11-09', '07:07:00', '17:16:00', 'Present'),
(2, 2, '2023-11-09', '03:10:00', '09:26:00', 'Present'),
(3, 3, '2023-11-09', '17:42:00', '07:26:00', 'Present'),
(4, 4, '2023-11-09', '21:48:00', '07:08:00', 'Present'),
(5, 5, '2023-11-09', '09:39:00', '02:37:00', 'Present'),
(6, 6, '2023-11-09', '22:23:00', '03:29:00', 'Present'),
(7, 7, '2023-11-09', '19:58:00', '09:07:00', 'Present'),
(8, 8, '2023-11-09', '13:43:00', '21:14:00', 'Present'),
(9, 9, '2023-11-09', '22:10:00', '00:30:00', 'Present'),
(10, 10, '2023-11-09', '02:00:00', '16:28:00', 'Present'),
(11, 11, '2023-11-09', '23:00:00', '03:37:00', 'Present'),
(12, 12, '2023-11-09', '19:52:00', '22:04:00', 'Present'),
(13, 13, '2023-11-09', '10:33:00', '12:55:00', 'Present'),
(14, 14, '2023-11-09', '14:45:00', '23:38:00', 'Present'),
(15, 15, '2023-11-09', '10:19:00', '08:48:00', 'Late'),
(16, 16, '2023-11-09', '08:21:00', '18:44:00', 'Present'),
(17, 17, '2023-11-09', '21:09:00', '03:17:00', 'Late'),
(18, 18, '2023-11-09', '02:27:00', '00:46:00', 'Present'),
(19, 19, '2023-11-09', '14:34:00', '02:53:00', 'Present'),
(20, 20, '2023-11-09', '15:02:00', '06:15:00', 'Present'),
(21, 21, '2023-11-09', '13:21:00', '03:35:00', 'Present'),
(22, 22, '2023-11-09', '23:12:00', '02:56:00', 'Present'),
(23, 23, '2023-11-09', '04:44:00', '03:31:00', 'Present'),
(24, 24, '2023-11-09', '07:04:00', '10:54:00', 'Present'),
(25, 25, '2023-11-09', '14:11:00', '03:09:00', 'Present'),
(26, 26, '2023-11-09', '10:06:00', '03:25:00', 'Present'),
(27, 27, '2023-11-09', '07:20:00', '19:01:00', 'Present'),
(28, 28, '2023-11-09', '12:27:00', '17:12:00', 'Late'),
(29, 29, '2023-11-09', '02:22:00', '12:28:00', 'Late'),
(30, 30, '2023-11-09', '12:56:00', '01:28:00', 'Present'),
(31, 31, '2023-11-09', '13:11:00', '06:52:00', 'Present'),
(32, 32, '2023-11-09', '22:11:00', '02:55:00', 'Present'),
(33, 33, '2023-11-09', '18:54:00', '06:35:00', 'Present'),
(34, 34, '2023-11-09', '02:04:00', '23:39:00', 'Present'),
(35, 35, '2023-11-09', '21:21:00', '02:23:00', 'Present'),
(36, 36, '2023-11-09', '08:34:00', '19:27:00', 'Present'),
(37, 37, '2023-11-09', '12:16:00', '20:21:00', 'Present'),
(38, 38, '2023-11-09', '08:53:00', '09:16:00', 'Present'),
(39, 39, '2023-11-09', '08:04:00', '07:21:00', 'Late'),
(40, 40, '2023-11-09', '09:20:00', '13:50:00', 'Present'),
(41, 41, '2023-11-09', '20:55:00', '23:07:00', 'Present'),
(42, 42, '2023-11-09', '02:31:00', '05:31:00', 'Late'),
(43, 43, '2023-11-09', '22:30:00', '18:21:00', 'Present'),
(44, 44, '2023-11-09', '04:38:00', '14:01:00', 'Present'),
(45, 45, '2023-11-09', '18:43:00', '07:24:00', 'Present'),
(46, 46, '2023-11-09', '06:06:00', '17:17:00', 'Present'),
(47, 47, '2023-11-09', '09:10:00', '17:04:00', 'Present'),
(48, 48, '2023-11-09', '19:31:00', '03:05:00', 'Present'),
(49, 49, '2023-11-09', '00:58:00', '18:56:00', 'Present'),
(50, 50, '2023-11-09', '02:27:00', '21:05:00', 'Present'),
(51, 51, '2023-11-09', '15:48:00', '04:29:00', 'Late'),
(52, 52, '2023-11-09', '19:30:00', '00:30:00', 'Present'),
(53, 53, '2023-11-09', '04:16:00', '20:26:00', 'Present'),
(54, 54, '2023-11-09', '00:02:00', '03:37:00', 'Present'),
(55, 55, '2023-11-09', '15:08:00', '17:13:00', 'Late'),
(56, 56, '2023-11-09', '14:46:00', '01:58:00', 'Present'),
(57, 57, '2023-11-09', '10:06:00', '06:59:00', 'Present'),
(58, 58, '2023-11-09', '19:39:00', '18:56:00', 'Present'),
(59, 59, '2023-11-09', '01:07:00', '10:53:00', 'Present'),
(60, 60, '2023-11-09', '17:26:00', '23:33:00', 'Late'),
(61, 61, '2023-11-09', '06:38:00', '10:10:00', 'Present'),
(62, 62, '2023-11-09', '14:11:00', '03:06:00', 'Present'),
(63, 63, '2023-11-09', '05:47:00', '07:08:00', 'Late'),
(64, 64, '2023-11-09', '21:32:00', '23:15:00', 'Present'),
(65, 65, '2023-11-09', '00:02:00', '03:32:00', 'Present'),
(66, 66, '2023-11-09', '22:44:00', '21:17:00', 'Present'),
(67, 67, '2023-11-09', '17:31:00', '10:30:00', 'Present'),
(68, 68, '2023-11-09', '22:53:00', '13:07:00', 'Late'),
(69, 69, '2023-11-09', '03:26:00', '20:53:00', 'Late'),
(70, 70, '2023-11-09', '11:57:00', '07:37:00', 'Present'),
(71, 71, '2023-11-09', '03:11:00', '12:56:00', 'Present'),
(72, 72, '2023-11-09', '05:26:00', '13:31:00', 'Late'),
(73, 73, '2023-11-09', '07:36:00', '01:26:00', 'Present'),
(74, 74, '2023-11-09', '17:41:00', '05:06:00', 'Late'),
(75, 75, '2023-11-09', '20:37:00', '14:06:00', 'Present'),
(76, 76, '2023-11-09', '12:17:00', '21:36:00', 'Present'),
(77, 77, '2023-11-09', '21:29:00', '18:19:00', 'Present'),
(78, 78, '2023-11-09', '13:52:00', '17:02:00', 'Late'),
(79, 79, '2023-11-09', '05:34:00', '05:27:00', 'Present'),
(80, 80, '2023-11-09', '11:41:00', '00:06:00', 'Present'),
(81, 81, '2023-11-09', '16:10:00', '20:49:00', 'Present'),
(82, 82, '2023-11-09', '23:26:00', '06:58:00', 'Present'),
(83, 83, '2023-11-09', '11:07:00', '04:36:00', 'Present'),
(84, 84, '2023-11-09', '07:19:00', '15:17:00', 'Present'),
(85, 85, '2023-11-09', '15:47:00', '23:35:00', 'Late'),
(86, 86, '2023-11-09', '12:22:00', '06:16:00', 'Present'),
(87, 87, '2023-11-09', '23:16:00', '09:04:00', 'Present'),
(88, 88, '2023-11-09', '19:31:00', '02:59:00', 'Present'),
(89, 89, '2023-11-09', '06:22:00', '01:10:00', 'Present'),
(90, 90, '2023-11-09', '00:54:00', '12:52:00', 'Late'),
(91, 91, '2023-11-09', '18:34:00', '11:46:00', 'Present'),
(92, 92, '2023-11-09', '18:33:00', '11:43:00', 'Present'),
(93, 93, '2023-11-09', '16:51:00', '06:43:00', 'Late'),
(94, 94, '2023-11-09', '04:25:00', '14:42:00', 'Present'),
(95, 95, '2023-11-09', '14:49:00', '06:54:00', 'Present'),
(96, 96, '2023-11-09', '19:54:00', '03:58:00', 'Present'),
(97, 97, '2023-11-09', '09:34:00', '16:47:00', 'Late'),
(98, 98, '2023-11-09', '18:15:00', '23:04:00', 'Present'),
(99, 99, '2023-11-09', '04:33:00', '04:11:00', 'Present'),
(100, 100, '2023-11-09', '13:27:00', '15:48:00', 'Present');

-- --------------------------------------------------------

--
-- Table structure for table `attendance_month`
--

CREATE TABLE `attendance_month` (
  `id` int(11) NOT NULL,
  `employee_id` int(11) NOT NULL,
  `month` int(11) NOT NULL,
  `year` int(11) NOT NULL,
  `work_days` int(11) NOT NULL,
  `work_hours` int(11) NOT NULL
) ENGINE=InnoDB DEFAULT CHARSET=utf8mb4 COLLATE=utf8mb4_general_ci;

--
-- Dumping data for table `attendance_month`
--

INSERT INTO `attendance_month` (`id`, `employee_id`, `month`, `year`, `work_days`, `work_hours`) VALUES
(255, 63, 4, 2023, 19, 113),
(256, 88, 12, 2023, 4, 177),
(257, 52, 4, 2023, 22, 179),
(258, 86, 11, 2023, 24, 137),
(259, 48, 4, 2023, 29, 187),
(260, 57, 3, 2023, 11, 104),
(261, 23, 12, 2023, 6, 102),
(262, 56, 9, 2023, 26, 109),
(263, 95, 6, 2023, 14, 191),
(264, 20, 3, 2023, 18, 114),
(265, 2, 8, 2023, 8, 119),
(266, 29, 11, 2023, 11, 120),
(267, 99, 4, 2023, 17, 189),
(268, 78, 3, 2023, 21, 177),
(269, 86, 12, 2023, 8, 137),
(270, 11, 6, 2023, 24, 167),
(271, 3, 1, 2023, 10, 130),
(272, 63, 3, 2023, 6, 128),
(273, 86, 6, 2023, 18, 156),
(274, 13, 12, 2023, 8, 150),
(275, 77, 4, 2023, 5, 182),
(276, 72, 2, 2023, 10, 133),
(277, 73, 8, 2023, 24, 117),
(278, 52, 1, 2023, 18, 189),
(279, 68, 9, 2023, 15, 128),
(280, 1, 2, 2023, 22, 119),
(281, 79, 5, 2023, 14, 121),
(282, 70, 10, 2023, 1, 158),
(283, 91, 10, 2023, 6, 153),
(284, 14, 2, 2023, 1, 189);

-- --------------------------------------------------------

--
-- Table structure for table `company_reviews`
--

CREATE TABLE `company_reviews` (
  `id` int(11) NOT NULL,
  `reviewer_id` int(11) NOT NULL,
  `review_date` date NOT NULL,
  `review` text NOT NULL,
  `score` int(11) NOT NULL
) ENGINE=InnoDB DEFAULT CHARSET=utf8mb4 COLLATE=utf8mb4_general_ci;

--
-- Dumping data for table `company_reviews`
--

INSERT INTO `company_reviews` (`id`, `reviewer_id`, `review_date`, `review`, `score`) VALUES
(1, 82, '2023-11-09', 'Company review', 4),
(2, 24, '2023-11-09', 'Company review', 5),
(3, 13, '2023-11-09', 'Company review', 4),
(4, 27, '2023-11-09', 'Company review', 1),
(5, 90, '2023-11-09', 'Company review', 1),
(6, 86, '2023-11-09', 'Company review', 5),
(7, 17, '2023-11-09', 'Company review', 5),
(8, 43, '2023-11-09', 'Company review', 2),
(9, 73, '2023-11-09', 'Company review', 1),
(10, 99, '2023-11-09', 'Company review', 5),
(11, 24, '2023-11-09', 'Company review', 4),
(12, 65, '2023-11-09', 'Company review', 2),
(13, 16, '2023-11-09', 'Company review', 1),
(14, 15, '2023-11-09', 'Company review', 2),
(15, 41, '2023-11-09', 'Company review', 5),
(16, 36, '2023-11-09', 'Company review', 1),
(17, 20, '2023-11-09', 'Company review', 5),
(18, 54, '2023-11-09', 'Company review', 2),
(19, 55, '2023-11-09', 'Company review', 1),
(20, 51, '2023-11-09', 'Company review', 3),
(21, 69, '2023-11-09', 'Company review', 1),
(22, 67, '2023-11-09', 'Company review', 5),
(23, 43, '2023-11-09', 'Company review', 3),
(24, 18, '2023-11-09', 'Company review', 2),
(25, 41, '2023-11-09', 'Company review', 5),
(26, 23, '2023-11-09', 'Company review', 3),
(27, 61, '2023-11-09', 'Company review', 4),
(28, 62, '2023-11-09', 'Company review', 1),
(29, 33, '2023-11-09', 'Company review', 3),
(30, 67, '2023-11-09', 'Company review', 4),
(31, 85, '2023-11-09', 'Company review', 5),
(32, 9, '2023-11-09', 'Company review', 4),
(33, 5, '2023-11-09', 'Company review', 2),
(34, 9, '2023-11-09', 'Company review', 4),
(35, 22, '2023-11-09', 'Company review', 5),
(36, 27, '2023-11-09', 'Company review', 3),
(37, 23, '2023-11-09', 'Company review', 5),
(38, 91, '2023-11-09', 'Company review', 4),
(39, 25, '2023-11-09', 'Company review', 5),
(40, 58, '2023-11-09', 'Company review', 2),
(41, 73, '2023-11-09', 'Company review', 4),
(42, 62, '2023-11-09', 'Company review', 5),
(43, 20, '2023-11-09', 'Company review', 3),
(44, 19, '2023-11-09', 'Company review', 2),
(45, 84, '2023-11-09', 'Company review', 2),
(46, 38, '2023-11-09', 'Company review', 4),
(47, 57, '2023-11-09', 'Company review', 4),
(48, 43, '2023-11-09', 'Company review', 2),
(49, 1, '2023-11-09', 'Company review', 2),
(50, 26, '2023-11-09', 'Company review', 3),
(51, 84, '2023-11-09', 'Company review', 4),
(52, 67, '2023-11-09', 'Company review', 3),
(53, 17, '2023-11-09', 'Company review', 3),
(54, 7, '2023-11-09', 'Company review', 4),
(55, 77, '2023-11-09', 'Company review', 3),
(56, 7, '2023-11-09', 'Company review', 5),
(57, 26, '2023-11-09', 'Company review', 4),
(58, 38, '2023-11-09', 'Company review', 1),
(59, 90, '2023-11-09', 'Company review', 3),
(60, 78, '2023-11-09', 'Company review', 3),
(61, 74, '2023-11-09', 'Company review', 3),
(62, 11, '2023-11-09', 'Company review', 1),
(63, 25, '2023-11-09', 'Company review', 5),
(64, 79, '2023-11-09', 'Company review', 2),
(65, 82, '2023-11-09', 'Company review', 3),
(66, 55, '2023-11-09', 'Company review', 3),
(67, 95, '2023-11-09', 'Company review', 2),
(68, 26, '2023-11-09', 'Company review', 4),
(69, 32, '2023-11-09', 'Company review', 4),
(70, 73, '2023-11-09', 'Company review', 3),
(71, 1, '2023-11-09', 'Company review', 4),
(72, 50, '2023-11-09', 'Company review', 2),
(73, 44, '2023-11-09', 'Company review', 1),
(74, 88, '2023-11-09', 'Company review', 2),
(75, 85, '2023-11-09', 'Company review', 2),
(76, 22, '2023-11-09', 'Company review', 1),
(77, 55, '2023-11-09', 'Company review', 4),
(78, 44, '2023-11-09', 'Company review', 2),
(79, 47, '2023-11-09', 'Company review', 2),
(80, 85, '2023-11-09', 'Company review', 3),
(81, 98, '2023-11-09', 'Company review', 2),
(82, 2, '2023-11-09', 'Company review', 5),
(83, 51, '2023-11-09', 'Company review', 4),
(84, 45, '2023-11-09', 'Company review', 5),
(85, 2, '2023-11-09', 'Company review', 3),
(86, 20, '2023-11-09', 'Company review', 4),
(87, 56, '2023-11-09', 'Company review', 5),
(88, 97, '2023-11-09', 'Company review', 1),
(89, 44, '2023-11-09', 'Company review', 5),
(90, 56, '2023-11-09', 'Company review', 5),
(91, 65, '2023-11-09', 'Company review', 4),
(92, 39, '2023-11-09', 'Company review', 5),
(93, 55, '2023-11-09', 'Company review', 5),
(94, 1, '2023-11-09', 'Company review', 2),
(95, 3, '2023-11-09', 'Company review', 3),
(96, 39, '2023-11-09', 'Company review', 3),
(97, 29, '2023-11-09', 'Company review', 5),
(98, 85, '2023-11-09', 'Company review', 3),
(99, 74, '2023-11-09', 'Company review', 2),
(100, 47, '2023-11-09', 'Company review', 2),
(101, 24, '2023-11-09', 'Company review', 2),
(102, 32, '2023-11-09', 'Company review', 5),
(103, 85, '2023-11-09', 'Company review', 2),
(104, 33, '2023-11-09', 'Company review', 3),
(105, 59, '2023-11-09', 'Company review', 3),
(106, 32, '2023-11-09', 'Company review', 2),
(107, 66, '2023-11-09', 'Company review', 2),
(108, 77, '2023-11-09', 'Company review', 5),
(109, 75, '2023-11-09', 'Company review', 2),
(110, 39, '2023-11-09', 'Company review', 5),
(111, 50, '2023-11-09', 'Company review', 4),
(112, 12, '2023-11-09', 'Company review', 3),
(113, 75, '2023-11-09', 'Company review', 3),
(114, 28, '2023-11-09', 'Company review', 5),
(115, 50, '2023-11-09', 'Company review', 5),
(116, 92, '2023-11-09', 'Company review', 5),
(117, 14, '2023-11-09', 'Company review', 4),
(118, 34, '2023-11-09', 'Company review', 3),
(119, 24, '2023-11-09', 'Company review', 5),
(120, 42, '2023-11-09', 'Company review', 4),
(121, 90, '2023-11-09', 'Company review', 4),
(122, 33, '2023-11-09', 'Company review', 5),
(123, 9, '2023-11-09', 'Company review', 5),
(124, 69, '2023-11-09', 'Company review', 3),
(125, 28, '2023-11-09', 'Company review', 1),
(126, 18, '2023-11-09', 'Company review', 5),
(127, 87, '2023-11-09', 'Company review', 4),
(128, 96, '2023-11-09', 'Company review', 4),
(129, 39, '2023-11-09', 'Company review', 5),
(130, 72, '2023-11-09', 'Company review', 4),
(131, 18, '2023-11-09', 'Company review', 5),
(132, 97, '2023-11-09', 'Company review', 1),
(133, 91, '2023-11-09', 'Company review', 1),
(134, 55, '2023-11-09', 'Company review', 3),
(135, 33, '2023-11-09', 'Company review', 5),
(136, 21, '2023-11-09', 'Company review', 3),
(137, 93, '2023-11-09', 'Company review', 1),
(138, 88, '2023-11-09', 'Company review', 1),
(139, 40, '2023-11-09', 'Company review', 5),
(140, 61, '2023-11-09', 'Company review', 1),
(141, 8, '2023-11-09', 'Company review', 5),
(142, 87, '2023-11-09', 'Company review', 5),
(143, 88, '2023-11-09', 'Company review', 4),
(144, 1, '2023-11-09', 'Company review', 5),
(145, 4, '2023-11-09', 'Company review', 4),
(146, 59, '2023-11-09', 'Company review', 4),
(147, 89, '2023-11-09', 'Company review', 2),
(148, 77, '2023-11-09', 'Company review', 5),
(149, 61, '2023-11-09', 'Company review', 1),
(150, 57, '2023-11-09', 'Company review', 4),
(151, 40, '2023-11-09', 'Company review', 1),
(152, 39, '2023-11-09', 'Company review', 3),
(153, 77, '2023-11-09', 'Company review', 1),
(154, 24, '2023-11-09', 'Company review', 5),
(155, 54, '2023-11-09', 'Company review', 1),
(156, 15, '2023-11-09', 'Company review', 2),
(157, 94, '2023-11-09', 'Company review', 5),
(158, 63, '2023-11-09', 'Company review', 3),
(159, 54, '2023-11-09', 'Company review', 2),
(160, 49, '2023-11-09', 'Company review', 5),
(161, 57, '2023-11-09', 'Company review', 3),
(162, 31, '2023-11-09', 'Company review', 2),
(163, 82, '2023-11-09', 'Company review', 1),
(164, 89, '2023-11-09', 'Company review', 2),
(165, 62, '2023-11-09', 'Company review', 2),
(166, 65, '2023-11-09', 'Company review', 2),
(167, 76, '2023-11-09', 'Company review', 4),
(168, 56, '2023-11-09', 'Company review', 3),
(169, 86, '2023-11-09', 'Company review', 4),
(170, 32, '2023-11-09', 'Company review', 2),
(171, 23, '2023-11-09', 'Company review', 3),
(172, 54, '2023-11-09', 'Company review', 2),
(173, 17, '2023-11-09', 'Company review', 4),
(174, 40, '2023-11-09', 'Company review', 4),
(175, 8, '2023-11-09', 'Company review', 2),
(176, 74, '2023-11-09', 'Company review', 3),
(177, 46, '2023-11-09', 'Company review', 4),
(178, 96, '2023-11-09', 'Company review', 5),
(179, 27, '2023-11-09', 'Company review', 5),
(180, 39, '2023-11-09', 'Company review', 3),
(181, 3, '2023-11-09', 'Company review', 4),
(182, 91, '2023-11-09', 'Company review', 1),
(183, 22, '2023-11-09', 'Company review', 3),
(184, 83, '2023-11-09', 'Company review', 4),
(185, 86, '2023-11-09', 'Company review', 2),
(186, 86, '2023-11-09', 'Company review', 3),
(187, 75, '2023-11-09', 'Company review', 2),
(188, 43, '2023-11-09', 'Company review', 1),
(189, 45, '2023-11-09', 'Company review', 4),
(190, 60, '2023-11-09', 'Company review', 4),
(191, 47, '2023-11-09', 'Company review', 2),
(192, 49, '2023-11-09', 'Company review', 2),
(193, 1, '2023-11-09', 'Company review', 1),
(194, 64, '2023-11-09', 'Company review', 5),
(195, 18, '2023-11-09', 'Company review', 3),
(196, 57, '2023-11-09', 'Company review', 4),
(197, 30, '2023-11-09', 'Company review', 4),
(198, 50, '2023-11-09', 'Company review', 3),
(199, 84, '2023-11-09', 'Company review', 5),
(200, 60, '2023-11-09', 'Company review', 3),
(201, 86, '2023-11-09', 'Company review', 4),
(202, 2, '2023-11-09', 'Company review', 5),
(203, 50, '2023-11-09', 'Company review', 4),
(204, 34, '2023-11-09', 'Company review', 3),
(205, 98, '2023-11-09', 'Company review', 4),
(206, 65, '2023-11-09', 'Company review', 1),
(207, 53, '2023-11-09', 'Company review', 2),
(208, 14, '2023-11-09', 'Company review', 4),
(209, 83, '2023-11-09', 'Company review', 2),
(210, 68, '2023-11-09', 'Company review', 4),
(211, 45, '2023-11-09', 'Company review', 1),
(212, 41, '2023-11-09', 'Company review', 3),
(213, 67, '2023-11-09', 'Company review', 4),
(214, 11, '2023-11-09', 'Company review', 4),
(215, 98, '2023-11-09', 'Company review', 5),
(216, 81, '2023-11-09', 'Company review', 1),
(217, 56, '2023-11-09', 'Company review', 1),
(218, 31, '2023-11-09', 'Company review', 5),
(219, 88, '2023-11-09', 'Company review', 3),
(220, 1, '2023-11-09', 'Company review', 3),
(221, 8, '2023-11-09', 'Company review', 1),
(222, 41, '2023-11-09', 'Company review', 4),
(223, 15, '2023-11-09', 'Company review', 4),
(224, 9, '2023-11-09', 'Company review', 2),
(225, 33, '2023-11-09', 'Company review', 4),
(226, 38, '2023-11-09', 'Company review', 5),
(227, 29, '2023-11-09', 'Company review', 4),
(228, 10, '2023-11-09', 'Company review', 1),
(229, 24, '2023-11-09', 'Company review', 5),
(230, 71, '2023-11-09', 'Company review', 5),
(231, 35, '2023-11-09', 'Company review', 1),
(232, 30, '2023-11-09', 'Company review', 2),
(233, 44, '2023-11-09', 'Company review', 3),
(234, 73, '2023-11-09', 'Company review', 3),
(235, 97, '2023-11-09', 'Company review', 3),
(236, 98, '2023-11-09', 'Company review', 1),
(237, 98, '2023-11-09', 'Company review', 2),
(238, 79, '2023-11-09', 'Company review', 5),
(239, 21, '2023-11-09', 'Company review', 2),
(240, 86, '2023-11-09', 'Company review', 3),
(241, 53, '2023-11-09', 'Company review', 2),
(242, 32, '2023-11-09', 'Company review', 3),
(243, 27, '2023-11-09', 'Company review', 1),
(244, 30, '2023-11-09', 'Company review', 3),
(245, 20, '2023-11-09', 'Company review', 4),
(246, 3, '2023-11-09', 'Company review', 5),
(247, 74, '2023-11-09', 'Company review', 5),
(248, 94, '2023-11-09', 'Company review', 2),
(249, 20, '2023-11-09', 'Company review', 2),
(250, 17, '2023-11-09', 'Company review', 5),
(251, 52, '2023-11-09', 'Company review', 1),
(252, 30, '2023-11-09', 'Company review', 5),
(253, 98, '2023-11-09', 'Company review', 1),
(254, 8, '2023-11-09', 'Company review', 2),
(255, 56, '2023-11-09', 'Company review', 4),
(256, 99, '2023-11-09', 'Company review', 4),
(257, 81, '2023-11-09', 'Company review', 5),
(258, 60, '2023-11-09', 'Company review', 3),
(259, 11, '2023-11-09', 'Company review', 4),
(260, 57, '2023-11-09', 'Company review', 3),
(261, 83, '2023-11-09', 'Company review', 4),
(262, 66, '2023-11-09', 'Company review', 3),
(263, 17, '2023-11-09', 'Company review', 3),
(264, 20, '2023-11-09', 'Company review', 2),
(265, 19, '2023-11-09', 'Company review', 5),
(266, 80, '2023-11-09', 'Company review', 3),
(267, 65, '2023-11-09', 'Company review', 1),
(268, 17, '2023-11-09', 'Company review', 4),
(269, 35, '2023-11-09', 'Company review', 3),
(270, 6, '2023-11-09', 'Company review', 1),
(271, 93, '2023-11-09', 'Company review', 4),
(272, 35, '2023-11-09', 'Company review', 5),
(273, 12, '2023-11-09', 'Company review', 1),
(274, 10, '2023-11-09', 'Company review', 2),
(275, 84, '2023-11-09', 'Company review', 3),
(276, 15, '2023-11-09', 'Company review', 1),
(277, 22, '2023-11-09', 'Company review', 4),
(278, 78, '2023-11-09', 'Company review', 5),
(279, 2, '2023-11-09', 'Company review', 3),
(280, 18, '2023-11-09', 'Company review', 3),
(281, 22, '2023-11-09', 'Company review', 3),
(282, 61, '2023-11-09', 'Company review', 4),
(283, 67, '2023-11-09', 'Company review', 2),
(284, 32, '2023-11-09', 'Company review', 4),
(285, 88, '2023-11-09', 'Company review', 1),
(286, 92, '2023-11-09', 'Company review', 2),
(287, 58, '2023-11-09', 'Company review', 1),
(288, 65, '2023-11-09', 'Company review', 1),
(289, 12, '2023-11-09', 'Company review', 3),
(290, 43, '2023-11-09', 'Company review', 3),
(291, 17, '2023-11-09', 'Company review', 2),
(292, 20, '2023-11-09', 'Company review', 5),
(293, 28, '2023-11-09', 'Company review', 3),
(294, 54, '2023-11-09', 'Company review', 2),
(295, 76, '2023-11-09', 'Company review', 1),
(296, 71, '2023-11-09', 'Company review', 3),
(297, 62, '2023-11-09', 'Company review', 3),
(298, 43, '2023-11-09', 'Company review', 4),
(299, 53, '2023-11-09', 'Company review', 2),
(300, 32, '2023-11-09', 'Company review', 3),
(301, 15, '2023-11-09', 'Company review', 3),
(302, 96, '2023-11-09', 'Company review', 2),
(303, 97, '2023-11-09', 'Company review', 4),
(304, 90, '2023-11-09', 'Company review', 1),
(305, 30, '2023-11-09', 'Company review', 5),
(306, 60, '2023-11-09', 'Company review', 2),
(307, 74, '2023-11-09', 'Company review', 4),
(308, 68, '2023-11-09', 'Company review', 1),
(309, 36, '2023-11-09', 'Company review', 3),
(310, 64, '2023-11-09', 'Company review', 3),
(311, 1, '2023-11-09', 'Company review', 2),
(312, 24, '2023-11-09', 'Company review', 3),
(313, 57, '2023-11-09', 'Company review', 3),
(314, 75, '2023-11-09', 'Company review', 2),
(315, 9, '2023-11-09', 'Company review', 4),
(316, 85, '2023-11-09', 'Company review', 3),
(317, 49, '2023-11-09', 'Company review', 1),
(318, 52, '2023-11-09', 'Company review', 1),
(319, 56, '2023-11-09', 'Company review', 4),
(320, 94, '2023-11-09', 'Company review', 3),
(321, 91, '2023-11-09', 'Company review', 5),
(322, 82, '2023-11-09', 'Company review', 2),
(323, 40, '2023-11-09', 'Company review', 5),
(324, 20, '2023-11-09', 'Company review', 2),
(325, 9, '2023-11-09', 'Company review', 3),
(326, 84, '2023-11-09', 'Company review', 5),
(327, 35, '2023-11-09', 'Company review', 4),
(328, 91, '2023-11-09', 'Company review', 2),
(329, 29, '2023-11-09', 'Company review', 5),
(330, 27, '2023-11-09', 'Company review', 5),
(331, 43, '2023-11-09', 'Company review', 4),
(332, 76, '2023-11-09', 'Company review', 5),
(333, 54, '2023-11-09', 'Company review', 5),
(334, 50, '2023-11-09', 'Company review', 1),
(335, 69, '2023-11-09', 'Company review', 2),
(336, 66, '2023-11-09', 'Company review', 2),
(337, 34, '2023-11-09', 'Company review', 5),
(338, 44, '2023-11-09', 'Company review', 3),
(339, 29, '2023-11-09', 'Company review', 5),
(340, 45, '2023-11-09', 'Company review', 4),
(341, 99, '2023-11-09', 'Company review', 5),
(342, 80, '2023-11-09', 'Company review', 1),
(343, 39, '2023-11-09', 'Company review', 3),
(344, 11, '2023-11-09', 'Company review', 1),
(345, 46, '2023-11-09', 'Company review', 5),
(346, 76, '2023-11-09', 'Company review', 2),
(347, 37, '2023-11-09', 'Company review', 5),
(348, 9, '2023-11-09', 'Company review', 5),
(349, 42, '2023-11-09', 'Company review', 2),
(350, 8, '2023-11-09', 'Company review', 3),
(351, 68, '2023-11-09', 'Company review', 4),
(352, 32, '2023-11-09', 'Company review', 3),
(353, 88, '2023-11-09', 'Company review', 4),
(354, 97, '2023-11-09', 'Company review', 4),
(355, 54, '2023-11-09', 'Company review', 4),
(356, 58, '2023-11-09', 'Company review', 5),
(357, 11, '2023-11-09', 'Company review', 4),
(358, 75, '2023-11-09', 'Company review', 5),
(359, 46, '2023-11-09', 'Company review', 3),
(360, 89, '2023-11-09', 'Company review', 1),
(361, 90, '2023-11-09', 'Company review', 1),
(362, 15, '2023-11-09', 'Company review', 1),
(363, 55, '2023-11-09', 'Company review', 1),
(364, 27, '2023-11-09', 'Company review', 4),
(365, 1, '2023-11-09', 'Company review', 4),
(366, 76, '2023-11-09', 'Company review', 3),
(367, 35, '2023-11-09', 'Company review', 1),
(368, 71, '2023-11-09', 'Company review', 1),
(369, 37, '2023-11-09', 'Company review', 3),
(370, 71, '2023-11-09', 'Company review', 5),
(371, 27, '2023-11-09', 'Company review', 4),
(372, 54, '2023-11-09', 'Company review', 4),
(373, 90, '2023-11-09', 'Company review', 3),
(374, 35, '2023-11-09', 'Company review', 3),
(375, 50, '2023-11-09', 'Company review', 5),
(376, 38, '2023-11-09', 'Company review', 5),
(377, 77, '2023-11-09', 'Company review', 5),
(378, 27, '2023-11-09', 'Company review', 3),
(379, 2, '2023-11-09', 'Company review', 3),
(380, 1, '2023-11-09', 'Company review', 4),
(381, 94, '2023-11-09', 'Company review', 2),
(382, 87, '2023-11-09', 'Company review', 2),
(383, 13, '2023-11-09', 'Company review', 3),
(384, 53, '2023-11-09', 'Company review', 5),
(385, 91, '2023-11-09', 'Company review', 5),
(386, 65, '2023-11-09', 'Company review', 4),
(387, 10, '2023-11-09', 'Company review', 4),
(388, 2, '2023-11-09', 'Company review', 1),
(389, 40, '2023-11-09', 'Company review', 4),
(390, 38, '2023-11-09', 'Company review', 4),
(391, 60, '2023-11-09', 'Company review', 4),
(392, 3, '2023-11-09', 'Company review', 5),
(393, 10, '2023-11-09', 'Company review', 5),
(394, 65, '2023-11-09', 'Company review', 2),
(395, 50, '2023-11-09', 'Company review', 4),
(396, 69, '2023-11-09', 'Company review', 3),
(397, 59, '2023-11-09', 'Company review', 2),
(398, 96, '2023-11-09', 'Company review', 4),
(399, 96, '2023-11-09', 'Company review', 3),
(400, 69, '2023-11-09', 'Company review', 5),
(401, 43, '2023-11-09', 'Company review', 3),
(402, 88, '2023-11-09', 'Company review', 1),
(403, 91, '2023-11-09', 'Company review', 2),
(404, 41, '2023-11-09', 'Company review', 2),
(405, 50, '2023-11-09', 'Company review', 3),
(406, 82, '2023-11-09', 'Company review', 4),
(407, 15, '2023-11-09', 'Company review', 3),
(408, 38, '2023-11-09', 'Company review', 2),
(409, 96, '2023-11-09', 'Company review', 1),
(410, 83, '2023-11-09', 'Company review', 4),
(411, 16, '2023-11-09', 'Company review', 3),
(412, 48, '2023-11-09', 'Company review', 4),
(413, 67, '2023-11-09', 'Company review', 3),
(414, 44, '2023-11-09', 'Company review', 4),
(415, 24, '2023-11-09', 'Company review', 1),
(416, 68, '2023-11-09', 'Company review', 1),
(417, 78, '2023-11-09', 'Company review', 3),
(418, 69, '2023-11-09', 'Company review', 2),
(419, 15, '2023-11-09', 'Company review', 1),
(420, 60, '2023-11-09', 'Company review', 5),
(421, 99, '2023-11-09', 'Company review', 1),
(422, 60, '2023-11-09', 'Company review', 4),
(423, 40, '2023-11-09', 'Company review', 1),
(424, 10, '2023-11-09', 'Company review', 2),
(425, 31, '2023-11-09', 'Company review', 3),
(426, 94, '2023-11-09', 'Company review', 1),
(427, 21, '2023-11-09', 'Company review', 5),
(428, 37, '2023-11-09', 'Company review', 5),
(429, 21, '2023-11-09', 'Company review', 3),
(430, 56, '2023-11-09', 'Company review', 3),
(431, 82, '2023-11-09', 'Company review', 4),
(432, 67, '2023-11-09', 'Company review', 3),
(433, 30, '2023-11-09', 'Company review', 1),
(434, 63, '2023-11-09', 'Company review', 5),
(435, 27, '2023-11-09', 'Company review', 5),
(436, 41, '2023-11-09', 'Company review', 3),
(437, 32, '2023-11-09', 'Company review', 1),
(438, 46, '2023-11-09', 'Company review', 1),
(439, 80, '2023-11-09', 'Company review', 5),
(440, 7, '2023-11-09', 'Company review', 4),
(441, 1, '2023-11-09', 'Company review', 1),
(442, 45, '2023-11-09', 'Company review', 5),
(443, 60, '2023-11-09', 'Company review', 1),
(444, 37, '2023-11-09', 'Company review', 4),
(445, 54, '2023-11-09', 'Company review', 3),
(446, 1, '2023-11-09', 'Company review', 3),
(447, 22, '2023-11-09', 'Company review', 4),
(448, 4, '2023-11-09', 'Company review', 5),
(449, 80, '2023-11-09', 'Company review', 1),
(450, 91, '2023-11-09', 'Company review', 2),
(451, 23, '2023-11-09', 'Company review', 5),
(452, 4, '2023-11-09', 'Company review', 2),
(453, 69, '2023-11-09', 'Company review', 2),
(454, 82, '2023-11-09', 'Company review', 5),
(455, 44, '2023-11-09', 'Company review', 2),
(456, 85, '2023-11-09', 'Company review', 3),
(457, 35, '2023-11-09', 'Company review', 5),
(458, 93, '2023-11-09', 'Company review', 4),
(459, 65, '2023-11-09', 'Company review', 1),
(460, 95, '2023-11-09', 'Company review', 2),
(461, 29, '2023-11-09', 'Company review', 4),
(462, 92, '2023-11-09', 'Company review', 2),
(463, 96, '2023-11-09', 'Company review', 4),
(464, 1, '2023-11-09', 'Company review', 4),
(465, 36, '2023-11-09', 'Company review', 4),
(466, 77, '2023-11-09', 'Company review', 3),
(467, 47, '2023-11-09', 'Company review', 4),
(468, 96, '2023-11-09', 'Company review', 4),
(469, 2, '2023-11-09', 'Company review', 4),
(470, 72, '2023-11-09', 'Company review', 2),
(471, 48, '2023-11-09', 'Company review', 3),
(472, 65, '2023-11-09', 'Company review', 1),
(473, 9, '2023-11-09', 'Company review', 2),
(474, 72, '2023-11-09', 'Company review', 3),
(475, 90, '2023-11-09', 'Company review', 2),
(476, 62, '2023-11-09', 'Company review', 2),
(477, 75, '2023-11-09', 'Company review', 4),
(478, 62, '2023-11-09', 'Company review', 4),
(479, 9, '2023-11-09', 'Company review', 1),
(480, 96, '2023-11-09', 'Company review', 4),
(481, 56, '2023-11-09', 'Company review', 4),
(482, 1, '2023-11-09', 'Company review', 5),
(483, 13, '2023-11-09', 'Company review', 1),
(484, 38, '2023-11-09', 'Company review', 3),
(485, 99, '2023-11-09', 'Company review', 4),
(486, 52, '2023-11-09', 'Company review', 3),
(487, 86, '2023-11-09', 'Company review', 5),
(488, 70, '2023-11-09', 'Company review', 5),
(489, 61, '2023-11-09', 'Company review', 2),
(490, 21, '2023-11-09', 'Company review', 3),
(491, 54, '2023-11-09', 'Company review', 3),
(492, 42, '2023-11-09', 'Company review', 5),
(493, 13, '2023-11-09', 'Company review', 1),
(494, 66, '2023-11-09', 'Company review', 2),
(495, 36, '2023-11-09', 'Company review', 5),
(496, 83, '2023-11-09', 'Company review', 2),
(497, 66, '2023-11-09', 'Company review', 3),
(498, 98, '2023-11-09', 'Company review', 1),
(499, 81, '2023-11-09', 'Company review', 4),
(500, 63, '2023-11-09', 'Company review', 2),
(501, 72, '2023-11-09', 'Company review', 4),
(502, 96, '2023-11-09', 'Company review', 5),
(503, 87, '2023-11-09', 'Company review', 3),
(504, 87, '2023-11-09', 'Company review', 5),
(505, 80, '2023-11-09', 'Company review', 2),
(506, 29, '2023-11-09', 'Company review', 3),
(507, 34, '2023-11-09', 'Company review', 2),
(508, 87, '2023-11-09', 'Company review', 2),
(509, 45, '2023-11-09', 'Company review', 4),
(510, 68, '2023-11-09', 'Company review', 3),
(511, 85, '2023-11-09', 'Company review', 3),
(512, 12, '2023-11-09', 'Company review', 5),
(513, 50, '2023-11-09', 'Company review', 3),
(514, 41, '2023-11-09', 'Company review', 2),
(515, 37, '2023-11-09', 'Company review', 5),
(516, 34, '2023-11-09', 'Company review', 1),
(517, 12, '2023-11-09', 'Company review', 3),
(518, 22, '2023-11-09', 'Company review', 3),
(519, 98, '2023-11-09', 'Company review', 2),
(520, 74, '2023-11-09', 'Company review', 4),
(521, 24, '2023-11-09', 'Company review', 1),
(522, 86, '2023-11-09', 'Company review', 5),
(523, 25, '2023-11-09', 'Company review', 2),
(524, 2, '2023-11-09', 'Company review', 1),
(525, 5, '2023-11-09', 'Company review', 1),
(526, 71, '2023-11-09', 'Company review', 1),
(527, 19, '2023-11-09', 'Company review', 4),
(528, 17, '2023-11-09', 'Company review', 4),
(529, 54, '2023-11-09', 'Company review', 5),
(530, 76, '2023-11-09', 'Company review', 1),
(531, 63, '2023-11-09', 'Company review', 3),
(532, 10, '2023-11-09', 'Company review', 4),
(533, 11, '2023-11-09', 'Company review', 3),
(534, 18, '2023-11-09', 'Company review', 3),
(535, 46, '2023-11-09', 'Company review', 1),
(536, 16, '2023-11-09', 'Company review', 3),
(537, 74, '2023-11-09', 'Company review', 2),
(538, 66, '2023-11-09', 'Company review', 1),
(539, 90, '2023-11-09', 'Company review', 5),
(540, 16, '2023-11-09', 'Company review', 5),
(541, 82, '2023-11-09', 'Company review', 3),
(542, 24, '2023-11-09', 'Company review', 3),
(543, 17, '2023-11-09', 'Company review', 1),
(544, 8, '2023-11-09', 'Company review', 1),
(545, 93, '2023-11-09', 'Company review', 3),
(546, 10, '2023-11-09', 'Company review', 4),
(547, 37, '2023-11-09', 'Company review', 4),
(548, 11, '2023-11-09', 'Company review', 4),
(549, 74, '2023-11-09', 'Company review', 5),
(550, 12, '2023-11-09', 'Company review', 5),
(551, 51, '2023-11-09', 'Company review', 4),
(552, 72, '2023-11-09', 'Company review', 4),
(553, 7, '2023-11-09', 'Company review', 2),
(554, 79, '2023-11-09', 'Company review', 4),
(555, 44, '2023-11-09', 'Company review', 5),
(556, 17, '2023-11-09', 'Company review', 1),
(557, 23, '2023-11-09', 'Company review', 4),
(558, 78, '2023-11-09', 'Company review', 5),
(559, 91, '2023-11-09', 'Company review', 1),
(560, 30, '2023-11-09', 'Company review', 3),
(561, 34, '2023-11-09', 'Company review', 2),
(562, 84, '2023-11-09', 'Company review', 1),
(563, 2, '2023-11-09', 'Company review', 4),
(564, 74, '2023-11-09', 'Company review', 3),
(565, 99, '2023-11-09', 'Company review', 4),
(566, 20, '2023-11-09', 'Company review', 1),
(567, 72, '2023-11-09', 'Company review', 3),
(568, 95, '2023-11-09', 'Company review', 3),
(569, 69, '2023-11-09', 'Company review', 5),
(570, 62, '2023-11-09', 'Company review', 2),
(571, 54, '2023-11-09', 'Company review', 5),
(572, 60, '2023-11-09', 'Company review', 3),
(573, 64, '2023-11-09', 'Company review', 4),
(574, 72, '2023-11-09', 'Company review', 3),
(575, 90, '2023-11-09', 'Company review', 2),
(576, 62, '2023-11-09', 'Company review', 2),
(577, 72, '2023-11-09', 'Company review', 4),
(578, 6, '2023-11-09', 'Company review', 2),
(579, 55, '2023-11-09', 'Company review', 4),
(580, 93, '2023-11-09', 'Company review', 3),
(581, 77, '2023-11-09', 'Company review', 2),
(582, 25, '2023-11-09', 'Company review', 2),
(583, 72, '2023-11-09', 'Company review', 4),
(584, 49, '2023-11-09', 'Company review', 2),
(585, 80, '2023-11-09', 'Company review', 2),
(586, 93, '2023-11-09', 'Company review', 5),
(587, 49, '2023-11-09', 'Company review', 5),
(588, 91, '2023-11-09', 'Company review', 5),
(589, 94, '2023-11-09', 'Company review', 5),
(590, 69, '2023-11-09', 'Company review', 4),
(591, 70, '2023-11-09', 'Company review', 2),
(592, 14, '2023-11-09', 'Company review', 5),
(593, 35, '2023-11-09', 'Company review', 5),
(594, 27, '2023-11-09', 'Company review', 4),
(595, 94, '2023-11-09', 'Company review', 3),
(596, 53, '2023-11-09', 'Company review', 2),
(597, 57, '2023-11-09', 'Company review', 1),
(598, 10, '2023-11-09', 'Company review', 5),
(599, 61, '2023-11-09', 'Company review', 1),
(600, 78, '2023-11-09', 'Company review', 3),
(601, 36, '2023-11-09', 'Company review', 1),
(602, 70, '2023-11-09', 'Company review', 1),
(603, 11, '2023-11-09', 'Company review', 3),
(604, 81, '2023-11-09', 'Company review', 4),
(605, 39, '2023-11-09', 'Company review', 4),
(606, 7, '2023-11-09', 'Company review', 2),
(607, 72, '2023-11-09', 'Company review', 3),
(608, 18, '2023-11-09', 'Company review', 3),
(609, 92, '2023-11-09', 'Company review', 1),
(610, 87, '2023-11-09', 'Company review', 5),
(611, 30, '2023-11-09', 'Company review', 3),
(612, 87, '2023-11-09', 'Company review', 4),
(613, 90, '2023-11-09', 'Company review', 3),
(614, 39, '2023-11-09', 'Company review', 4),
(615, 14, '2023-11-09', 'Company review', 4),
(616, 10, '2023-11-09', 'Company review', 2),
(617, 58, '2023-11-09', 'Company review', 4),
(618, 18, '2023-11-09', 'Company review', 3),
(619, 12, '2023-11-09', 'Company review', 5),
(620, 64, '2023-11-09', 'Company review', 1),
(621, 6, '2023-11-09', 'Company review', 4),
(622, 33, '2023-11-09', 'Company review', 3),
(623, 82, '2023-11-09', 'Company review', 3),
(624, 66, '2023-11-09', 'Company review', 1),
(625, 21, '2023-11-09', 'Company review', 5),
(626, 87, '2023-11-09', 'Company review', 4),
(627, 79, '2023-11-09', 'Company review', 5),
(628, 25, '2023-11-09', 'Company review', 3),
(629, 50, '2023-11-09', 'Company review', 1),
(630, 21, '2023-11-09', 'Company review', 4),
(631, 40, '2023-11-09', 'Company review', 2),
(632, 83, '2023-11-09', 'Company review', 3),
(633, 12, '2023-11-09', 'Company review', 1),
(634, 69, '2023-11-09', 'Company review', 3),
(635, 7, '2023-11-09', 'Company review', 1),
(636, 9, '2023-11-09', 'Company review', 2),
(637, 95, '2023-11-09', 'Company review', 1),
(638, 39, '2023-11-09', 'Company review', 5),
(639, 84, '2023-11-09', 'Company review', 4),
(640, 45, '2023-11-09', 'Company review', 5),
(641, 7, '2023-11-09', 'Company review', 4),
(642, 20, '2023-11-09', 'Company review', 5),
(643, 6, '2023-11-09', 'Company review', 3),
(644, 32, '2023-11-09', 'Company review', 1),
(645, 46, '2023-11-09', 'Company review', 1),
(646, 1, '2023-11-09', 'Company review', 4),
(647, 85, '2023-11-09', 'Company review', 5),
(648, 23, '2023-11-09', 'Company review', 2),
(649, 61, '2023-11-09', 'Company review', 2),
(650, 58, '2023-11-09', 'Company review', 1),
(651, 56, '2023-11-09', 'Company review', 4),
(652, 37, '2023-11-09', 'Company review', 5),
(653, 88, '2023-11-09', 'Company review', 3),
(654, 60, '2023-11-09', 'Company review', 4),
(655, 40, '2023-11-09', 'Company review', 1),
(656, 23, '2023-11-09', 'Company review', 5),
(657, 65, '2023-11-09', 'Company review', 4),
(658, 31, '2023-11-09', 'Company review', 3),
(659, 99, '2023-11-09', 'Company review', 2),
(660, 22, '2023-11-09', 'Company review', 2),
(661, 21, '2023-11-09', 'Company review', 5),
(662, 95, '2023-11-09', 'Company review', 1),
(663, 19, '2023-11-09', 'Company review', 5),
(664, 99, '2023-11-09', 'Company review', 2),
(665, 28, '2023-11-09', 'Company review', 4),
(666, 39, '2023-11-09', 'Company review', 5),
(667, 79, '2023-11-09', 'Company review', 1),
(668, 63, '2023-11-09', 'Company review', 1),
(669, 79, '2023-11-09', 'Company review', 3),
(670, 48, '2023-11-09', 'Company review', 4),
(671, 87, '2023-11-09', 'Company review', 2),
(672, 23, '2023-11-09', 'Company review', 1),
(673, 54, '2023-11-09', 'Company review', 3),
(674, 23, '2023-11-09', 'Company review', 3),
(675, 41, '2023-11-09', 'Company review', 5),
(676, 81, '2023-11-09', 'Company review', 4),
(677, 72, '2023-11-09', 'Company review', 4),
(678, 42, '2023-11-09', 'Company review', 5),
(679, 42, '2023-11-09', 'Company review', 2),
(680, 30, '2023-11-09', 'Company review', 3),
(681, 78, '2023-11-09', 'Company review', 2),
(682, 15, '2023-11-09', 'Company review', 5),
(683, 85, '2023-11-09', 'Company review', 4),
(684, 86, '2023-11-09', 'Company review', 2),
(685, 74, '2023-11-09', 'Company review', 5),
(686, 29, '2023-11-09', 'Company review', 4),
(687, 88, '2023-11-09', 'Company review', 1),
(688, 23, '2023-11-09', 'Company review', 4),
(689, 35, '2023-11-09', 'Company review', 5),
(690, 48, '2023-11-09', 'Company review', 4),
(691, 12, '2023-11-09', 'Company review', 3),
(692, 75, '2023-11-09', 'Company review', 3),
(693, 35, '2023-11-09', 'Company review', 1),
(694, 89, '2023-11-09', 'Company review', 5),
(695, 90, '2023-11-09', 'Company review', 4),
(696, 6, '2023-11-09', 'Company review', 1),
(697, 89, '2023-11-09', 'Company review', 3),
(698, 58, '2023-11-09', 'Company review', 3),
(699, 95, '2023-11-09', 'Company review', 1),
(700, 87, '2023-11-09', 'Company review', 5),
(701, 7, '2023-11-09', 'Company review', 3),
(702, 40, '2023-11-09', 'Company review', 3),
(703, 2, '2023-11-09', 'Company review', 4),
(704, 60, '2023-11-09', 'Company review', 5),
(705, 39, '2023-11-09', 'Company review', 3),
(706, 98, '2023-11-09', 'Company review', 4),
(707, 19, '2023-11-09', 'Company review', 1),
(708, 62, '2023-11-09', 'Company review', 1),
(709, 19, '2023-11-09', 'Company review', 5),
(710, 95, '2023-11-09', 'Company review', 1),
(711, 38, '2023-11-09', 'Company review', 4),
(712, 57, '2023-11-09', 'Company review', 4),
(713, 43, '2023-11-09', 'Company review', 2),
(714, 96, '2023-11-09', 'Company review', 1),
(715, 41, '2023-11-09', 'Company review', 5),
(716, 15, '2023-11-09', 'Company review', 1),
(717, 15, '2023-11-09', 'Company review', 2),
(718, 48, '2023-11-09', 'Company review', 2),
(719, 74, '2023-11-09', 'Company review', 1),
(720, 86, '2023-11-09', 'Company review', 2),
(721, 67, '2023-11-09', 'Company review', 3),
(722, 94, '2023-11-09', 'Company review', 5),
(723, 94, '2023-11-09', 'Company review', 5),
(724, 38, '2023-11-09', 'Company review', 2),
(725, 76, '2023-11-09', 'Company review', 4),
(726, 16, '2023-11-09', 'Company review', 4),
(727, 2, '2023-11-09', 'Company review', 1),
(728, 99, '2023-11-09', 'Company review', 5),
(729, 64, '2023-11-09', 'Company review', 3),
(730, 23, '2023-11-09', 'Company review', 5),
(731, 57, '2023-11-09', 'Company review', 2),
(732, 76, '2023-11-09', 'Company review', 5),
(733, 31, '2023-11-09', 'Company review', 5),
(734, 9, '2023-11-09', 'Company review', 1),
(735, 78, '2023-11-09', 'Company review', 5),
(736, 8, '2023-11-09', 'Company review', 4),
(737, 46, '2023-11-09', 'Company review', 1),
(738, 7, '2023-11-09', 'Company review', 1),
(739, 15, '2023-11-09', 'Company review', 3),
(740, 25, '2023-11-09', 'Company review', 4),
(741, 32, '2023-11-09', 'Company review', 4),
(742, 75, '2023-11-09', 'Company review', 3),
(743, 39, '2023-11-09', 'Company review', 2),
(744, 69, '2023-11-09', 'Company review', 2),
(745, 67, '2023-11-09', 'Company review', 2),
(746, 47, '2023-11-09', 'Company review', 3),
(747, 94, '2023-11-09', 'Company review', 2),
(748, 60, '2023-11-09', 'Company review', 1),
(749, 3, '2023-11-09', 'Company review', 4),
(750, 8, '2023-11-09', 'Company review', 3),
(751, 24, '2023-11-09', 'Company review', 4),
(752, 89, '2023-11-09', 'Company review', 2),
(753, 84, '2023-11-09', 'Company review', 2),
(754, 4, '2023-11-09', 'Company review', 2),
(755, 9, '2023-11-09', 'Company review', 4),
(756, 21, '2023-11-09', 'Company review', 5),
(757, 13, '2023-11-09', 'Company review', 5),
(758, 63, '2023-11-09', 'Company review', 4),
(759, 82, '2023-11-09', 'Company review', 5),
(760, 98, '2023-11-09', 'Company review', 2),
(761, 25, '2023-11-09', 'Company review', 3),
(762, 87, '2023-11-09', 'Company review', 5),
(763, 45, '2023-11-09', 'Company review', 4),
(764, 63, '2023-11-09', 'Company review', 4),
(765, 4, '2023-11-09', 'Company review', 5),
(766, 97, '2023-11-09', 'Company review', 3),
(767, 14, '2023-11-09', 'Company review', 3),
(768, 78, '2023-11-09', 'Company review', 4),
(769, 66, '2023-11-09', 'Company review', 3),
(770, 49, '2023-11-09', 'Company review', 5),
(771, 39, '2023-11-09', 'Company review', 1),
(772, 2, '2023-11-09', 'Company review', 5),
(773, 75, '2023-11-09', 'Company review', 5),
(774, 21, '2023-11-09', 'Company review', 2),
(775, 9, '2023-11-09', 'Company review', 3),
(776, 76, '2023-11-09', 'Company review', 4),
(777, 74, '2023-11-09', 'Company review', 5),
(778, 29, '2023-11-09', 'Company review', 4),
(779, 81, '2023-11-09', 'Company review', 5),
(780, 85, '2023-11-09', 'Company review', 4),
(781, 83, '2023-11-09', 'Company review', 1),
(782, 13, '2023-11-09', 'Company review', 2),
(783, 90, '2023-11-09', 'Company review', 4),
(784, 12, '2023-11-09', 'Company review', 2),
(785, 99, '2023-11-09', 'Company review', 1),
(786, 82, '2023-11-09', 'Company review', 4),
(787, 75, '2023-11-09', 'Company review', 5),
(788, 96, '2023-11-09', 'Company review', 2),
(789, 44, '2023-11-09', 'Company review', 2),
(790, 68, '2023-11-09', 'Company review', 2),
(791, 2, '2023-11-09', 'Company review', 3),
(792, 12, '2023-11-09', 'Company review', 2),
(793, 18, '2023-11-09', 'Company review', 5),
(794, 23, '2023-11-09', 'Company review', 2),
(795, 71, '2023-11-09', 'Company review', 4),
(796, 58, '2023-11-09', 'Company review', 4),
(797, 66, '2023-11-09', 'Company review', 2),
(798, 24, '2023-11-09', 'Company review', 3),
(799, 50, '2023-11-09', 'Company review', 1),
(800, 46, '2023-11-09', 'Company review', 4),
(801, 17, '2023-11-09', 'Company review', 4),
(802, 3, '2023-11-09', 'Company review', 1),
(803, 3, '2023-11-09', 'Company review', 1),
(804, 16, '2023-11-09', 'Company review', 4),
(805, 71, '2023-11-09', 'Company review', 4),
(806, 25, '2023-11-09', 'Company review', 1),
(807, 17, '2023-11-09', 'Company review', 2),
(808, 94, '2023-11-09', 'Company review', 5),
(809, 54, '2023-11-09', 'Company review', 1),
(810, 69, '2023-11-09', 'Company review', 2),
(811, 30, '2023-11-09', 'Company review', 4),
(812, 50, '2023-11-09', 'Company review', 3),
(813, 81, '2023-11-09', 'Company review', 4),
(814, 98, '2023-11-09', 'Company review', 5),
(815, 31, '2023-11-09', 'Company review', 5),
(816, 4, '2023-11-09', 'Company review', 1),
(817, 86, '2023-11-09', 'Company review', 4),
(818, 11, '2023-11-09', 'Company review', 2),
(819, 20, '2023-11-09', 'Company review', 1),
(820, 79, '2023-11-09', 'Company review', 4),
(821, 22, '2023-11-09', 'Company review', 5),
(822, 11, '2023-11-09', 'Company review', 4),
(823, 6, '2023-11-09', 'Company review', 2),
(824, 8, '2023-11-09', 'Company review', 4),
(825, 87, '2023-11-09', 'Company review', 3),
(826, 88, '2023-11-09', 'Company review', 5),
(827, 90, '2023-11-09', 'Company review', 4),
(828, 28, '2023-11-09', 'Company review', 5),
(829, 9, '2023-11-09', 'Company review', 3),
(830, 15, '2023-11-09', 'Company review', 2),
(831, 97, '2023-11-09', 'Company review', 1),
(832, 25, '2023-11-09', 'Company review', 1),
(833, 95, '2023-11-09', 'Company review', 2),
(834, 91, '2023-11-09', 'Company review', 3),
(835, 73, '2023-11-09', 'Company review', 1),
(836, 73, '2023-11-09', 'Company review', 1),
(837, 37, '2023-11-09', 'Company review', 3),
(838, 36, '2023-11-09', 'Company review', 2),
(839, 53, '2023-11-09', 'Company review', 4),
(840, 86, '2023-11-09', 'Company review', 2),
(841, 71, '2023-11-09', 'Company review', 4),
(842, 78, '2023-11-09', 'Company review', 3),
(843, 43, '2023-11-09', 'Company review', 3),
(844, 5, '2023-11-09', 'Company review', 5),
(845, 13, '2023-11-09', 'Company review', 1),
(846, 89, '2023-11-09', 'Company review', 2),
(847, 82, '2023-11-09', 'Company review', 2),
(848, 61, '2023-11-09', 'Company review', 3),
(849, 20, '2023-11-09', 'Company review', 4),
(850, 29, '2023-11-09', 'Company review', 1),
(851, 67, '2023-11-09', 'Company review', 1),
(852, 23, '2023-11-09', 'Company review', 5),
(853, 27, '2023-11-09', 'Company review', 2),
(854, 13, '2023-11-09', 'Company review', 3),
(855, 89, '2023-11-09', 'Company review', 1),
(856, 92, '2023-11-09', 'Company review', 2),
(857, 53, '2023-11-09', 'Company review', 5),
(858, 78, '2023-11-09', 'Company review', 2),
(859, 3, '2023-11-09', 'Company review', 2),
(860, 40, '2023-11-09', 'Company review', 1),
(861, 30, '2023-11-09', 'Company review', 1),
(862, 6, '2023-11-09', 'Company review', 4),
(863, 34, '2023-11-09', 'Company review', 4),
(864, 99, '2023-11-09', 'Company review', 1),
(865, 91, '2023-11-09', 'Company review', 1),
(866, 41, '2023-11-09', 'Company review', 5),
(867, 56, '2023-11-09', 'Company review', 5),
(868, 5, '2023-11-09', 'Company review', 2),
(869, 71, '2023-11-09', 'Company review', 3),
(870, 11, '2023-11-09', 'Company review', 2),
(871, 70, '2023-11-09', 'Company review', 5),
(872, 35, '2023-11-09', 'Company review', 1),
(873, 24, '2023-11-09', 'Company review', 1),
(874, 38, '2023-11-09', 'Company review', 5),
(875, 13, '2023-11-09', 'Company review', 1),
(876, 88, '2023-11-09', 'Company review', 2),
(877, 68, '2023-11-09', 'Company review', 4),
(878, 99, '2023-11-09', 'Company review', 1),
(879, 70, '2023-11-09', 'Company review', 1),
(880, 43, '2023-11-09', 'Company review', 5),
(881, 88, '2023-11-09', 'Company review', 5),
(882, 91, '2023-11-09', 'Company review', 5),
(883, 36, '2023-11-09', 'Company review', 2),
(884, 63, '2023-11-09', 'Company review', 1),
(885, 79, '2023-11-09', 'Company review', 3),
(886, 35, '2023-11-09', 'Company review', 1),
(887, 55, '2023-11-09', 'Company review', 2),
(888, 31, '2023-11-09', 'Company review', 2),
(889, 91, '2023-11-09', 'Company review', 3),
(890, 53, '2023-11-09', 'Company review', 2),
(891, 96, '2023-11-09', 'Company review', 5),
(892, 57, '2023-11-09', 'Company review', 1),
(893, 12, '2023-11-09', 'Company review', 1),
(894, 16, '2023-11-09', 'Company review', 3),
(895, 86, '2023-11-09', 'Company review', 5),
(896, 8, '2023-11-09', 'Company review', 3),
(897, 65, '2023-11-09', 'Company review', 3),
(898, 64, '2023-11-09', 'Company review', 4),
(899, 38, '2023-11-09', 'Company review', 5),
(900, 46, '2023-11-09', 'Company review', 3),
(901, 31, '2023-11-09', 'Company review', 5),
(902, 74, '2023-11-09', 'Company review', 5),
(903, 29, '2023-11-09', 'Company review', 4),
(904, 75, '2023-11-09', 'Company review', 3),
(905, 71, '2023-11-09', 'Company review', 4),
(906, 69, '2023-11-09', 'Company review', 1),
(907, 73, '2023-11-09', 'Company review', 1),
(908, 75, '2023-11-09', 'Company review', 1),
(909, 68, '2023-11-09', 'Company review', 5),
(910, 10, '2023-11-09', 'Company review', 5),
(911, 69, '2023-11-09', 'Company review', 3),
(912, 30, '2023-11-09', 'Company review', 1),
(913, 35, '2023-11-09', 'Company review', 4),
(914, 5, '2023-11-09', 'Company review', 2),
(915, 66, '2023-11-09', 'Company review', 2),
(916, 13, '2023-11-09', 'Company review', 5),
(917, 53, '2023-11-09', 'Company review', 4),
(918, 87, '2023-11-09', 'Company review', 2),
(919, 78, '2023-11-09', 'Company review', 1),
(920, 99, '2023-11-09', 'Company review', 4),
(921, 88, '2023-11-09', 'Company review', 1),
(922, 81, '2023-11-09', 'Company review', 5),
(923, 56, '2023-11-09', 'Company review', 3),
(924, 39, '2023-11-09', 'Company review', 4),
(925, 26, '2023-11-09', 'Company review', 2),
(926, 42, '2023-11-09', 'Company review', 3),
(927, 73, '2023-11-09', 'Company review', 3),
(928, 14, '2023-11-09', 'Company review', 2),
(929, 97, '2023-11-09', 'Company review', 1),
(930, 38, '2023-11-09', 'Company review', 4),
(931, 32, '2023-11-09', 'Company review', 3),
(932, 61, '2023-11-09', 'Company review', 3),
(933, 69, '2023-11-09', 'Company review', 5),
(934, 64, '2023-11-09', 'Company review', 2),
(935, 93, '2023-11-09', 'Company review', 3),
(936, 7, '2023-11-09', 'Company review', 4),
(937, 86, '2023-11-09', 'Company review', 3),
(938, 76, '2023-11-09', 'Company review', 2),
(939, 67, '2023-11-09', 'Company review', 1),
(940, 93, '2023-11-09', 'Company review', 1),
(941, 62, '2023-11-09', 'Company review', 5),
(942, 50, '2023-11-09', 'Company review', 5),
(943, 80, '2023-11-09', 'Company review', 3),
(944, 76, '2023-11-09', 'Company review', 3),
(945, 36, '2023-11-09', 'Company review', 1),
(946, 91, '2023-11-09', 'Company review', 5),
(947, 23, '2023-11-09', 'Company review', 1),
(948, 95, '2023-11-09', 'Company review', 3),
(949, 18, '2023-11-09', 'Company review', 4),
(950, 81, '2023-11-09', 'Company review', 1),
(951, 90, '2023-11-09', 'Company review', 2),
(952, 75, '2023-11-09', 'Company review', 5),
(953, 21, '2023-11-09', 'Company review', 2),
(954, 18, '2023-11-09', 'Company review', 5),
(955, 50, '2023-11-09', 'Company review', 1),
(956, 93, '2023-11-09', 'Company review', 3),
(957, 28, '2023-11-09', 'Company review', 1),
(958, 90, '2023-11-09', 'Company review', 1),
(959, 74, '2023-11-09', 'Company review', 3),
(960, 90, '2023-11-09', 'Company review', 2),
(961, 52, '2023-11-09', 'Company review', 5),
(962, 80, '2023-11-09', 'Company review', 3),
(963, 63, '2023-11-09', 'Company review', 5),
(964, 65, '2023-11-09', 'Company review', 3),
(965, 64, '2023-11-09', 'Company review', 4),
(966, 41, '2023-11-09', 'Company review', 1),
(967, 90, '2023-11-09', 'Company review', 3),
(968, 45, '2023-11-09', 'Company review', 5),
(969, 36, '2023-11-09', 'Company review', 5),
(970, 81, '2023-11-09', 'Company review', 1),
(971, 30, '2023-11-09', 'Company review', 1),
(972, 29, '2023-11-09', 'Company review', 2),
(973, 74, '2023-11-09', 'Company review', 4),
(974, 45, '2023-11-09', 'Company review', 1),
(975, 87, '2023-11-09', 'Company review', 2),
(976, 64, '2023-11-09', 'Company review', 3),
(977, 25, '2023-11-09', 'Company review', 5),
(978, 88, '2023-11-09', 'Company review', 4),
(979, 51, '2023-11-09', 'Company review', 4),
(980, 84, '2023-11-09', 'Company review', 1),
(981, 36, '2023-11-09', 'Company review', 2),
(982, 21, '2023-11-09', 'Company review', 2),
(983, 69, '2023-11-09', 'Company review', 4),
(984, 27, '2023-11-09', 'Company review', 2),
(985, 93, '2023-11-09', 'Company review', 4),
(986, 41, '2023-11-09', 'Company review', 1),
(987, 28, '2023-11-09', 'Company review', 1),
(988, 66, '2023-11-09', 'Company review', 1),
(989, 5, '2023-11-09', 'Company review', 2),
(990, 92, '2023-11-09', 'Company review', 5),
(991, 15, '2023-11-09', 'Company review', 4),
(992, 44, '2023-11-09', 'Company review', 5),
(993, 2, '2023-11-09', 'Company review', 3),
(994, 26, '2023-11-09', 'Company review', 5),
(995, 74, '2023-11-09', 'Company review', 1),
(996, 90, '2023-11-09', 'Company review', 3),
(997, 51, '2023-11-09', 'Company review', 2),
(998, 60, '2023-11-09', 'Company review', 2),
(999, 86, '2023-11-09', 'Company review', 2),
(1000, 3, '2023-11-09', 'Company review', 1);

-- --------------------------------------------------------

--
-- Table structure for table `contact_infomation`
--

CREATE TABLE `contact_infomation` (
  `id` int(11) NOT NULL,
  `employee_id` int(11) NOT NULL,
  `phone_number` varchar(10) NOT NULL,
  `email` varchar(255) NOT NULL,
  `location` text NOT NULL
) ENGINE=InnoDB DEFAULT CHARSET=utf8mb4 COLLATE=utf8mb4_general_ci;

--
-- Dumping data for table `contact_infomation`
--

INSERT INTO `contact_infomation` (`id`, `employee_id`, `phone_number`, `email`, `location`) VALUES
(1, 1, '05396684', 'employee1@company.com', 'Location 5'),
(2, 2, '0558299816', 'employee2@company.com', 'Location 1'),
(3, 3, '0559126632', 'employee3@company.com', 'Location 4'),
(4, 4, '0598707949', 'employee4@company.com', 'Location 1'),
(5, 5, '0343311619', 'employee5@company.com', 'Location 4'),
(6, 6, '0134549499', 'employee6@company.com', 'Location 4'),
(7, 7, '0466636195', 'employee7@company.com', 'Location 1'),
(8, 8, '0655142490', 'employee8@company.com', 'Location 2'),
(9, 9, '0247981837', 'employee9@company.com', 'Location 3'),
(10, 10, '0815372770', 'employee10@company.com', 'Location 3'),
(11, 11, '0260246380', 'employee11@company.com', 'Location 4'),
(12, 12, '0606326571', 'employee12@company.com', 'Location 5'),
(13, 13, '0177987707', 'employee13@company.com', 'Location 5'),
(14, 14, '0924827568', 'employee14@company.com', 'Location 5'),
(15, 15, '0969834708', 'employee15@company.com', 'Location 1'),
(16, 16, '0103411626', 'employee16@company.com', 'Location 3'),
(17, 17, '0236308796', 'employee17@company.com', 'Location 4'),
(18, 18, '0559162775', 'employee18@company.com', 'Location 5'),
(19, 19, '0497313843', 'employee19@company.com', 'Location 5'),
(20, 20, '0416498324', 'employee20@company.com', 'Location 1'),
(21, 21, '0437643845', 'employee21@company.com', 'Location 4'),
(22, 22, '0566748431', 'employee22@company.com', 'Location 3'),
(23, 23, '0829425860', 'employee23@company.com', 'Location 4'),
(24, 24, '0658355751', 'employee24@company.com', 'Location 3'),
(25, 25, '043926809', 'employee25@company.com', 'Location 1'),
(26, 26, '0909407900', 'employee26@company.com', 'Location 3'),
(27, 27, '0883409097', 'employee27@company.com', 'Location 5'),
(28, 28, '0600102027', 'employee28@company.com', 'Location 3'),
(29, 29, '0451256920', 'employee29@company.com', 'Location 5'),
(30, 30, '0172963510', 'employee30@company.com', 'Location 1'),
(31, 31, '0224994694', 'employee31@company.com', 'Location 4'),
(32, 32, '0718227870', 'employee32@company.com', 'Location 3'),
(33, 33, '0621377569', 'employee33@company.com', 'Location 3'),
(34, 34, '0342123258', 'employee34@company.com', 'Location 2'),
(35, 35, '0907944059', 'employee35@company.com', 'Location 2'),
(36, 36, '0171828089', 'employee36@company.com', 'Location 4'),
(37, 37, '093237437', 'employee37@company.com', 'Location 2'),
(38, 38, '0225058782', 'employee38@company.com', 'Location 2'),
(39, 39, '0436980200', 'employee39@company.com', 'Location 3'),
(40, 40, '0277095045', 'employee40@company.com', 'Location 5'),
(41, 41, '0331984332', 'employee41@company.com', 'Location 1'),
(42, 42, '0813847180', 'employee42@company.com', 'Location 3'),
(43, 43, '0475237712', 'employee43@company.com', 'Location 4'),
(44, 44, '0704892195', 'employee44@company.com', 'Location 4'),
(45, 45, '0115812576', 'employee45@company.com', 'Location 4'),
(46, 46, '0856409470', 'employee46@company.com', 'Location 2'),
(47, 47, '0229467026', 'employee47@company.com', 'Location 1'),
(48, 48, '0652188540', 'employee48@company.com', 'Location 1'),
(49, 49, '0326379303', 'employee49@company.com', 'Location 3'),
(50, 50, '0331510176', 'employee50@company.com', 'Location 2'),
(51, 51, '0361279896', 'employee51@company.com', 'Location 5'),
(52, 52, '0880726729', 'employee52@company.com', 'Location 3'),
(53, 53, '0482289064', 'employee53@company.com', 'Location 1'),
(54, 54, '0236951931', 'employee54@company.com', 'Location 4'),
(55, 55, '0161485399', 'employee55@company.com', 'Location 3'),
(56, 56, '0935655478', 'employee56@company.com', 'Location 2'),
(57, 57, '0324085771', 'employee57@company.com', 'Location 5'),
(58, 58, '0736730628', 'employee58@company.com', 'Location 5'),
(59, 59, '081110273', 'employee59@company.com', 'Location 5'),
(60, 60, '0910519818', 'employee60@company.com', 'Location 1'),
(61, 61, '0569884369', 'employee61@company.com', 'Location 4'),
(62, 62, '0633124932', 'employee62@company.com', 'Location 1'),
(63, 63, '0900414663', 'employee63@company.com', 'Location 1'),
(64, 64, '0409754488', 'employee64@company.com', 'Location 5'),
(65, 65, '0681603580', 'employee65@company.com', 'Location 3'),
(66, 66, '0262677911', 'employee66@company.com', 'Location 5'),
(67, 67, '0856448379', 'employee67@company.com', 'Location 3'),
(68, 68, '0908418274', 'employee68@company.com', 'Location 1'),
(69, 69, '0551912077', 'employee69@company.com', 'Location 3'),
(70, 70, '0310565275', 'employee70@company.com', 'Location 4'),
(71, 71, '0933531814', 'employee71@company.com', 'Location 2'),
(72, 72, '0942017267', 'employee72@company.com', 'Location 4'),
(73, 73, '0496542029', 'employee73@company.com', 'Location 3'),
(74, 74, '0956143431', 'employee74@company.com', 'Location 2'),
(75, 75, '0697847205', 'employee75@company.com', 'Location 3'),
(76, 76, '0653806306', 'employee76@company.com', 'Location 4'),
(77, 77, '0141695239', 'employee77@company.com', 'Location 5'),
(78, 78, '0807953076', 'employee78@company.com', 'Location 3'),
(79, 79, '075851568', 'employee79@company.com', 'Location 5'),
(80, 80, '0169602384', 'employee80@company.com', 'Location 2'),
(81, 81, '0539781460', 'employee81@company.com', 'Location 1'),
(82, 82, '0729426562', 'employee82@company.com', 'Location 3'),
(83, 83, '01071823', 'employee83@company.com', 'Location 4'),
(84, 84, '0455525865', 'employee84@company.com', 'Location 2'),
(85, 85, '0645345302', 'employee85@company.com', 'Location 4'),
(86, 86, '0161828244', 'employee86@company.com', 'Location 5'),
(87, 87, '0266629191', 'employee87@company.com', 'Location 3'),
(88, 88, '0609500714', 'employee88@company.com', 'Location 4'),
(89, 89, '0180851124', 'employee89@company.com', 'Location 1'),
(90, 90, '0950665212', 'employee90@company.com', 'Location 3'),
(91, 91, '0434979188', 'employee91@company.com', 'Location 5'),
(92, 92, '0708617951', 'employee92@company.com', 'Location 1'),
(93, 93, '0548928656', 'employee93@company.com', 'Location 2'),
(94, 94, '052083181', 'employee94@company.com', 'Location 2'),
(95, 95, '049222814', 'employee95@company.com', 'Location 3'),
(96, 96, '0466485128', 'employee96@company.com', 'Location 4'),
(97, 97, '0420212379', 'employee97@company.com', 'Location 5'),
(98, 98, '0785669325', 'employee98@company.com', 'Location 3'),
(99, 99, '0145806051', 'employee99@company.com', 'Location 2'),
(100, 100, '0699291332', 'employee100@company.com', 'Location 5');

-- --------------------------------------------------------

--
-- Table structure for table `contracts`
--

CREATE TABLE `contracts` (
  `id` int(11) NOT NULL,
  `employee_id` int(11) NOT NULL,
  `contract_type` varchar(255) NOT NULL,
  `content` text NOT NULL,
  `start_date` date NOT NULL,
  `end_date` date NOT NULL
) ENGINE=InnoDB DEFAULT CHARSET=utf8mb4 COLLATE=utf8mb4_general_ci;

--
-- Dumping data for table `contracts`
--

INSERT INTO `contracts` (`id`, `employee_id`, `contract_type`, `content`, `start_date`, `end_date`) VALUES
(1, 1, 'Full-time', 'Contract content', '2019-01-01', '2017-01-01'),
(2, 2, 'Full-time', 'Contract content', '2019-01-01', '2016-01-01'),
(3, 3, 'Full-time', 'Contract content', '2012-01-01', '2016-01-01'),
(4, 4, 'Intern', 'Contract content', '2014-01-01', '2013-01-01'),
(5, 5, 'Full-time', 'Contract content', '2017-01-01', '2017-01-01'),
(6, 6, 'Full-time', 'Contract content', '2010-01-01', '2016-01-01'),
(7, 7, 'Full-time', 'Contract content', '2019-01-01', '2017-01-01'),
(8, 8, 'Intern', 'Contract content', '2018-01-01', '2012-01-01'),
(9, 9, 'Part-time', 'Contract content', '2017-01-01', '2015-01-01'),
(10, 10, 'Part-time', 'Contract content', '2018-01-01', '2011-01-01'),
(11, 11, 'Full-time', 'Contract content', '2019-01-01', '2019-01-01'),
(12, 12, 'Part-time', 'Contract content', '2014-01-01', '2018-01-01'),
(13, 13, 'Full-time', 'Contract content', '2013-01-01', '2017-01-01'),
(14, 14, 'Intern', 'Contract content', '2015-01-01', '2013-01-01'),
(15, 15, 'Intern', 'Contract content', '2015-01-01', '2019-01-01'),
(16, 16, 'Full-time', 'Contract content', '2012-01-01', '2012-01-01'),
(17, 17, 'Part-time', 'Contract content', '2012-01-01', '2010-01-01'),
(18, 18, 'Full-time', 'Contract content', '2014-01-01', '2012-01-01'),
(19, 19, 'Part-time', 'Contract content', '2014-01-01', '2012-01-01'),
(20, 20, 'Part-time', 'Contract content', '2013-01-01', '2016-01-01'),
(21, 21, 'Full-time', 'Contract content', '2012-01-01', '2013-01-01'),
(22, 22, 'Full-time', 'Contract content', '2011-01-01', '2017-01-01'),
(23, 23, 'Full-time', 'Contract content', '2016-01-01', '2016-01-01'),
(24, 24, 'Full-time', 'Contract content', '2019-01-01', '2011-01-01'),
(25, 25, 'Full-time', 'Contract content', '2014-01-01', '2014-01-01'),
(26, 26, 'Part-time', 'Contract content', '2014-01-01', '2014-01-01'),
(27, 27, 'Full-time', 'Contract content', '2019-01-01', '2016-01-01'),
(28, 28, 'Full-time', 'Contract content', '2012-01-01', '2014-01-01'),
(29, 29, 'Full-time', 'Contract content', '2017-01-01', '2016-01-01'),
(30, 30, 'Full-time', 'Contract content', '2012-01-01', '2019-01-01'),
(31, 31, 'Full-time', 'Contract content', '2019-01-01', '2013-01-01'),
(32, 32, 'Full-time', 'Contract content', '2019-01-01', '2016-01-01'),
(33, 33, 'Part-time', 'Contract content', '2012-01-01', '2016-01-01'),
(34, 34, 'Full-time', 'Contract content', '2013-01-01', '2015-01-01'),
(35, 35, 'Part-time', 'Contract content', '2012-01-01', '2015-01-01'),
(36, 36, 'Part-time', 'Contract content', '2012-01-01', '2016-01-01'),
(37, 37, 'Part-time', 'Contract content', '2015-01-01', '2019-01-01'),
(38, 38, 'Intern', 'Contract content', '2013-01-01', '2012-01-01'),
(39, 39, 'Full-time', 'Contract content', '2018-01-01', '2011-01-01'),
(40, 40, 'Full-time', 'Contract content', '2014-01-01', '2011-01-01'),
(41, 41, 'Full-time', 'Contract content', '2010-01-01', '2011-01-01'),
(42, 42, 'Part-time', 'Contract content', '2018-01-01', '2018-01-01'),
(43, 43, 'Part-time', 'Contract content', '2012-01-01', '2011-01-01'),
(44, 44, 'Part-time', 'Contract content', '2018-01-01', '2012-01-01'),
(45, 45, 'Intern', 'Contract content', '2019-01-01', '2018-01-01'),
(46, 46, 'Part-time', 'Contract content', '2019-01-01', '2015-01-01'),
(47, 47, 'Full-time', 'Contract content', '2014-01-01', '2013-01-01'),
(48, 48, 'Full-time', 'Contract content', '2016-01-01', '2014-01-01'),
(49, 49, 'Part-time', 'Contract content', '2010-01-01', '2010-01-01'),
(50, 50, 'Full-time', 'Contract content', '2019-01-01', '2011-01-01'),
(51, 51, 'Part-time', 'Contract content', '2017-01-01', '2014-01-01'),
(52, 52, 'Full-time', 'Contract content', '2014-01-01', '2014-01-01'),
(53, 53, 'Full-time', 'Contract content', '2018-01-01', '2016-01-01'),
(54, 54, 'Full-time', 'Contract content', '2012-01-01', '2010-01-01'),
(55, 55, 'Part-time', 'Contract content', '2010-01-01', '2010-01-01'),
(56, 56, 'Full-time', 'Contract content', '2017-01-01', '2010-01-01'),
(57, 57, 'Full-time', 'Contract content', '2017-01-01', '2011-01-01'),
(58, 58, 'Full-time', 'Contract content', '2017-01-01', '2015-01-01'),
(59, 59, 'Full-time', 'Contract content', '2019-01-01', '2018-01-01'),
(60, 60, 'Full-time', 'Contract content', '2016-01-01', '2013-01-01'),
(61, 61, 'Full-time', 'Contract content', '2016-01-01', '2016-01-01'),
(62, 62, 'Part-time', 'Contract content', '2019-01-01', '2013-01-01'),
(63, 63, 'Part-time', 'Contract content', '2019-01-01', '2017-01-01'),
(64, 64, 'Part-time', 'Contract content', '2015-01-01', '2012-01-01'),
(65, 65, 'Part-time', 'Contract content', '2010-01-01', '2015-01-01'),
(66, 66, 'Part-time', 'Contract content', '2019-01-01', '2014-01-01'),
(67, 67, 'Part-time', 'Contract content', '2013-01-01', '2017-01-01'),
(68, 68, 'Part-time', 'Contract content', '2011-01-01', '2013-01-01'),
(69, 69, 'Full-time', 'Contract content', '2015-01-01', '2013-01-01'),
(70, 70, 'Full-time', 'Contract content', '2011-01-01', '2017-01-01'),
(71, 71, 'Full-time', 'Contract content', '2018-01-01', '2010-01-01'),
(72, 72, 'Part-time', 'Contract content', '2014-01-01', '2017-01-01'),
(73, 73, 'Full-time', 'Contract content', '2014-01-01', '2010-01-01'),
(74, 74, 'Full-time', 'Contract content', '2013-01-01', '2013-01-01'),
(75, 75, 'Part-time', 'Contract content', '2011-01-01', '2012-01-01'),
(76, 76, 'Part-time', 'Contract content', '2014-01-01', '2016-01-01'),
(77, 77, 'Full-time', 'Contract content', '2017-01-01', '2012-01-01'),
(78, 78, 'Full-time', 'Contract content', '2017-01-01', '2015-01-01'),
(79, 79, 'Full-time', 'Contract content', '2014-01-01', '2011-01-01'),
(80, 80, 'Full-time', 'Contract content', '2012-01-01', '2011-01-01'),
(81, 81, 'Part-time', 'Contract content', '2014-01-01', '2016-01-01'),
(82, 82, 'Part-time', 'Contract content', '2012-01-01', '2014-01-01'),
(83, 83, 'Part-time', 'Contract content', '2012-01-01', '2010-01-01'),
(84, 84, 'Intern', 'Contract content', '2013-01-01', '2012-01-01'),
(85, 85, 'Full-time', 'Contract content', '2016-01-01', '2013-01-01'),
(86, 86, 'Part-time', 'Contract content', '2015-01-01', '2014-01-01'),
(87, 87, 'Full-time', 'Contract content', '2010-01-01', '2019-01-01'),
(88, 88, 'Full-time', 'Contract content', '2010-01-01', '2013-01-01'),
(89, 89, 'Full-time', 'Contract content', '2016-01-01', '2015-01-01'),
(90, 90, 'Full-time', 'Contract content', '2016-01-01', '2011-01-01'),
(91, 91, 'Full-time', 'Contract content', '2011-01-01', '2012-01-01'),
(92, 92, 'Part-time', 'Contract content', '2015-01-01', '2014-01-01'),
(93, 93, 'Part-time', 'Contract content', '2016-01-01', '2010-01-01'),
(94, 94, 'Full-time', 'Contract content', '2015-01-01', '2018-01-01'),
(95, 95, 'Intern', 'Contract content', '2011-01-01', '2012-01-01'),
(96, 96, 'Intern', 'Contract content', '2015-01-01', '2019-01-01'),
(97, 97, 'Full-time', 'Contract content', '2019-01-01', '2011-01-01'),
(98, 98, 'Part-time', 'Contract content', '2011-01-01', '2016-01-01'),
(99, 99, 'Intern', 'Contract content', '2012-01-01', '2016-01-01'),
(100, 100, 'Full-time', 'Contract content', '2015-01-01', '2017-01-01');

-- --------------------------------------------------------

--
-- Table structure for table `departments`
--

CREATE TABLE `departments` (
  `id` int(11) NOT NULL,
  `name` varchar(255) NOT NULL,
  `manager_id` int(11) DEFAULT 0,
  `description` text NOT NULL
) ENGINE=InnoDB DEFAULT CHARSET=utf8mb4 COLLATE=utf8mb4_general_ci;

--
-- Dumping data for table `departments`
--

INSERT INTO `departments` (`id`, `name`, `manager_id`, `description`) VALUES
(1, 'K thut', 0, 'Phng ban K thut chu trch nhim pht trin v duy tr sn phm cng ngh ca cng ty. Cc nhm trong phng ban ny chuyn v vic pht trin phn mm, nghin cu v pht trin sn phm, thit k sn phm, v qun l d n. Nhim v ca phng ban ny l m bo sn phm cng ngh ca cng ty lun n nh, ci tin v p ng nhu cu ca khch hng.'),
(2, 'Kinh doanh', 0, 'Phng ban Kinh doanh chu trch nhim pht trin chin lc kinh doanh, tip th sn phm v dch v, qun l quan h khch hng, v m bo cng ty t c li nhun v tng trng. Nhim v ca h l to c hi kinh doanh, tm kim khch hng mi, v duy tr mi quan h vi khch hng hin ti.'),
(3, 'Ti chnh', 0, 'Phng ban Ti chnh qun l ti chnh v ngun vn ca cng ty. H thc hin k ton, qun l ngun vn, thu thu, v qun l ngn sch. Nhim v chnh l m bo cng ty duy tr tnh hnh ti chnh n nh v tng trng bn vng.'),
(4, 'Qun l sn phm', 0, 'Phng ban Qun l sn phm c nhim v nh hnh v qun l sn phm hoc dch v ca cng ty  p ng nhu cu ca khch hng v chin lc kinh doanh. H thng l cu ni gia phng K thut v Kinh doanh.'),
(5, 'H tr khch hng', 0, 'Phng ban H tr khch hng chu trch nhim cung cp dch v h tr v gii quyt vn  cho khch hng. H m bo khch hng nhn c s h tr v gip  khi cn.'),
(6, 'Ti nguyn nhn s', 0, 'Phng ban Ti nguyn nhn s qun l cc vn  lin quan n nhn vin, bao gm tuyn dng, o to, qun l mi quan h lao ng, v ch  phc li.'),
(7, 'Lut php v Bo mt', 0, 'Phng ban Lut php v Bo mt m bo cng ty tun th tt c cc quy nh php l v bo v thng tin quan trng ca cng ty.'),
(8, 'Qun l d n', 0, 'Phng ban Qun l d n qun l vic thc hin v tin  cc d n c th trong cng ty, m bo chng c trin khai mt cch hiu qu v ng hn.');

-- --------------------------------------------------------

--
-- Table structure for table `department_reviews`
--

CREATE TABLE `department_reviews` (
  `id` int(11) NOT NULL,
  `department_id` int(11) NOT NULL,
  `reviewer_id` int(11) NOT NULL,
  `review_date` date NOT NULL,
  `review` text NOT NULL,
  `score` int(11) NOT NULL
) ENGINE=InnoDB DEFAULT CHARSET=utf8mb4 COLLATE=utf8mb4_general_ci;

--
-- Dumping data for table `department_reviews`
--

INSERT INTO `department_reviews` (`id`, `department_id`, `reviewer_id`, `review_date`, `review`, `score`) VALUES
(1, 7, 4, '2023-11-09', 'Department review', 4),
(2, 6, 94, '2023-11-09', 'Department review', 5),
(3, 2, 71, '2023-11-09', 'Department review', 5),
(4, 3, 74, '2023-11-09', 'Department review', 5),
(5, 1, 66, '2023-11-09', 'Department review', 1),
(6, 8, 24, '2023-11-09', 'Department review', 2),
(7, 7, 12, '2023-11-09', 'Department review', 1),
(8, 5, 1, '2023-11-09', 'Department review', 3),
(9, 6, 62, '2023-11-09', 'Department review', 1),
(10, 8, 3, '2023-11-09', 'Department review', 3),
(11, 2, 70, '2023-11-09', 'Department review', 5),
(12, 2, 40, '2023-11-09', 'Department review', 3),
(13, 8, 26, '2023-11-09', 'Department review', 3),
(14, 1, 45, '2023-11-09', 'Department review', 1),
(15, 4, 93, '2023-11-09', 'Department review', 1),
(16, 2, 34, '2023-11-09', 'Department review', 1),
(17, 5, 60, '2023-11-09', 'Department review', 2),
(18, 4, 21, '2023-11-09', 'Department review', 5),
(19, 6, 13, '2023-11-09', 'Department review', 2),
(20, 5, 42, '2023-11-09', 'Department review', 3),
(21, 5, 20, '2023-11-09', 'Department review', 2),
(22, 5, 7, '2023-11-09', 'Department review', 4),
(23, 3, 22, '2023-11-09', 'Department review', 2),
(24, 7, 45, '2023-11-09', 'Department review', 4),
(25, 7, 2, '2023-11-09', 'Department review', 4),
(26, 6, 10, '2023-11-09', 'Department review', 3),
(27, 2, 21, '2023-11-09', 'Department review', 4),
(28, 6, 25, '2023-11-09', 'Department review', 2),
(29, 7, 2, '2023-11-09', 'Department review', 4),
(30, 5, 56, '2023-11-09', 'Department review', 1),
(31, 2, 36, '2023-11-09', 'Department review', 2),
(32, 3, 53, '2023-11-09', 'Department review', 5),
(33, 6, 98, '2023-11-09', 'Department review', 5),
(34, 1, 79, '2023-11-09', 'Department review', 5),
(35, 7, 52, '2023-11-09', 'Department review', 1),
(36, 3, 88, '2023-11-09', 'Department review', 4),
(37, 4, 10, '2023-11-09', 'Department review', 2),
(38, 3, 84, '2023-11-09', 'Department review', 1),
(39, 8, 45, '2023-11-09', 'Department review', 3),
(40, 6, 18, '2023-11-09', 'Department review', 5),
(41, 7, 34, '2023-11-09', 'Department review', 2),
(42, 6, 17, '2023-11-09', 'Department review', 5),
(43, 3, 60, '2023-11-09', 'Department review', 1),
(44, 7, 54, '2023-11-09', 'Department review', 2),
(45, 3, 27, '2023-11-09', 'Department review', 3),
(46, 5, 32, '2023-11-09', 'Department review', 5),
(47, 8, 72, '2023-11-09', 'Department review', 5),
(48, 8, 4, '2023-11-09', 'Department review', 3),
(49, 4, 61, '2023-11-09', 'Department review', 4),
(50, 1, 20, '2023-11-09', 'Department review', 4),
(51, 5, 86, '2023-11-09', 'Department review', 4),
(52, 7, 8, '2023-11-09', 'Department review', 5),
(53, 3, 83, '2023-11-09', 'Department review', 2),
(54, 6, 57, '2023-11-09', 'Department review', 5),
(55, 7, 22, '2023-11-09', 'Department review', 4),
(56, 1, 96, '2023-11-09', 'Department review', 4),
(57, 7, 63, '2023-11-09', 'Department review', 5),
(58, 4, 67, '2023-11-09', 'Department review', 5),
(59, 8, 68, '2023-11-09', 'Department review', 3),
(60, 8, 98, '2023-11-09', 'Department review', 1),
(61, 3, 16, '2023-11-09', 'Department review', 1),
(62, 6, 44, '2023-11-09', 'Department review', 1),
(63, 8, 63, '2023-11-09', 'Department review', 2),
(64, 4, 46, '2023-11-09', 'Department review', 5),
(65, 2, 42, '2023-11-09', 'Department review', 2),
(66, 6, 10, '2023-11-09', 'Department review', 3),
(67, 3, 10, '2023-11-09', 'Department review', 3),
(68, 2, 20, '2023-11-09', 'Department review', 4),
(69, 4, 48, '2023-11-09', 'Department review', 1),
(70, 5, 83, '2023-11-09', 'Department review', 3),
(71, 7, 80, '2023-11-09', 'Department review', 3),
(72, 1, 98, '2023-11-09', 'Department review', 4),
(73, 1, 75, '2023-11-09', 'Department review', 3),
(74, 7, 87, '2023-11-09', 'Department review', 5),
(75, 7, 35, '2023-11-09', 'Department review', 2),
(76, 6, 13, '2023-11-09', 'Department review', 4),
(77, 4, 3, '2023-11-09', 'Department review', 4),
(78, 5, 60, '2023-11-09', 'Department review', 2),
(79, 7, 27, '2023-11-09', 'Department review', 4),
(80, 2, 39, '2023-11-09', 'Department review', 3),
(81, 2, 48, '2023-11-09', 'Department review', 5),
(82, 7, 77, '2023-11-09', 'Department review', 2),
(83, 8, 97, '2023-11-09', 'Department review', 1),
(84, 3, 39, '2023-11-09', 'Department review', 1),
(85, 8, 51, '2023-11-09', 'Department review', 5),
(86, 6, 63, '2023-11-09', 'Department review', 2),
(87, 4, 49, '2023-11-09', 'Department review', 1),
(88, 7, 86, '2023-11-09', 'Department review', 5),
(89, 8, 1, '2023-11-09', 'Department review', 1),
(90, 8, 12, '2023-11-09', 'Department review', 4),
(91, 5, 33, '2023-11-09', 'Department review', 1),
(92, 3, 34, '2023-11-09', 'Department review', 4),
(93, 8, 43, '2023-11-09', 'Department review', 2),
(94, 8, 83, '2023-11-09', 'Department review', 3),
(95, 6, 96, '2023-11-09', 'Department review', 5),
(96, 5, 2, '2023-11-09', 'Department review', 3),
(97, 3, 35, '2023-11-09', 'Department review', 4),
(98, 2, 20, '2023-11-09', 'Department review', 2),
(99, 7, 30, '2023-11-09', 'Department review', 5),
(100, 1, 29, '2023-11-09', 'Department review', 2),
(101, 6, 47, '2023-11-09', 'Department review', 2),
(102, 1, 49, '2023-11-09', 'Department review', 2),
(103, 5, 23, '2023-11-09', 'Department review', 3),
(104, 4, 76, '2023-11-09', 'Department review', 3),
(105, 6, 65, '2023-11-09', 'Department review', 2),
(106, 1, 91, '2023-11-09', 'Department review', 2),
(107, 3, 7, '2023-11-09', 'Department review', 2),
(108, 4, 8, '2023-11-09', 'Department review', 1),
(109, 5, 33, '2023-11-09', 'Department review', 5),
(110, 7, 4, '2023-11-09', 'Department review', 5),
(111, 2, 21, '2023-11-09', 'Department review', 3),
(112, 2, 42, '2023-11-09', 'Department review', 3),
(113, 7, 87, '2023-11-09', 'Department review', 5),
(114, 7, 64, '2023-11-09', 'Department review', 4),
(115, 1, 60, '2023-11-09', 'Department review', 4),
(116, 1, 89, '2023-11-09', 'Department review', 2),
(117, 2, 63, '2023-11-09', 'Department review', 4),
(118, 6, 46, '2023-11-09', 'Department review', 1),
(119, 2, 52, '2023-11-09', 'Department review', 1),
(120, 8, 24, '2023-11-09', 'Department review', 3),
(121, 6, 77, '2023-11-09', 'Department review', 5),
(122, 4, 52, '2023-11-09', 'Department review', 1),
(123, 2, 41, '2023-11-09', 'Department review', 3),
(124, 5, 94, '2023-11-09', 'Department review', 1),
(125, 8, 43, '2023-11-09', 'Department review', 1),
(126, 6, 78, '2023-11-09', 'Department review', 5),
(127, 1, 66, '2023-11-09', 'Department review', 1),
(128, 6, 23, '2023-11-09', 'Department review', 5),
(129, 8, 98, '2023-11-09', 'Department review', 1),
(130, 3, 52, '2023-11-09', 'Department review', 3),
(131, 3, 75, '2023-11-09', 'Department review', 5),
(132, 2, 26, '2023-11-09', 'Department review', 4),
(133, 8, 36, '2023-11-09', 'Department review', 1),
(134, 2, 97, '2023-11-09', 'Department review', 1),
(135, 8, 96, '2023-11-09', 'Department review', 1),
(136, 8, 92, '2023-11-09', 'Department review', 1),
(137, 2, 11, '2023-11-09', 'Department review', 5),
(138, 8, 37, '2023-11-09', 'Department review', 5),
(139, 3, 76, '2023-11-09', 'Department review', 5),
(140, 6, 32, '2023-11-09', 'Department review', 4),
(141, 2, 14, '2023-11-09', 'Department review', 1),
(142, 7, 97, '2023-11-09', 'Department review', 3),
(143, 1, 27, '2023-11-09', 'Department review', 1),
(144, 5, 50, '2023-11-09', 'Department review', 5),
(145, 7, 45, '2023-11-09', 'Department review', 5),
(146, 7, 79, '2023-11-09', 'Department review', 2),
(147, 5, 59, '2023-11-09', 'Department review', 2),
(148, 6, 48, '2023-11-09', 'Department review', 3),
(149, 5, 83, '2023-11-09', 'Department review', 2),
(150, 2, 69, '2023-11-09', 'Department review', 1),
(151, 2, 59, '2023-11-09', 'Department review', 3),
(152, 7, 52, '2023-11-09', 'Department review', 1),
(153, 3, 86, '2023-11-09', 'Department review', 3),
(154, 8, 99, '2023-11-09', 'Department review', 2),
(155, 3, 88, '2023-11-09', 'Department review', 3),
(156, 4, 93, '2023-11-09', 'Department review', 2),
(157, 1, 11, '2023-11-09', 'Department review', 3),
(158, 6, 36, '2023-11-09', 'Department review', 4),
(159, 2, 11, '2023-11-09', 'Department review', 5),
(160, 1, 46, '2023-11-09', 'Department review', 2),
(161, 7, 62, '2023-11-09', 'Department review', 3),
(162, 5, 20, '2023-11-09', 'Department review', 3),
(163, 4, 94, '2023-11-09', 'Department review', 3),
(164, 4, 58, '2023-11-09', 'Department review', 4),
(165, 8, 52, '2023-11-09', 'Department review', 4),
(166, 3, 12, '2023-11-09', 'Department review', 4),
(167, 3, 18, '2023-11-09', 'Department review', 1),
(168, 8, 37, '2023-11-09', 'Department review', 1),
(169, 1, 38, '2023-11-09', 'Department review', 3),
(170, 7, 20, '2023-11-09', 'Department review', 3),
(171, 4, 23, '2023-11-09', 'Department review', 5),
(172, 8, 67, '2023-11-09', 'Department review', 4),
(173, 5, 86, '2023-11-09', 'Department review', 3),
(174, 8, 1, '2023-11-09', 'Department review', 2),
(175, 6, 41, '2023-11-09', 'Department review', 5),
(176, 5, 11, '2023-11-09', 'Department review', 4),
(177, 3, 37, '2023-11-09', 'Department review', 5),
(178, 4, 71, '2023-11-09', 'Department review', 1),
(179, 2, 75, '2023-11-09', 'Department review', 1),
(180, 6, 7, '2023-11-09', 'Department review', 1),
(181, 4, 92, '2023-11-09', 'Department review', 2),
(182, 3, 5, '2023-11-09', 'Department review', 2),
(183, 8, 87, '2023-11-09', 'Department review', 4),
(184, 6, 39, '2023-11-09', 'Department review', 5),
(185, 5, 94, '2023-11-09', 'Department review', 1),
(186, 4, 77, '2023-11-09', 'Department review', 4),
(187, 3, 19, '2023-11-09', 'Department review', 1),
(188, 2, 50, '2023-11-09', 'Department review', 5),
(189, 1, 51, '2023-11-09', 'Department review', 2),
(190, 4, 17, '2023-11-09', 'Department review', 3),
(191, 5, 72, '2023-11-09', 'Department review', 5),
(192, 1, 52, '2023-11-09', 'Department review', 3),
(193, 4, 16, '2023-11-09', 'Department review', 4),
(194, 6, 45, '2023-11-09', 'Department review', 2),
(195, 8, 92, '2023-11-09', 'Department review', 5),
(196, 3, 14, '2023-11-09', 'Department review', 4),
(197, 2, 92, '2023-11-09', 'Department review', 5),
(198, 8, 5, '2023-11-09', 'Department review', 2),
(199, 4, 10, '2023-11-09', 'Department review', 2),
(200, 8, 20, '2023-11-09', 'Department review', 1),
(201, 4, 40, '2023-11-09', 'Department review', 3),
(202, 4, 41, '2023-11-09', 'Department review', 5),
(203, 1, 74, '2023-11-09', 'Department review', 3),
(204, 4, 44, '2023-11-09', 'Department review', 1),
(205, 6, 43, '2023-11-09', 'Department review', 1),
(206, 1, 4, '2023-11-09', 'Department review', 1),
(207, 2, 74, '2023-11-09', 'Department review', 1),
(208, 5, 20, '2023-11-09', 'Department review', 3),
(209, 4, 5, '2023-11-09', 'Department review', 5),
(210, 2, 55, '2023-11-09', 'Department review', 1),
(211, 5, 82, '2023-11-09', 'Department review', 2),
(212, 3, 30, '2023-11-09', 'Department review', 4),
(213, 4, 34, '2023-11-09', 'Department review', 2),
(214, 3, 88, '2023-11-09', 'Department review', 3),
(215, 3, 64, '2023-11-09', 'Department review', 1),
(216, 4, 25, '2023-11-09', 'Department review', 4),
(217, 8, 40, '2023-11-09', 'Department review', 2),
(218, 1, 56, '2023-11-09', 'Department review', 3),
(219, 3, 61, '2023-11-09', 'Department review', 2),
(220, 3, 1, '2023-11-09', 'Department review', 5),
(221, 8, 67, '2023-11-09', 'Department review', 3),
(222, 8, 3, '2023-11-09', 'Department review', 2),
(223, 8, 36, '2023-11-09', 'Department review', 5),
(224, 8, 52, '2023-11-09', 'Department review', 4),
(225, 5, 94, '2023-11-09', 'Department review', 1),
(226, 3, 39, '2023-11-09', 'Department review', 1),
(227, 1, 38, '2023-11-09', 'Department review', 3),
(228, 7, 4, '2023-11-09', 'Department review', 5),
(229, 3, 17, '2023-11-09', 'Department review', 4),
(230, 1, 14, '2023-11-09', 'Department review', 3),
(231, 2, 52, '2023-11-09', 'Department review', 5),
(232, 2, 82, '2023-11-09', 'Department review', 4),
(233, 2, 54, '2023-11-09', 'Department review', 2),
(234, 7, 96, '2023-11-09', 'Department review', 3),
(235, 7, 34, '2023-11-09', 'Department review', 2),
(236, 6, 27, '2023-11-09', 'Department review', 2),
(237, 1, 24, '2023-11-09', 'Department review', 5),
(238, 1, 48, '2023-11-09', 'Department review', 1),
(239, 4, 73, '2023-11-09', 'Department review', 2),
(240, 3, 52, '2023-11-09', 'Department review', 4),
(241, 3, 6, '2023-11-09', 'Department review', 3),
(242, 2, 62, '2023-11-09', 'Department review', 3),
(243, 4, 1, '2023-11-09', 'Department review', 3),
(244, 7, 31, '2023-11-09', 'Department review', 1),
(245, 6, 26, '2023-11-09', 'Department review', 1),
(246, 7, 71, '2023-11-09', 'Department review', 1),
(247, 4, 98, '2023-11-09', 'Department review', 3),
(248, 5, 39, '2023-11-09', 'Department review', 1),
(249, 7, 22, '2023-11-09', 'Department review', 5),
(250, 4, 83, '2023-11-09', 'Department review', 4),
(251, 3, 50, '2023-11-09', 'Department review', 2),
(252, 4, 29, '2023-11-09', 'Department review', 5),
(253, 8, 92, '2023-11-09', 'Department review', 4),
(254, 7, 1, '2023-11-09', 'Department review', 3),
(255, 6, 62, '2023-11-09', 'Department review', 1),
(256, 1, 50, '2023-11-09', 'Department review', 3),
(257, 8, 37, '2023-11-09', 'Department review', 5),
(258, 6, 29, '2023-11-09', 'Department review', 3),
(259, 1, 28, '2023-11-09', 'Department review', 2),
(260, 1, 27, '2023-11-09', 'Department review', 1),
(261, 6, 10, '2023-11-09', 'Department review', 3),
(262, 8, 17, '2023-11-09', 'Department review', 1),
(263, 3, 13, '2023-11-09', 'Department review', 4),
(264, 7, 21, '2023-11-09', 'Department review', 3),
(265, 2, 47, '2023-11-09', 'Department review', 4),
(266, 7, 15, '2023-11-09', 'Department review', 2),
(267, 8, 13, '2023-11-09', 'Department review', 4),
(268, 7, 31, '2023-11-09', 'Department review', 5),
(269, 1, 30, '2023-11-09', 'Department review', 2),
(270, 6, 53, '2023-11-09', 'Department review', 3),
(271, 2, 29, '2023-11-09', 'Department review', 5),
(272, 5, 99, '2023-11-09', 'Department review', 2),
(273, 8, 52, '2023-11-09', 'Department review', 4),
(274, 4, 74, '2023-11-09', 'Department review', 3),
(275, 8, 43, '2023-11-09', 'Department review', 2),
(276, 2, 7, '2023-11-09', 'Department review', 4),
(277, 5, 49, '2023-11-09', 'Department review', 4),
(278, 5, 19, '2023-11-09', 'Department review', 3),
(279, 4, 7, '2023-11-09', 'Department review', 5),
(280, 6, 46, '2023-11-09', 'Department review', 2),
(281, 1, 26, '2023-11-09', 'Department review', 2),
(282, 3, 87, '2023-11-09', 'Department review', 3),
(283, 5, 65, '2023-11-09', 'Department review', 3),
(284, 4, 63, '2023-11-09', 'Department review', 5),
(285, 7, 97, '2023-11-09', 'Department review', 4),
(286, 2, 92, '2023-11-09', 'Department review', 1),
(287, 1, 98, '2023-11-09', 'Department review', 4),
(288, 2, 99, '2023-11-09', 'Department review', 3),
(289, 3, 27, '2023-11-09', 'Department review', 2),
(290, 8, 51, '2023-11-09', 'Department review', 5),
(291, 6, 68, '2023-11-09', 'Department review', 3),
(292, 4, 46, '2023-11-09', 'Department review', 1),
(293, 4, 83, '2023-11-09', 'Department review', 4),
(294, 3, 8, '2023-11-09', 'Department review', 3),
(295, 6, 60, '2023-11-09', 'Department review', 5),
(296, 2, 85, '2023-11-09', 'Department review', 4),
(297, 2, 85, '2023-11-09', 'Department review', 3),
(298, 4, 14, '2023-11-09', 'Department review', 3),
(299, 2, 62, '2023-11-09', 'Department review', 2),
(300, 1, 96, '2023-11-09', 'Department review', 4),
(301, 8, 23, '2023-11-09', 'Department review', 3),
(302, 4, 17, '2023-11-09', 'Department review', 2),
(303, 3, 46, '2023-11-09', 'Department review', 2),
(304, 4, 4, '2023-11-09', 'Department review', 5),
(305, 4, 28, '2023-11-09', 'Department review', 2),
(306, 3, 68, '2023-11-09', 'Department review', 3),
(307, 8, 85, '2023-11-09', 'Department review', 3),
(308, 7, 56, '2023-11-09', 'Department review', 3),
(309, 4, 8, '2023-11-09', 'Department review', 5),
(310, 5, 81, '2023-11-09', 'Department review', 3),
(311, 8, 41, '2023-11-09', 'Department review', 1),
(312, 4, 55, '2023-11-09', 'Department review', 4),
(313, 4, 24, '2023-11-09', 'Department review', 5),
(314, 1, 28, '2023-11-09', 'Department review', 2),
(315, 6, 71, '2023-11-09', 'Department review', 2),
(316, 6, 29, '2023-11-09', 'Department review', 3),
(317, 2, 61, '2023-11-09', 'Department review', 3),
(318, 8, 88, '2023-11-09', 'Department review', 4),
(319, 8, 43, '2023-11-09', 'Department review', 3),
(320, 6, 39, '2023-11-09', 'Department review', 4),
(321, 7, 72, '2023-11-09', 'Department review', 1),
(322, 4, 89, '2023-11-09', 'Department review', 1),
(323, 7, 93, '2023-11-09', 'Department review', 1),
(324, 7, 81, '2023-11-09', 'Department review', 3),
(325, 3, 76, '2023-11-09', 'Department review', 5),
(326, 6, 42, '2023-11-09', 'Department review', 1),
(327, 8, 56, '2023-11-09', 'Department review', 1),
(328, 3, 67, '2023-11-09', 'Department review', 2),
(329, 6, 21, '2023-11-09', 'Department review', 1),
(330, 8, 61, '2023-11-09', 'Department review', 1),
(331, 4, 18, '2023-11-09', 'Department review', 3),
(332, 8, 96, '2023-11-09', 'Department review', 1),
(333, 8, 21, '2023-11-09', 'Department review', 2),
(334, 4, 47, '2023-11-09', 'Department review', 1),
(335, 2, 41, '2023-11-09', 'Department review', 3),
(336, 6, 76, '2023-11-09', 'Department review', 4),
(337, 2, 71, '2023-11-09', 'Department review', 1),
(338, 3, 48, '2023-11-09', 'Department review', 2),
(339, 3, 26, '2023-11-09', 'Department review', 3),
(340, 7, 60, '2023-11-09', 'Department review', 3),
(341, 7, 32, '2023-11-09', 'Department review', 2),
(342, 3, 78, '2023-11-09', 'Department review', 5),
(343, 5, 6, '2023-11-09', 'Department review', 3),
(344, 2, 49, '2023-11-09', 'Department review', 5),
(345, 1, 84, '2023-11-09', 'Department review', 5),
(346, 7, 44, '2023-11-09', 'Department review', 4),
(347, 5, 35, '2023-11-09', 'Department review', 1),
(348, 6, 7, '2023-11-09', 'Department review', 2),
(349, 8, 95, '2023-11-09', 'Department review', 5),
(350, 1, 49, '2023-11-09', 'Department review', 1),
(351, 3, 24, '2023-11-09', 'Department review', 1),
(352, 1, 77, '2023-11-09', 'Department review', 4),
(353, 2, 7, '2023-11-09', 'Department review', 4),
(354, 7, 53, '2023-11-09', 'Department review', 1),
(355, 5, 64, '2023-11-09', 'Department review', 3),
(356, 8, 99, '2023-11-09', 'Department review', 1),
(357, 6, 5, '2023-11-09', 'Department review', 1),
(358, 7, 22, '2023-11-09', 'Department review', 5),
(359, 4, 81, '2023-11-09', 'Department review', 4),
(360, 1, 30, '2023-11-09', 'Department review', 2),
(361, 3, 1, '2023-11-09', 'Department review', 5),
(362, 7, 17, '2023-11-09', 'Department review', 2),
(363, 4, 92, '2023-11-09', 'Department review', 2),
(364, 1, 31, '2023-11-09', 'Department review', 2),
(365, 5, 75, '2023-11-09', 'Department review', 1),
(366, 5, 53, '2023-11-09', 'Department review', 5),
(367, 5, 42, '2023-11-09', 'Department review', 2),
(368, 4, 20, '2023-11-09', 'Department review', 4),
(369, 5, 5, '2023-11-09', 'Department review', 3),
(370, 1, 16, '2023-11-09', 'Department review', 3),
(371, 1, 60, '2023-11-09', 'Department review', 5),
(372, 1, 17, '2023-11-09', 'Department review', 4),
(373, 4, 66, '2023-11-09', 'Department review', 1),
(374, 5, 73, '2023-11-09', 'Department review', 5),
(375, 8, 99, '2023-11-09', 'Department review', 2),
(376, 5, 4, '2023-11-09', 'Department review', 2),
(377, 7, 79, '2023-11-09', 'Department review', 3),
(378, 5, 25, '2023-11-09', 'Department review', 3),
(379, 3, 48, '2023-11-09', 'Department review', 2),
(380, 4, 86, '2023-11-09', 'Department review', 1),
(381, 1, 8, '2023-11-09', 'Department review', 1),
(382, 2, 63, '2023-11-09', 'Department review', 4),
(383, 3, 86, '2023-11-09', 'Department review', 2),
(384, 4, 83, '2023-11-09', 'Department review', 4),
(385, 8, 74, '2023-11-09', 'Department review', 5),
(386, 8, 3, '2023-11-09', 'Department review', 3),
(387, 1, 97, '2023-11-09', 'Department review', 4),
(388, 6, 40, '2023-11-09', 'Department review', 5),
(389, 1, 85, '2023-11-09', 'Department review', 1),
(390, 5, 53, '2023-11-09', 'Department review', 1),
(391, 8, 33, '2023-11-09', 'Department review', 5),
(392, 4, 34, '2023-11-09', 'Department review', 3),
(393, 5, 2, '2023-11-09', 'Department review', 3),
(394, 6, 94, '2023-11-09', 'Department review', 3),
(395, 1, 52, '2023-11-09', 'Department review', 3),
(396, 7, 38, '2023-11-09', 'Department review', 4),
(397, 8, 10, '2023-11-09', 'Department review', 3),
(398, 2, 67, '2023-11-09', 'Department review', 4),
(399, 3, 45, '2023-11-09', 'Department review', 2),
(400, 5, 89, '2023-11-09', 'Department review', 4),
(401, 4, 22, '2023-11-09', 'Department review', 5),
(402, 5, 21, '2023-11-09', 'Department review', 3),
(403, 4, 12, '2023-11-09', 'Department review', 1),
(404, 4, 79, '2023-11-09', 'Department review', 3),
(405, 5, 12, '2023-11-09', 'Department review', 5),
(406, 8, 92, '2023-11-09', 'Department review', 5),
(407, 8, 13, '2023-11-09', 'Department review', 4),
(408, 6, 77, '2023-11-09', 'Department review', 4),
(409, 1, 16, '2023-11-09', 'Department review', 4),
(410, 8, 65, '2023-11-09', 'Department review', 3),
(411, 3, 14, '2023-11-09', 'Department review', 4),
(412, 5, 32, '2023-11-09', 'Department review', 5),
(413, 1, 11, '2023-11-09', 'Department review', 3),
(414, 8, 39, '2023-11-09', 'Department review', 1),
(415, 3, 8, '2023-11-09', 'Department review', 3),
(416, 6, 53, '2023-11-09', 'Department review', 4),
(417, 8, 62, '2023-11-09', 'Department review', 2),
(418, 4, 25, '2023-11-09', 'Department review', 1),
(419, 4, 88, '2023-11-09', 'Department review', 2),
(420, 5, 85, '2023-11-09', 'Department review', 4),
(421, 1, 16, '2023-11-09', 'Department review', 3),
(422, 4, 25, '2023-11-09', 'Department review', 1),
(423, 6, 8, '2023-11-09', 'Department review', 2),
(424, 6, 6, '2023-11-09', 'Department review', 2),
(425, 6, 12, '2023-11-09', 'Department review', 4),
(426, 8, 84, '2023-11-09', 'Department review', 2),
(427, 1, 38, '2023-11-09', 'Department review', 4),
(428, 4, 80, '2023-11-09', 'Department review', 5),
(429, 7, 72, '2023-11-09', 'Department review', 1),
(430, 1, 29, '2023-11-09', 'Department review', 1),
(431, 8, 17, '2023-11-09', 'Department review', 1),
(432, 6, 51, '2023-11-09', 'Department review', 2),
(433, 2, 8, '2023-11-09', 'Department review', 4),
(434, 2, 5, '2023-11-09', 'Department review', 3),
(435, 6, 95, '2023-11-09', 'Department review', 3),
(436, 1, 33, '2023-11-09', 'Department review', 4),
(437, 1, 38, '2023-11-09', 'Department review', 4),
(438, 7, 57, '2023-11-09', 'Department review', 3),
(439, 7, 33, '2023-11-09', 'Department review', 2),
(440, 7, 96, '2023-11-09', 'Department review', 3),
(441, 2, 58, '2023-11-09', 'Department review', 3),
(442, 4, 63, '2023-11-09', 'Department review', 1),
(443, 2, 88, '2023-11-09', 'Department review', 5),
(444, 6, 88, '2023-11-09', 'Department review', 2),
(445, 8, 60, '2023-11-09', 'Department review', 2),
(446, 5, 27, '2023-11-09', 'Department review', 3),
(447, 4, 4, '2023-11-09', 'Department review', 4),
(448, 5, 73, '2023-11-09', 'Department review', 5),
(449, 2, 50, '2023-11-09', 'Department review', 4),
(450, 4, 92, '2023-11-09', 'Department review', 2),
(451, 4, 44, '2023-11-09', 'Department review', 5),
(452, 2, 33, '2023-11-09', 'Department review', 1),
(453, 1, 55, '2023-11-09', 'Department review', 2),
(454, 2, 78, '2023-11-09', 'Department review', 2),
(455, 5, 88, '2023-11-09', 'Department review', 3),
(456, 3, 56, '2023-11-09', 'Department review', 1),
(457, 3, 67, '2023-11-09', 'Department review', 2),
(458, 7, 93, '2023-11-09', 'Department review', 2),
(459, 4, 23, '2023-11-09', 'Department review', 5),
(460, 2, 80, '2023-11-09', 'Department review', 4),
(461, 6, 31, '2023-11-09', 'Department review', 4),
(462, 4, 17, '2023-11-09', 'Department review', 3),
(463, 1, 71, '2023-11-09', 'Department review', 3),
(464, 8, 33, '2023-11-09', 'Department review', 5),
(465, 5, 96, '2023-11-09', 'Department review', 2),
(466, 3, 70, '2023-11-09', 'Department review', 4),
(467, 3, 34, '2023-11-09', 'Department review', 5),
(468, 3, 91, '2023-11-09', 'Department review', 4),
(469, 6, 19, '2023-11-09', 'Department review', 5),
(470, 3, 87, '2023-11-09', 'Department review', 2),
(471, 7, 6, '2023-11-09', 'Department review', 5),
(472, 4, 64, '2023-11-09', 'Department review', 4),
(473, 7, 66, '2023-11-09', 'Department review', 5),
(474, 8, 99, '2023-11-09', 'Department review', 5),
(475, 8, 89, '2023-11-09', 'Department review', 3),
(476, 1, 57, '2023-11-09', 'Department review', 4),
(477, 7, 14, '2023-11-09', 'Department review', 1),
(478, 2, 56, '2023-11-09', 'Department review', 2),
(479, 5, 88, '2023-11-09', 'Department review', 5),
(480, 5, 28, '2023-11-09', 'Department review', 4),
(481, 7, 73, '2023-11-09', 'Department review', 2),
(482, 4, 35, '2023-11-09', 'Department review', 2),
(483, 5, 5, '2023-11-09', 'Department review', 2),
(484, 7, 6, '2023-11-09', 'Department review', 4),
(485, 4, 16, '2023-11-09', 'Department review', 2),
(486, 4, 16, '2023-11-09', 'Department review', 2),
(487, 5, 35, '2023-11-09', 'Department review', 2),
(488, 1, 56, '2023-11-09', 'Department review', 4),
(489, 6, 34, '2023-11-09', 'Department review', 4),
(490, 4, 36, '2023-11-09', 'Department review', 2),
(491, 4, 45, '2023-11-09', 'Department review', 4),
(492, 6, 90, '2023-11-09', 'Department review', 3),
(493, 8, 11, '2023-11-09', 'Department review', 4),
(494, 3, 50, '2023-11-09', 'Department review', 3),
(495, 7, 61, '2023-11-09', 'Department review', 4),
(496, 5, 74, '2023-11-09', 'Department review', 1),
(497, 1, 15, '2023-11-09', 'Department review', 3),
(498, 2, 17, '2023-11-09', 'Department review', 3),
(499, 5, 63, '2023-11-09', 'Department review', 3),
(500, 2, 75, '2023-11-09', 'Department review', 1),
(501, 4, 93, '2023-11-09', 'Department review', 2),
(502, 4, 49, '2023-11-09', 'Department review', 1),
(503, 8, 58, '2023-11-09', 'Department review', 1),
(504, 3, 57, '2023-11-09', 'Department review', 5),
(505, 6, 94, '2023-11-09', 'Department review', 3),
(506, 1, 36, '2023-11-09', 'Department review', 4),
(507, 6, 44, '2023-11-09', 'Department review', 5),
(508, 5, 75, '2023-11-09', 'Department review', 1),
(509, 4, 3, '2023-11-09', 'Department review', 4),
(510, 1, 62, '2023-11-09', 'Department review', 4),
(511, 1, 16, '2023-11-09', 'Department review', 3),
(512, 7, 81, '2023-11-09', 'Department review', 3),
(513, 3, 98, '2023-11-09', 'Department review', 5),
(514, 7, 10, '2023-11-09', 'Department review', 1),
(515, 3, 27, '2023-11-09', 'Department review', 2),
(516, 8, 70, '2023-11-09', 'Department review', 4),
(517, 2, 85, '2023-11-09', 'Department review', 5),
(518, 4, 73, '2023-11-09', 'Department review', 2),
(519, 7, 71, '2023-11-09', 'Department review', 2),
(520, 8, 5, '2023-11-09', 'Department review', 3),
(521, 8, 50, '2023-11-09', 'Department review', 4),
(522, 6, 76, '2023-11-09', 'Department review', 3),
(523, 6, 44, '2023-11-09', 'Department review', 2),
(524, 1, 56, '2023-11-09', 'Department review', 3),
(525, 1, 85, '2023-11-09', 'Department review', 5),
(526, 2, 31, '2023-11-09', 'Department review', 5),
(527, 3, 85, '2023-11-09', 'Department review', 3),
(528, 6, 24, '2023-11-09', 'Department review', 1),
(529, 4, 8, '2023-11-09', 'Department review', 1),
(530, 2, 77, '2023-11-09', 'Department review', 2),
(531, 7, 63, '2023-11-09', 'Department review', 3),
(532, 7, 45, '2023-11-09', 'Department review', 5),
(533, 6, 9, '2023-11-09', 'Department review', 2),
(534, 3, 82, '2023-11-09', 'Department review', 1),
(535, 6, 20, '2023-11-09', 'Department review', 1),
(536, 5, 46, '2023-11-09', 'Department review', 5),
(537, 5, 68, '2023-11-09', 'Department review', 3),
(538, 6, 92, '2023-11-09', 'Department review', 3),
(539, 5, 25, '2023-11-09', 'Department review', 4),
(540, 5, 90, '2023-11-09', 'Department review', 4),
(541, 2, 77, '2023-11-09', 'Department review', 1),
(542, 5, 54, '2023-11-09', 'Department review', 5),
(543, 5, 40, '2023-11-09', 'Department review', 2),
(544, 8, 93, '2023-11-09', 'Department review', 5),
(545, 6, 79, '2023-11-09', 'Department review', 5),
(546, 1, 38, '2023-11-09', 'Department review', 5),
(547, 3, 79, '2023-11-09', 'Department review', 1),
(548, 2, 52, '2023-11-09', 'Department review', 1),
(549, 7, 9, '2023-11-09', 'Department review', 5),
(550, 8, 99, '2023-11-09', 'Department review', 2),
(551, 3, 85, '2023-11-09', 'Department review', 2),
(552, 8, 53, '2023-11-09', 'Department review', 1),
(553, 4, 13, '2023-11-09', 'Department review', 2),
(554, 3, 52, '2023-11-09', 'Department review', 4),
(555, 8, 54, '2023-11-09', 'Department review', 5),
(556, 8, 85, '2023-11-09', 'Department review', 3),
(557, 1, 95, '2023-11-09', 'Department review', 3),
(558, 2, 97, '2023-11-09', 'Department review', 1),
(559, 6, 19, '2023-11-09', 'Department review', 4),
(560, 3, 50, '2023-11-09', 'Department review', 2),
(561, 4, 4, '2023-11-09', 'Department review', 5),
(562, 2, 40, '2023-11-09', 'Department review', 2),
(563, 7, 67, '2023-11-09', 'Department review', 1),
(564, 3, 41, '2023-11-09', 'Department review', 1),
(565, 1, 21, '2023-11-09', 'Department review', 5),
(566, 4, 59, '2023-11-09', 'Department review', 4),
(567, 8, 34, '2023-11-09', 'Department review', 5),
(568, 8, 59, '2023-11-09', 'Department review', 2),
(569, 4, 26, '2023-11-09', 'Department review', 1),
(570, 7, 84, '2023-11-09', 'Department review', 4),
(571, 8, 61, '2023-11-09', 'Department review', 2),
(572, 3, 68, '2023-11-09', 'Department review', 4),
(573, 1, 32, '2023-11-09', 'Department review', 3),
(574, 4, 78, '2023-11-09', 'Department review', 3),
(575, 5, 7, '2023-11-09', 'Department review', 4),
(576, 8, 84, '2023-11-09', 'Department review', 2),
(577, 3, 55, '2023-11-09', 'Department review', 4),
(578, 2, 63, '2023-11-09', 'Department review', 3),
(579, 1, 41, '2023-11-09', 'Department review', 5),
(580, 5, 80, '2023-11-09', 'Department review', 3),
(581, 6, 26, '2023-11-09', 'Department review', 1),
(582, 8, 53, '2023-11-09', 'Department review', 4),
(583, 6, 39, '2023-11-09', 'Department review', 5),
(584, 5, 99, '2023-11-09', 'Department review', 2),
(585, 4, 44, '2023-11-09', 'Department review', 4),
(586, 5, 76, '2023-11-09', 'Department review', 5),
(587, 5, 65, '2023-11-09', 'Department review', 4),
(588, 7, 79, '2023-11-09', 'Department review', 3),
(589, 3, 87, '2023-11-09', 'Department review', 3),
(590, 6, 9, '2023-11-09', 'Department review', 2),
(591, 4, 35, '2023-11-09', 'Department review', 2),
(592, 4, 39, '2023-11-09', 'Department review', 3),
(593, 6, 66, '2023-11-09', 'Department review', 2),
(594, 4, 21, '2023-11-09', 'Department review', 5),
(595, 4, 2, '2023-11-09', 'Department review', 3),
(596, 7, 56, '2023-11-09', 'Department review', 2),
(597, 4, 27, '2023-11-09', 'Department review', 1),
(598, 2, 14, '2023-11-09', 'Department review', 2),
(599, 8, 3, '2023-11-09', 'Department review', 1),
(600, 8, 86, '2023-11-09', 'Department review', 4),
(601, 6, 44, '2023-11-09', 'Department review', 1),
(602, 4, 82, '2023-11-09', 'Department review', 4),
(603, 2, 77, '2023-11-09', 'Department review', 2),
(604, 1, 34, '2023-11-09', 'Department review', 4),
(605, 8, 19, '2023-11-09', 'Department review', 5),
(606, 1, 49, '2023-11-09', 'Department review', 2),
(607, 8, 89, '2023-11-09', 'Department review', 4),
(608, 4, 40, '2023-11-09', 'Department review', 4),
(609, 7, 46, '2023-11-09', 'Department review', 4),
(610, 3, 14, '2023-11-09', 'Department review', 5),
(611, 1, 49, '2023-11-09', 'Department review', 2),
(612, 3, 43, '2023-11-09', 'Department review', 2),
(613, 8, 1, '2023-11-09', 'Department review', 1),
(614, 7, 81, '2023-11-09', 'Department review', 3),
(615, 7, 73, '2023-11-09', 'Department review', 2),
(616, 8, 99, '2023-11-09', 'Department review', 1),
(617, 7, 40, '2023-11-09', 'Department review', 4),
(618, 2, 2, '2023-11-09', 'Department review', 3),
(619, 1, 18, '2023-11-09', 'Department review', 4),
(620, 4, 63, '2023-11-09', 'Department review', 4),
(621, 5, 82, '2023-11-09', 'Department review', 2),
(622, 3, 73, '2023-11-09', 'Department review', 3),
(623, 6, 76, '2023-11-09', 'Department review', 4),
(624, 2, 73, '2023-11-09', 'Department review', 1),
(625, 6, 72, '2023-11-09', 'Department review', 4),
(626, 2, 7, '2023-11-09', 'Department review', 4),
(627, 1, 50, '2023-11-09', 'Department review', 2),
(628, 5, 7, '2023-11-09', 'Department review', 4),
(629, 3, 67, '2023-11-09', 'Department review', 2),
(630, 4, 15, '2023-11-09', 'Department review', 3),
(631, 2, 52, '2023-11-09', 'Department review', 5),
(632, 1, 37, '2023-11-09', 'Department review', 4),
(633, 7, 83, '2023-11-09', 'Department review', 4),
(634, 7, 94, '2023-11-09', 'Department review', 2),
(635, 8, 60, '2023-11-09', 'Department review', 2),
(636, 2, 61, '2023-11-09', 'Department review', 2),
(637, 6, 55, '2023-11-09', 'Department review', 4),
(638, 7, 85, '2023-11-09', 'Department review', 5),
(639, 1, 72, '2023-11-09', 'Department review', 2),
(640, 3, 74, '2023-11-09', 'Department review', 4),
(641, 3, 69, '2023-11-09', 'Department review', 2),
(642, 6, 53, '2023-11-09', 'Department review', 3),
(643, 7, 39, '2023-11-09', 'Department review', 4),
(644, 2, 84, '2023-11-09', 'Department review', 4),
(645, 8, 60, '2023-11-09', 'Department review', 1),
(646, 2, 39, '2023-11-09', 'Department review', 2),
(647, 5, 55, '2023-11-09', 'Department review', 2),
(648, 4, 60, '2023-11-09', 'Department review', 4),
(649, 4, 42, '2023-11-09', 'Department review', 4),
(650, 1, 38, '2023-11-09', 'Department review', 4),
(651, 3, 34, '2023-11-09', 'Department review', 5),
(652, 3, 90, '2023-11-09', 'Department review', 4),
(653, 3, 95, '2023-11-09', 'Department review', 4),
(654, 6, 9, '2023-11-09', 'Department review', 3),
(655, 4, 30, '2023-11-09', 'Department review', 2),
(656, 7, 24, '2023-11-09', 'Department review', 4),
(657, 3, 88, '2023-11-09', 'Department review', 2),
(658, 3, 27, '2023-11-09', 'Department review', 3),
(659, 5, 44, '2023-11-09', 'Department review', 3),
(660, 1, 65, '2023-11-09', 'Department review', 2),
(661, 2, 46, '2023-11-09', 'Department review', 4),
(662, 6, 36, '2023-11-09', 'Department review', 5),
(663, 3, 19, '2023-11-09', 'Department review', 5),
(664, 5, 33, '2023-11-09', 'Department review', 5),
(665, 7, 11, '2023-11-09', 'Department review', 1),
(666, 3, 38, '2023-11-09', 'Department review', 5),
(667, 8, 28, '2023-11-09', 'Department review', 3),
(668, 1, 41, '2023-11-09', 'Department review', 5),
(669, 6, 41, '2023-11-09', 'Department review', 1),
(670, 8, 60, '2023-11-09', 'Department review', 1),
(671, 2, 22, '2023-11-09', 'Department review', 4),
(672, 4, 11, '2023-11-09', 'Department review', 2),
(673, 6, 98, '2023-11-09', 'Department review', 1),
(674, 1, 53, '2023-11-09', 'Department review', 2),
(675, 1, 12, '2023-11-09', 'Department review', 3),
(676, 3, 92, '2023-11-09', 'Department review', 4),
(677, 6, 40, '2023-11-09', 'Department review', 5),
(678, 4, 38, '2023-11-09', 'Department review', 4),
(679, 8, 77, '2023-11-09', 'Department review', 1),
(680, 2, 83, '2023-11-09', 'Department review', 3),
(681, 7, 42, '2023-11-09', 'Department review', 5),
(682, 7, 85, '2023-11-09', 'Department review', 4),
(683, 7, 25, '2023-11-09', 'Department review', 4),
(684, 4, 52, '2023-11-09', 'Department review', 1),
(685, 1, 93, '2023-11-09', 'Department review', 3),
(686, 6, 68, '2023-11-09', 'Department review', 3),
(687, 5, 2, '2023-11-09', 'Department review', 3),
(688, 7, 26, '2023-11-09', 'Department review', 5),
(689, 6, 99, '2023-11-09', 'Department review', 4),
(690, 7, 77, '2023-11-09', 'Department review', 3),
(691, 7, 60, '2023-11-09', 'Department review', 4),
(692, 6, 58, '2023-11-09', 'Department review', 4),
(693, 6, 30, '2023-11-09', 'Department review', 3),
(694, 5, 17, '2023-11-09', 'Department review', 2),
(695, 7, 41, '2023-11-09', 'Department review', 3),
(696, 4, 52, '2023-11-09', 'Department review', 2),
(697, 2, 66, '2023-11-09', 'Department review', 5),
(698, 5, 95, '2023-11-09', 'Department review', 1),
(699, 8, 23, '2023-11-09', 'Department review', 2),
(700, 8, 69, '2023-11-09', 'Department review', 4),
(701, 2, 19, '2023-11-09', 'Department review', 2),
(702, 5, 33, '2023-11-09', 'Department review', 5),
(703, 1, 82, '2023-11-09', 'Department review', 5),
(704, 4, 50, '2023-11-09', 'Department review', 1),
(705, 5, 84, '2023-11-09', 'Department review', 3),
(706, 8, 98, '2023-11-09', 'Department review', 2),
(707, 3, 75, '2023-11-09', 'Department review', 5),
(708, 1, 80, '2023-11-09', 'Department review', 4),
(709, 4, 12, '2023-11-09', 'Department review', 1),
(710, 2, 48, '2023-11-09', 'Department review', 5),
(711, 2, 1, '2023-11-09', 'Department review', 3),
(712, 7, 26, '2023-11-09', 'Department review', 5),
(713, 8, 81, '2023-11-09', 'Department review', 2),
(714, 8, 82, '2023-11-09', 'Department review', 2),
(715, 2, 71, '2023-11-09', 'Department review', 1),
(716, 6, 83, '2023-11-09', 'Department review', 1),
(717, 3, 20, '2023-11-09', 'Department review', 5),
(718, 3, 59, '2023-11-09', 'Department review', 1),
(719, 3, 53, '2023-11-09', 'Department review', 4),
(720, 8, 82, '2023-11-09', 'Department review', 1),
(721, 2, 66, '2023-11-09', 'Department review', 4),
(722, 3, 68, '2023-11-09', 'Department review', 2),
(723, 8, 52, '2023-11-09', 'Department review', 4),
(724, 4, 65, '2023-11-09', 'Department review', 1),
(725, 2, 87, '2023-11-09', 'Department review', 4),
(726, 3, 38, '2023-11-09', 'Department review', 5),
(727, 1, 71, '2023-11-09', 'Department review', 3),
(728, 8, 34, '2023-11-09', 'Department review', 5),
(729, 7, 25, '2023-11-09', 'Department review', 4),
(730, 1, 78, '2023-11-09', 'Department review', 5),
(731, 2, 8, '2023-11-09', 'Department review', 5),
(732, 2, 50, '2023-11-09', 'Department review', 4),
(733, 4, 73, '2023-11-09', 'Department review', 3),
(734, 8, 58, '2023-11-09', 'Department review', 5),
(735, 2, 89, '2023-11-09', 'Department review', 5),
(736, 1, 58, '2023-11-09', 'Department review', 4),
(737, 4, 37, '2023-11-09', 'Department review', 3),
(738, 3, 89, '2023-11-09', 'Department review', 4),
(739, 6, 48, '2023-11-09', 'Department review', 2),
(740, 1, 50, '2023-11-09', 'Department review', 2),
(741, 7, 1, '2023-11-09', 'Department review', 4),
(742, 7, 62, '2023-11-09', 'Department review', 4),
(743, 8, 41, '2023-11-09', 'Department review', 2),
(744, 8, 18, '2023-11-09', 'Department review', 5),
(745, 2, 88, '2023-11-09', 'Department review', 1),
(746, 4, 2, '2023-11-09', 'Department review', 5),
(747, 3, 71, '2023-11-09', 'Department review', 4),
(748, 7, 58, '2023-11-09', 'Department review', 3),
(749, 8, 95, '2023-11-09', 'Department review', 1),
(750, 3, 71, '2023-11-09', 'Department review', 3),
(751, 2, 53, '2023-11-09', 'Department review', 1),
(752, 8, 12, '2023-11-09', 'Department review', 5),
(753, 4, 23, '2023-11-09', 'Department review', 5),
(754, 7, 35, '2023-11-09', 'Department review', 2),
(755, 4, 53, '2023-11-09', 'Department review', 1),
(756, 3, 93, '2023-11-09', 'Department review', 5),
(757, 2, 69, '2023-11-09', 'Department review', 4),
(758, 8, 13, '2023-11-09', 'Department review', 5),
(759, 2, 46, '2023-11-09', 'Department review', 3),
(760, 4, 23, '2023-11-09', 'Department review', 1),
(761, 4, 4, '2023-11-09', 'Department review', 5),
(762, 5, 87, '2023-11-09', 'Department review', 4),
(763, 3, 15, '2023-11-09', 'Department review', 5),
(764, 6, 15, '2023-11-09', 'Department review', 3),
(765, 2, 50, '2023-11-09', 'Department review', 5),
(766, 7, 44, '2023-11-09', 'Department review', 4),
(767, 5, 39, '2023-11-09', 'Department review', 2),
(768, 4, 44, '2023-11-09', 'Department review', 4),
(769, 3, 45, '2023-11-09', 'Department review', 2),
(770, 8, 2, '2023-11-09', 'Department review', 1),
(771, 8, 95, '2023-11-09', 'Department review', 1),
(772, 5, 32, '2023-11-09', 'Department review', 1),
(773, 4, 94, '2023-11-09', 'Department review', 2),
(774, 1, 44, '2023-11-09', 'Department review', 5),
(775, 8, 89, '2023-11-09', 'Department review', 5),
(776, 4, 83, '2023-11-09', 'Department review', 4),
(777, 3, 51, '2023-11-09', 'Department review', 3),
(778, 7, 66, '2023-11-09', 'Department review', 5),
(779, 3, 91, '2023-11-09', 'Department review', 4),
(780, 6, 50, '2023-11-09', 'Department review', 2),
(781, 3, 53, '2023-11-09', 'Department review', 4),
(782, 6, 69, '2023-11-09', 'Department review', 2),
(783, 2, 26, '2023-11-09', 'Department review', 4),
(784, 5, 96, '2023-11-09', 'Department review', 1),
(785, 2, 94, '2023-11-09', 'Department review', 1),
(786, 7, 48, '2023-11-09', 'Department review', 1),
(787, 1, 27, '2023-11-09', 'Department review', 5),
(788, 1, 33, '2023-11-09', 'Department review', 3),
(789, 4, 84, '2023-11-09', 'Department review', 5),
(790, 5, 35, '2023-11-09', 'Department review', 1),
(791, 3, 45, '2023-11-09', 'Department review', 2),
(792, 7, 52, '2023-11-09', 'Department review', 1),
(793, 7, 84, '2023-11-09', 'Department review', 4),
(794, 4, 61, '2023-11-09', 'Department review', 5),
(795, 5, 29, '2023-11-09', 'Department review', 4),
(796, 5, 75, '2023-11-09', 'Department review', 1),
(797, 2, 61, '2023-11-09', 'Department review', 3),
(798, 7, 71, '2023-11-09', 'Department review', 5),
(799, 6, 78, '2023-11-09', 'Department review', 4),
(800, 1, 48, '2023-11-09', 'Department review', 1),
(801, 7, 93, '2023-11-09', 'Department review', 2),
(802, 3, 81, '2023-11-09', 'Department review', 1),
(803, 5, 15, '2023-11-09', 'Department review', 1),
(804, 8, 61, '2023-11-09', 'Department review', 1),
(805, 7, 75, '2023-11-09', 'Department review', 2),
(806, 1, 70, '2023-11-09', 'Department review', 2),
(807, 8, 21, '2023-11-09', 'Department review', 1),
(808, 8, 34, '2023-11-09', 'Department review', 5),
(809, 5, 80, '2023-11-09', 'Department review', 3),
(810, 2, 24, '2023-11-09', 'Department review', 4),
(811, 7, 12, '2023-11-09', 'Department review', 1),
(812, 6, 60, '2023-11-09', 'Department review', 5),
(813, 3, 13, '2023-11-09', 'Department review', 4),
(814, 8, 95, '2023-11-09', 'Department review', 5),
(815, 2, 27, '2023-11-09', 'Department review', 5),
(816, 7, 42, '2023-11-09', 'Department review', 3),
(817, 5, 18, '2023-11-09', 'Department review', 1),
(818, 2, 66, '2023-11-09', 'Department review', 4),
(819, 3, 56, '2023-11-09', 'Department review', 5),
(820, 6, 57, '2023-11-09', 'Department review', 5),
(821, 1, 64, '2023-11-09', 'Department review', 5),
(822, 5, 86, '2023-11-09', 'Department review', 5),
(823, 5, 12, '2023-11-09', 'Department review', 1),
(824, 7, 91, '2023-11-09', 'Department review', 1),
(825, 1, 10, '2023-11-09', 'Department review', 1),
(826, 3, 14, '2023-11-09', 'Department review', 4),
(827, 5, 48, '2023-11-09', 'Department review', 4),
(828, 8, 77, '2023-11-09', 'Department review', 5),
(829, 5, 3, '2023-11-09', 'Department review', 2),
(830, 5, 9, '2023-11-09', 'Department review', 3),
(831, 5, 36, '2023-11-09', 'Department review', 5),
(832, 5, 92, '2023-11-09', 'Department review', 5),
(833, 2, 8, '2023-11-09', 'Department review', 4),
(834, 4, 26, '2023-11-09', 'Department review', 5),
(835, 2, 77, '2023-11-09', 'Department review', 1),
(836, 4, 93, '2023-11-09', 'Department review', 2),
(837, 2, 57, '2023-11-09', 'Department review', 1),
(838, 8, 38, '2023-11-09', 'Department review', 1),
(839, 8, 91, '2023-11-09', 'Department review', 3),
(840, 1, 53, '2023-11-09', 'Department review', 3),
(841, 1, 88, '2023-11-09', 'Department review', 1),
(842, 8, 38, '2023-11-09', 'Department review', 1),
(843, 1, 33, '2023-11-09', 'Department review', 2),
(844, 7, 85, '2023-11-09', 'Department review', 5),
(845, 1, 56, '2023-11-09', 'Department review', 4),
(846, 4, 4, '2023-11-09', 'Department review', 1),
(847, 2, 62, '2023-11-09', 'Department review', 4),
(848, 3, 87, '2023-11-09', 'Department review', 2),
(849, 7, 10, '2023-11-09', 'Department review', 1),
(850, 3, 20, '2023-11-09', 'Department review', 1),
(851, 5, 79, '2023-11-09', 'Department review', 2),
(852, 6, 91, '2023-11-09', 'Department review', 3),
(853, 4, 14, '2023-11-09', 'Department review', 1),
(854, 5, 6, '2023-11-09', 'Department review', 4),
(855, 4, 1, '2023-11-09', 'Department review', 4),
(856, 5, 59, '2023-11-09', 'Department review', 2),
(857, 7, 35, '2023-11-09', 'Department review', 1),
(858, 5, 66, '2023-11-09', 'Department review', 3),
(859, 4, 65, '2023-11-09', 'Department review', 5),
(860, 8, 96, '2023-11-09', 'Department review', 5),
(861, 5, 6, '2023-11-09', 'Department review', 4),
(862, 8, 10, '2023-11-09', 'Department review', 3),
(863, 2, 24, '2023-11-09', 'Department review', 4),
(864, 1, 26, '2023-11-09', 'Department review', 5),
(865, 8, 2, '2023-11-09', 'Department review', 1),
(866, 7, 41, '2023-11-09', 'Department review', 4),
(867, 2, 6, '2023-11-09', 'Department review', 3),
(868, 7, 22, '2023-11-09', 'Department review', 4),
(869, 7, 83, '2023-11-09', 'Department review', 5),
(870, 7, 24, '2023-11-09', 'Department review', 5),
(871, 7, 38, '2023-11-09', 'Department review', 3),
(872, 1, 95, '2023-11-09', 'Department review', 4),
(873, 2, 12, '2023-11-09', 'Department review', 1),
(874, 6, 65, '2023-11-09', 'Department review', 1),
(875, 3, 21, '2023-11-09', 'Department review', 2),
(876, 4, 50, '2023-11-09', 'Department review', 2),
(877, 6, 83, '2023-11-09', 'Department review', 1),
(878, 5, 77, '2023-11-09', 'Department review', 1),
(879, 6, 62, '2023-11-09', 'Department review', 1),
(880, 1, 78, '2023-11-09', 'Department review', 4),
(881, 2, 79, '2023-11-09', 'Department review', 3),
(882, 6, 7, '2023-11-09', 'Department review', 2),
(883, 6, 7, '2023-11-09', 'Department review', 3),
(884, 8, 67, '2023-11-09', 'Department review', 2),
(885, 7, 2, '2023-11-09', 'Department review', 4),
(886, 1, 24, '2023-11-09', 'Department review', 1),
(887, 8, 20, '2023-11-09', 'Department review', 2),
(888, 6, 51, '2023-11-09', 'Department review', 3),
(889, 4, 32, '2023-11-09', 'Department review', 2),
(890, 7, 84, '2023-11-09', 'Department review', 5),
(891, 7, 62, '2023-11-09', 'Department review', 3),
(892, 1, 36, '2023-11-09', 'Department review', 4),
(893, 5, 70, '2023-11-09', 'Department review', 4),
(894, 6, 23, '2023-11-09', 'Department review', 1),
(895, 4, 22, '2023-11-09', 'Department review', 4),
(896, 8, 31, '2023-11-09', 'Department review', 5),
(897, 4, 56, '2023-11-09', 'Department review', 3),
(898, 8, 93, '2023-11-09', 'Department review', 5),
(899, 2, 82, '2023-11-09', 'Department review', 4),
(900, 6, 60, '2023-11-09', 'Department review', 5),
(901, 6, 84, '2023-11-09', 'Department review', 1),
(902, 8, 31, '2023-11-09', 'Department review', 4),
(903, 1, 86, '2023-11-09', 'Department review', 1),
(904, 2, 50, '2023-11-09', 'Department review', 5),
(905, 2, 8, '2023-11-09', 'Department review', 5),
(906, 1, 79, '2023-11-09', 'Department review', 4),
(907, 3, 37, '2023-11-09', 'Department review', 5),
(908, 3, 7, '2023-11-09', 'Department review', 2),
(909, 3, 54, '2023-11-09', 'Department review', 5),
(910, 5, 15, '2023-11-09', 'Department review', 1),
(911, 3, 8, '2023-11-09', 'Department review', 3),
(912, 1, 3, '2023-11-09', 'Department review', 5),
(913, 3, 82, '2023-11-09', 'Department review', 2),
(914, 7, 13, '2023-11-09', 'Department review', 2),
(915, 2, 9, '2023-11-09', 'Department review', 4),
(916, 6, 31, '2023-11-09', 'Department review', 2),
(917, 6, 61, '2023-11-09', 'Department review', 5),
(918, 6, 60, '2023-11-09', 'Department review', 1),
(919, 3, 47, '2023-11-09', 'Department review', 3),
(920, 6, 1, '2023-11-09', 'Department review', 1),
(921, 3, 48, '2023-11-09', 'Department review', 3),
(922, 5, 61, '2023-11-09', 'Department review', 2),
(923, 1, 14, '2023-11-09', 'Department review', 3),
(924, 2, 20, '2023-11-09', 'Department review', 3),
(925, 1, 99, '2023-11-09', 'Department review', 4),
(926, 1, 32, '2023-11-09', 'Department review', 3),
(927, 6, 90, '2023-11-09', 'Department review', 3),
(928, 3, 53, '2023-11-09', 'Department review', 4),
(929, 4, 33, '2023-11-09', 'Department review', 2),
(930, 7, 80, '2023-11-09', 'Department review', 4),
(931, 1, 39, '2023-11-09', 'Department review', 4),
(932, 2, 71, '2023-11-09', 'Department review', 1),
(933, 5, 44, '2023-11-09', 'Department review', 3),
(934, 1, 15, '2023-11-09', 'Department review', 2),
(935, 4, 1, '2023-11-09', 'Department review', 4),
(936, 7, 61, '2023-11-09', 'Department review', 4),
(937, 7, 81, '2023-11-09', 'Department review', 4),
(938, 8, 63, '2023-11-09', 'Department review', 2),
(939, 8, 65, '2023-11-09', 'Department review', 3),
(940, 1, 22, '2023-11-09', 'Department review', 5),
(941, 4, 50, '2023-11-09', 'Department review', 2),
(942, 2, 90, '2023-11-09', 'Department review', 5),
(943, 1, 71, '2023-11-09', 'Department review', 1),
(944, 7, 51, '2023-11-09', 'Department review', 1),
(945, 1, 90, '2023-11-09', 'Department review', 2),
(946, 2, 77, '2023-11-09', 'Department review', 2),
(947, 2, 30, '2023-11-09', 'Department review', 4),
(948, 7, 67, '2023-11-09', 'Department review', 1),
(949, 2, 8, '2023-11-09', 'Department review', 4),
(950, 8, 85, '2023-11-09', 'Department review', 3),
(951, 5, 56, '2023-11-09', 'Department review', 1),
(952, 7, 58, '2023-11-09', 'Department review', 3),
(953, 2, 38, '2023-11-09', 'Department review', 1),
(954, 7, 42, '2023-11-09', 'Department review', 4),
(955, 2, 9, '2023-11-09', 'Department review', 4),
(956, 3, 26, '2023-11-09', 'Department review', 3),
(957, 6, 80, '2023-11-09', 'Department review', 1),
(958, 7, 91, '2023-11-09', 'Department review', 1),
(959, 1, 58, '2023-11-09', 'Department review', 5),
(960, 6, 90, '2023-11-09', 'Department review', 2),
(961, 1, 51, '2023-11-09', 'Department review', 2),
(962, 4, 73, '2023-11-09', 'Department review', 2),
(963, 1, 81, '2023-11-09', 'Department review', 4),
(964, 8, 86, '2023-11-09', 'Department review', 2),
(965, 2, 8, '2023-11-09', 'Department review', 4),
(966, 2, 86, '2023-11-09', 'Department review', 4),
(967, 2, 73, '2023-11-09', 'Department review', 1),
(968, 1, 30, '2023-11-09', 'Department review', 1),
(969, 1, 69, '2023-11-09', 'Department review', 2),
(970, 4, 50, '2023-11-09', 'Department review', 1),
(971, 5, 93, '2023-11-09', 'Department review', 5),
(972, 6, 61, '2023-11-09', 'Department review', 1),
(973, 4, 22, '2023-11-09', 'Department review', 4),
(974, 5, 2, '2023-11-09', 'Department review', 2),
(975, 4, 35, '2023-11-09', 'Department review', 2),
(976, 7, 11, '2023-11-09', 'Department review', 1),
(977, 6, 51, '2023-11-09', 'Department review', 3),
(978, 5, 48, '2023-11-09', 'Department review', 4),
(979, 3, 50, '2023-11-09', 'Department review', 3),
(980, 6, 99, '2023-11-09', 'Department review', 5),
(981, 8, 97, '2023-11-09', 'Department review', 5),
(982, 5, 5, '2023-11-09', 'Department review', 3),
(983, 7, 18, '2023-11-09', 'Department review', 3),
(984, 2, 37, '2023-11-09', 'Department review', 2),
(985, 1, 61, '2023-11-09', 'Department review', 5),
(986, 5, 26, '2023-11-09', 'Department review', 3),
(987, 7, 59, '2023-11-09', 'Department review', 3),
(988, 6, 73, '2023-11-09', 'Department review', 4),
(989, 5, 58, '2023-11-09', 'Department review', 1),
(990, 2, 32, '2023-11-09', 'Department review', 1),
(991, 4, 85, '2023-11-09', 'Department review', 1),
(992, 6, 8, '2023-11-09', 'Department review', 3),
(993, 1, 80, '2023-11-09', 'Department review', 5),
(994, 2, 23, '2023-11-09', 'Department review', 3),
(995, 1, 53, '2023-11-09', 'Department review', 3),
(996, 2, 29, '2023-11-09', 'Department review', 5),
(997, 4, 75, '2023-11-09', 'Department review', 2),
(998, 4, 8, '2023-11-09', 'Department review', 1),
(999, 5, 13, '2023-11-09', 'Department review', 1),
(1000, 8, 60, '2023-11-09', 'Department review', 1);

-- --------------------------------------------------------

--
-- Table structure for table `employees`
--

CREATE TABLE `employees` (
  `id` int(11) NOT NULL,
  `name` varchar(255) NOT NULL,
  `birthdate` date NOT NULL,
  `location` text NOT NULL,
  `start_date` date NOT NULL,
  `work_months` int(11) NOT NULL,
  `bio` text DEFAULT NULL,
  `job_title` varchar(255) NOT NULL,
  `rank_id` int(11) DEFAULT 1,
  `department_id` int(11) DEFAULT NULL,
  `team_id` int(11) DEFAULT NULL
) ENGINE=InnoDB DEFAULT CHARSET=utf8mb4 COLLATE=utf8mb4_general_ci;

--
-- Dumping data for table `employees`
--

INSERT INTO `employees` (`id`, `name`, `birthdate`, `location`, `start_date`, `work_months`, `bio`, `job_title`, `rank_id`, `department_id`, `team_id`) VALUES
(1, 'Employee 1', '2003-01-01', 'Location 3', '2016-01-01', 0, 'A brief bio of the employee', 'Engineer', 2, 4, 1),
(2, 'Employee 2', '2017-01-01', 'Location 2', '2017-01-01', 0, 'A brief bio of the employee', 'Engineer', 1, 7, 1),
(3, 'Employee 3', '2010-01-01', 'Location 2', '2010-01-01', 0, 'A brief bio of the employee', 'Manager', 1, 4, 1),
(4, 'Employee 4', '1990-01-01', 'Location 1', '2017-01-01', 0, 'A brief bio of the employee', 'Manager', 1, 2, 1),
(5, 'Employee 5', '1994-01-01', 'Location 2', '2012-01-01', 0, 'A brief bio of the employee', 'Engineer', 3, 3, 1),
(6, 'Employee 6', '1991-01-01', 'Location 4', '2013-01-01', 0, 'A brief bio of the employee', 'Engineer', 3, 6, 1),
(7, 'Employee 7', '1991-01-01', 'Location 3', '2014-01-01', 0, 'A brief bio of the employee', 'Engineer', 1, 2, 1),
(8, 'Employee 8', '2001-01-01', 'Location 2', '2017-01-01', 0, 'A brief bio of the employee', 'Manager', 1, 1, 1),
(9, 'Employee 9', '1988-01-01', 'Location 5', '2013-01-01', 0, 'A brief bio of the employee', 'Engineer', 2, 1, 1),
(10, 'Employee 10', '1981-01-01', 'Location 5', '2017-01-01', 0, 'A brief bio of the employee', 'Engineer', 4, 6, 1),
(11, 'Employee 11', '1999-01-01', 'Location 3', '2018-01-01', 0, 'A brief bio of the employee', 'Designer', 4, 3, 1),
(12, 'Employee 12', '2012-01-01', 'Location 1', '2018-01-01', 0, 'A brief bio of the employee', 'Designer', 3, 6, 1),
(13, 'Employee 13', '1997-01-01', 'Location 5', '2015-01-01', 0, 'A brief bio of the employee', 'Designer', 2, 7, 1),
(14, 'Employee 14', '2000-01-01', 'Location 1', '2013-01-01', 0, 'A brief bio of the employee', 'Manager', 1, 6, 1),
(15, 'Employee 15', '1984-01-01', 'Location 4', '2016-01-01', 0, 'A brief bio of the employee', 'Designer', 3, 6, 1),
(16, 'Employee 16', '2004-01-01', 'Location 1', '2014-01-01', 0, 'A brief bio of the employee', 'Engineer', 2, 5, 1),
(17, 'Employee 17', '1992-01-01', 'Location 1', '2011-01-01', 0, 'A brief bio of the employee', 'Engineer', 2, 4, 1),
(18, 'Employee 18', '2002-01-01', 'Location 2', '2012-01-01', 0, 'A brief bio of the employee', 'Engineer', 2, 1, 1),
(19, 'Employee 19', '2015-01-01', 'Location 2', '2019-01-01', 0, 'A brief bio of the employee', 'Engineer', 3, 7, 1),
(20, 'Employee 20', '2018-01-01', 'Location 3', '2016-01-01', 0, 'A brief bio of the employee', 'Engineer', 1, 6, 1),
(21, 'Employee 21', '1994-01-01', 'Location 4', '2011-01-01', 0, 'A brief bio of the employee', 'Designer', 3, 8, 1),
(22, 'Employee 22', '1993-01-01', 'Location 1', '2011-01-01', 0, 'A brief bio of the employee', 'Engineer', 3, 2, 1),
(23, 'Employee 23', '2019-01-01', 'Location 3', '2015-01-01', 0, 'A brief bio of the employee', 'Manager', 1, 5, 1),
(24, 'Employee 24', '1991-01-01', 'Location 5', '2013-01-01', 0, 'A brief bio of the employee', 'Manager', 4, 6, 1),
(25, 'Employee 25', '1985-01-01', 'Location 3', '2014-01-01', 0, 'A brief bio of the employee', 'Engineer', 2, 1, 1),
(26, 'Employee 26', '1981-01-01', 'Location 1', '2012-01-01', 0, 'A brief bio of the employee', 'Manager', 2, 6, 1),
(27, 'Employee 27', '2009-01-01', 'Location 3', '2014-01-01', 0, 'A brief bio of the employee', 'Engineer', 3, 8, 1),
(28, 'Employee 28', '1996-01-01', 'Location 3', '2019-01-01', 0, 'A brief bio of the employee', 'Manager', 2, 2, 1),
(29, 'Employee 29', '2014-01-01', 'Location 4', '2012-01-01', 0, 'A brief bio of the employee', 'Engineer', 1, 8, 1),
(30, 'Employee 30', '1990-01-01', 'Location 3', '2010-01-01', 0, 'A brief bio of the employee', 'Engineer', 2, 3, 1),
(31, 'Employee 31', '2015-01-01', 'Location 3', '2013-01-01', 0, 'A brief bio of the employee', 'Engineer', 2, 4, 1),
(32, 'Employee 32', '1994-01-01', 'Location 2', '2012-01-01', 0, 'A brief bio of the employee', 'Engineer', 3, 4, 1),
(33, 'Employee 33', '2016-01-01', 'Location 2', '2017-01-01', 0, 'A brief bio of the employee', 'Engineer', 2, 8, 1),
(34, 'Employee 34', '2000-01-01', 'Location 4', '2018-01-01', 0, 'A brief bio of the employee', 'Manager', 2, 1, 1),
(35, 'Employee 35', '2005-01-01', 'Location 5', '2013-01-01', 0, 'A brief bio of the employee', 'Manager', 1, 7, 1),
(36, 'Employee 36', '2000-01-01', 'Location 1', '2010-01-01', 0, 'A brief bio of the employee', 'Engineer', 4, 2, 1),
(37, 'Employee 37', '2019-01-01', 'Location 2', '2018-01-01', 0, 'A brief bio of the employee', 'Manager', 4, 8, 1),
(38, 'Employee 38', '1982-01-01', 'Location 4', '2018-01-01', 0, 'A brief bio of the employee', 'Manager', 1, 3, 1),
(39, 'Employee 39', '2006-01-01', 'Location 2', '2010-01-01', 0, 'A brief bio of the employee', 'Designer', 2, 2, 1),
(40, 'Employee 40', '2003-01-01', 'Location 2', '2018-01-01', 0, 'A brief bio of the employee', 'Manager', 1, 6, 1),
(41, 'Employee 41', '1986-01-01', 'Location 4', '2017-01-01', 0, 'A brief bio of the employee', 'Engineer', 3, 6, 1),
(42, 'Employee 42', '1996-01-01', 'Location 5', '2015-01-01', 0, 'A brief bio of the employee', 'Designer', 1, 1, 1),
(43, 'Employee 43', '2009-01-01', 'Location 3', '2014-01-01', 0, 'A brief bio of the employee', 'Engineer', 2, 4, 1),
(44, 'Employee 44', '1986-01-01', 'Location 2', '2011-01-01', 0, 'A brief bio of the employee', 'Engineer', 1, 4, 1),
(45, 'Employee 45', '1998-01-01', 'Location 1', '2011-01-01', 0, 'A brief bio of the employee', 'Engineer', 4, 8, 1),
(46, 'Employee 46', '1987-01-01', 'Location 2', '2019-01-01', 0, 'A brief bio of the employee', 'Engineer', 3, 5, 1),
(47, 'Employee 47', '1984-01-01', 'Location 4', '2011-01-01', 0, 'A brief bio of the employee', 'Engineer', 1, 8, 1),
(48, 'Employee 48', '1994-01-01', 'Location 1', '2010-01-01', 0, 'A brief bio of the employee', 'Manager', 1, 8, 1),
(49, 'Employee 49', '1986-01-01', 'Location 5', '2010-01-01', 0, 'A brief bio of the employee', 'Engineer', 4, 1, 1),
(50, 'Employee 50', '2005-01-01', 'Location 5', '2017-01-01', 0, 'A brief bio of the employee', 'Engineer', 2, 7, 1),
(51, 'Employee 51', '2014-01-01', 'Location 4', '2017-01-01', 0, 'A brief bio of the employee', 'Engineer', 2, 4, 1),
(52, 'Employee 52', '2000-01-01', 'Location 1', '2015-01-01', 0, 'A brief bio of the employee', 'Engineer', 2, 6, 1),
(53, 'Employee 53', '1998-01-01', 'Location 1', '2011-01-01', 0, 'A brief bio of the employee', 'Manager', 1, 2, 1),
(54, 'Employee 54', '1980-01-01', 'Location 4', '2010-01-01', 0, 'A brief bio of the employee', 'Manager', 4, 7, 1),
(55, 'Employee 55', '1999-01-01', 'Location 1', '2019-01-01', 0, 'A brief bio of the employee', 'Engineer', 1, 7, 1),
(56, 'Employee 56', '2001-01-01', 'Location 2', '2017-01-01', 0, 'A brief bio of the employee', 'Engineer', 3, 8, 1),
(57, 'Employee 57', '2005-01-01', 'Location 3', '2017-01-01', 0, 'A brief bio of the employee', 'Manager', 4, 2, 1),
(58, 'Employee 58', '2006-01-01', 'Location 4', '2019-01-01', 0, 'A brief bio of the employee', 'Manager', 2, 6, 1),
(59, 'Employee 59', '2008-01-01', 'Location 4', '2013-01-01', 0, 'A brief bio of the employee', 'Engineer', 3, 4, 1),
(60, 'Employee 60', '1981-01-01', 'Location 5', '2015-01-01', 0, 'A brief bio of the employee', 'Manager', 3, 7, 1),
(61, 'Employee 61', '1995-01-01', 'Location 3', '2018-01-01', 0, 'A brief bio of the employee', 'Manager', 2, 8, 1),
(62, 'Employee 62', '2001-01-01', 'Location 1', '2017-01-01', 0, 'A brief bio of the employee', 'Manager', 3, 7, 1),
(63, 'Employee 63', '1989-01-01', 'Location 5', '2016-01-01', 0, 'A brief bio of the employee', 'Designer', 2, 1, 1),
(64, 'Employee 64', '1995-01-01', 'Location 4', '2012-01-01', 0, 'A brief bio of the employee', 'Manager', 4, 1, 1),
(65, 'Employee 65', '2008-01-01', 'Location 2', '2014-01-01', 0, 'A brief bio of the employee', 'Manager', 4, 2, 1),
(66, 'Employee 66', '2014-01-01', 'Location 5', '2015-01-01', 0, 'A brief bio of the employee', 'Manager', 1, 7, 1),
(67, 'Employee 67', '2005-01-01', 'Location 4', '2011-01-01', 0, 'A brief bio of the employee', 'Analyst', 1, 1, 1),
(68, 'Employee 68', '2006-01-01', 'Location 1', '2017-01-01', 0, 'A brief bio of the employee', 'Engineer', 3, 4, 1),
(69, 'Employee 69', '1982-01-01', 'Location 1', '2018-01-01', 0, 'A brief bio of the employee', 'Manager', 4, 4, 1),
(70, 'Employee 70', '2013-01-01', 'Location 4', '2018-01-01', 0, 'A brief bio of the employee', 'Manager', 2, 4, 1),
(71, 'Employee 71', '1987-01-01', 'Location 3', '2018-01-01', 0, 'A brief bio of the employee', 'Designer', 4, 6, 1),
(72, 'Employee 72', '2008-01-01', 'Location 2', '2017-01-01', 0, 'A brief bio of the employee', 'Engineer', 2, 7, 1),
(73, 'Employee 73', '1981-01-01', 'Location 4', '2016-01-01', 0, 'A brief bio of the employee', 'Manager', 3, 5, 1),
(74, 'Employee 74', '1986-01-01', 'Location 1', '2016-01-01', 0, 'A brief bio of the employee', 'Manager', 4, 7, 1),
(75, 'Employee 75', '2006-01-01', 'Location 4', '2019-01-01', 0, 'A brief bio of the employee', 'Manager', 1, 2, 1),
(76, 'Employee 76', '2001-01-01', 'Location 2', '2015-01-01', 0, 'A brief bio of the employee', 'Manager', 2, 7, 1),
(77, 'Employee 77', '1987-01-01', 'Location 3', '2018-01-01', 0, 'A brief bio of the employee', 'Analyst', 4, 7, 1),
(78, 'Employee 78', '2017-01-01', 'Location 1', '2018-01-01', 0, 'A brief bio of the employee', 'Engineer', 2, 8, 1),
(79, 'Employee 79', '1988-01-01', 'Location 3', '2014-01-01', 0, 'A brief bio of the employee', 'Engineer', 4, 8, 1),
(80, 'Employee 80', '1983-01-01', 'Location 4', '2011-01-01', 0, 'A brief bio of the employee', 'Designer', 3, 4, 1),
(81, 'Employee 81', '1990-01-01', 'Location 1', '2018-01-01', 0, 'A brief bio of the employee', 'Engineer', 4, 3, 1),
(82, 'Employee 82', '2008-01-01', 'Location 3', '2017-01-01', 0, 'A brief bio of the employee', 'Manager', 2, 8, 1),
(83, 'Employee 83', '1981-01-01', 'Location 2', '2012-01-01', 0, 'A brief bio of the employee', 'Engineer', 4, 5, 1),
(84, 'Employee 84', '1984-01-01', 'Location 4', '2016-01-01', 0, 'A brief bio of the employee', 'Engineer', 3, 8, 1),
(85, 'Employee 85', '1998-01-01', 'Location 3', '2015-01-01', 0, 'A brief bio of the employee', 'Engineer', 4, 6, 1),
(86, 'Employee 86', '1987-01-01', 'Location 4', '2012-01-01', 0, 'A brief bio of the employee', 'Manager', 2, 3, 1),
(87, 'Employee 87', '2018-01-01', 'Location 4', '2019-01-01', 0, 'A brief bio of the employee', 'Engineer', 4, 6, 1),
(88, 'Employee 88', '2017-01-01', 'Location 4', '2015-01-01', 0, 'A brief bio of the employee', 'Engineer', 2, 4, 1),
(89, 'Employee 89', '1991-01-01', 'Location 1', '2018-01-01', 0, 'A brief bio of the employee', 'Engineer', 2, 4, 1),
(90, 'Employee 90', '1987-01-01', 'Location 4', '2018-01-01', 0, 'A brief bio of the employee', 'Engineer', 4, 7, 1),
(91, 'Employee 91', '1998-01-01', 'Location 5', '2013-01-01', 0, 'A brief bio of the employee', 'Manager', 4, 6, 1),
(92, 'Employee 92', '2002-01-01', 'Location 5', '2014-01-01', 0, 'A brief bio of the employee', 'Engineer', 1, 6, 1),
(93, 'Employee 93', '1993-01-01', 'Location 3', '2017-01-01', 0, 'A brief bio of the employee', 'Manager', 1, 5, 1),
(94, 'Employee 94', '1998-01-01', 'Location 3', '2012-01-01', 0, 'A brief bio of the employee', 'Engineer', 3, 7, 1),
(95, 'Employee 95', '1996-01-01', 'Location 3', '2013-01-01', 0, 'A brief bio of the employee', 'Manager', 2, 5, 1),
(96, 'Employee 96', '2009-01-01', 'Location 5', '2016-01-01', 0, 'A brief bio of the employee', 'Engineer', 4, 5, 1),
(97, 'Employee 97', '1988-01-01', 'Location 3', '2011-01-01', 0, 'A brief bio of the employee', 'Manager', 1, 7, 1),
(98, 'Employee 98', '2017-01-01', 'Location 2', '2018-01-01', 0, 'A brief bio of the employee', 'Manager', 4, 7, 1),
(99, 'Employee 99', '1996-01-01', 'Location 3', '2011-01-01', 0, 'A brief bio of the employee', 'Manager', 3, 1, 1),
(100, 'Employee 100', '2012-01-01', 'Location 1', '2017-01-01', 0, 'A brief bio of the employee', 'Engineer', 2, 4, 1);

-- --------------------------------------------------------

--
-- Table structure for table `employee_history`
--

CREATE TABLE `employee_history` (
  `id` int(11) NOT NULL,
  `employee_id` int(11) NOT NULL,
  `department_id` int(11) NOT NULL,
  `job_title` varchar(255) NOT NULL,
  `start_date` date NOT NULL,
  `end_date` date NOT NULL
) ENGINE=InnoDB DEFAULT CHARSET=utf8mb4 COLLATE=utf8mb4_general_ci;

--
-- Dumping data for table `employee_history`
--

INSERT INTO `employee_history` (`id`, `employee_id`, `department_id`, `job_title`, `start_date`, `end_date`) VALUES
(1, 1, 8, 'Engineer', '2018-01-01', '2013-01-01'),
(2, 2, 4, 'Manager', '2018-01-01', '2013-01-01'),
(3, 3, 1, 'Designer', '2012-01-01', '2018-01-01'),
(4, 4, 7, 'Manager', '2015-01-01', '2011-01-01'),
(5, 5, 1, 'Designer', '2017-01-01', '2014-01-01'),
(6, 6, 8, 'Engineer', '2014-01-01', '2011-01-01'),
(7, 7, 5, 'Manager', '2019-01-01', '2012-01-01'),
(8, 8, 6, 'Designer', '2010-01-01', '2010-01-01'),
(9, 9, 2, 'Engineer', '2011-01-01', '2010-01-01'),
(10, 10, 7, 'Manager', '2019-01-01', '2016-01-01'),
(11, 11, 2, 'Manager', '2015-01-01', '2017-01-01'),
(12, 12, 1, 'Designer', '2019-01-01', '2013-01-01'),
(13, 13, 8, 'Manager', '2017-01-01', '2011-01-01'),
(14, 14, 2, 'Engineer', '2019-01-01', '2019-01-01'),
(15, 15, 6, 'Designer', '2011-01-01', '2019-01-01'),
(16, 16, 2, 'Manager', '2010-01-01', '2013-01-01'),
(17, 17, 4, 'Manager', '2017-01-01', '2019-01-01'),
(18, 18, 5, 'Manager', '2014-01-01', '2011-01-01'),
(19, 19, 3, 'Manager', '2013-01-01', '2014-01-01'),
(20, 20, 3, 'Manager', '2016-01-01', '2012-01-01'),
(21, 21, 4, 'Manager', '2013-01-01', '2014-01-01'),
(22, 22, 1, 'Manager', '2017-01-01', '2011-01-01'),
(23, 23, 5, 'Manager', '2013-01-01', '2013-01-01'),
(24, 24, 5, 'Engineer', '2015-01-01', '2014-01-01'),
(25, 25, 6, 'Manager', '2016-01-01', '2017-01-01'),
(26, 26, 8, 'Manager', '2012-01-01', '2015-01-01'),
(27, 27, 8, 'Manager', '2015-01-01', '2014-01-01'),
(28, 28, 7, 'Manager', '2016-01-01', '2010-01-01'),
(29, 29, 3, 'Manager', '2018-01-01', '2011-01-01'),
(30, 30, 3, 'Designer', '2015-01-01', '2015-01-01'),
(31, 31, 1, 'Engineer', '2017-01-01', '2012-01-01'),
(32, 32, 8, 'Manager', '2013-01-01', '2015-01-01'),
(33, 33, 7, 'Manager', '2011-01-01', '2016-01-01'),
(34, 34, 8, 'Engineer', '2016-01-01', '2011-01-01'),
(35, 35, 8, 'Manager', '2015-01-01', '2017-01-01'),
(36, 36, 2, 'Engineer', '2015-01-01', '2013-01-01'),
(37, 37, 1, 'Manager', '2013-01-01', '2014-01-01'),
(38, 38, 1, 'Manager', '2014-01-01', '2019-01-01'),
(39, 39, 5, 'Engineer', '2013-01-01', '2017-01-01'),
(40, 40, 8, 'Manager', '2014-01-01', '2013-01-01'),
(41, 41, 5, 'Engineer', '2019-01-01', '2010-01-01'),
(42, 42, 6, 'Manager', '2016-01-01', '2019-01-01'),
(43, 43, 7, 'Manager', '2019-01-01', '2017-01-01'),
(44, 44, 1, 'Engineer', '2011-01-01', '2012-01-01'),
(45, 45, 8, 'Engineer', '2015-01-01', '2017-01-01'),
(46, 46, 1, 'Manager', '2014-01-01', '2013-01-01'),
(47, 47, 2, 'Engineer', '2019-01-01', '2018-01-01'),
(48, 48, 7, 'Manager', '2012-01-01', '2017-01-01'),
(49, 49, 3, 'Manager', '2012-01-01', '2014-01-01'),
(50, 50, 4, 'Engineer', '2015-01-01', '2014-01-01'),
(51, 51, 7, 'Designer', '2017-01-01', '2013-01-01'),
(52, 52, 3, 'Engineer', '2012-01-01', '2013-01-01'),
(53, 53, 1, 'Manager', '2015-01-01', '2017-01-01'),
(54, 54, 2, 'Engineer', '2016-01-01', '2016-01-01'),
(55, 55, 3, 'Designer', '2019-01-01', '2013-01-01'),
(56, 56, 6, 'Engineer', '2012-01-01', '2012-01-01'),
(57, 57, 7, 'Manager', '2013-01-01', '2015-01-01'),
(58, 58, 3, 'Manager', '2013-01-01', '2015-01-01'),
(59, 59, 6, 'Designer', '2017-01-01', '2018-01-01'),
(60, 60, 1, 'Engineer', '2018-01-01', '2013-01-01'),
(61, 61, 4, 'Designer', '2013-01-01', '2013-01-01'),
(62, 62, 8, 'Designer', '2012-01-01', '2017-01-01'),
(63, 63, 3, 'Designer', '2010-01-01', '2018-01-01'),
(64, 64, 1, 'Engineer', '2015-01-01', '2017-01-01'),
(65, 65, 7, 'Designer', '2011-01-01', '2016-01-01'),
(66, 66, 2, 'Designer', '2016-01-01', '2015-01-01'),
(67, 67, 8, 'Manager', '2015-01-01', '2013-01-01'),
(68, 68, 3, 'Designer', '2019-01-01', '2011-01-01'),
(69, 69, 7, 'Engineer', '2016-01-01', '2011-01-01'),
(70, 70, 6, 'Engineer', '2012-01-01', '2014-01-01'),
(71, 71, 5, 'Manager', '2010-01-01', '2010-01-01'),
(72, 72, 3, 'Manager', '2019-01-01', '2010-01-01'),
(73, 73, 7, 'Designer', '2019-01-01', '2016-01-01'),
(74, 74, 2, 'Engineer', '2018-01-01', '2018-01-01'),
(75, 75, 5, 'Designer', '2010-01-01', '2015-01-01'),
(76, 76, 7, 'Manager', '2013-01-01', '2012-01-01'),
(77, 77, 4, 'Designer', '2010-01-01', '2017-01-01'),
(78, 78, 7, 'Engineer', '2012-01-01', '2010-01-01'),
(79, 79, 6, 'Designer', '2018-01-01', '2013-01-01'),
(80, 80, 7, 'Engineer', '2014-01-01', '2015-01-01'),
(81, 81, 4, 'Designer', '2012-01-01', '2014-01-01'),
(82, 82, 3, 'Manager', '2017-01-01', '2012-01-01'),
(83, 83, 8, 'Manager', '2016-01-01', '2010-01-01'),
(84, 84, 3, 'Manager', '2012-01-01', '2015-01-01'),
(85, 85, 1, 'Designer', '2011-01-01', '2011-01-01'),
(86, 86, 5, 'Manager', '2016-01-01', '2012-01-01'),
(87, 87, 2, 'Manager', '2018-01-01', '2013-01-01'),
(88, 88, 3, 'Engineer', '2017-01-01', '2014-01-01'),
(89, 89, 2, 'Engineer', '2019-01-01', '2019-01-01'),
(90, 90, 1, 'Manager', '2014-01-01', '2011-01-01'),
(91, 91, 4, 'Designer', '2015-01-01', '2010-01-01'),
(92, 92, 2, 'Manager', '2011-01-01', '2012-01-01'),
(93, 93, 7, 'Manager', '2012-01-01', '2018-01-01'),
(94, 94, 3, 'Manager', '2013-01-01', '2017-01-01'),
(95, 95, 1, 'Engineer', '2015-01-01', '2019-01-01'),
(96, 96, 4, 'Manager', '2013-01-01', '2015-01-01'),
(97, 97, 6, 'Engineer', '2016-01-01', '2014-01-01'),
(98, 98, 4, 'Engineer', '2019-01-01', '2013-01-01'),
(99, 99, 7, 'Manager', '2017-01-01', '2017-01-01'),
(100, 100, 4, 'Designer', '2018-01-01', '2011-01-01');

-- --------------------------------------------------------

--
-- Table structure for table `employee_reviews`
--

CREATE TABLE `employee_reviews` (
  `id` int(11) NOT NULL,
  `employee_id` int(11) NOT NULL,
  `reviewer_id` int(11) NOT NULL,
  `review_date` date NOT NULL,
  `review` text NOT NULL,
  `score` int(11) NOT NULL
) ENGINE=InnoDB DEFAULT CHARSET=utf8mb4 COLLATE=utf8mb4_general_ci;

--
-- Dumping data for table `employee_reviews`
--

INSERT INTO `employee_reviews` (`id`, `employee_id`, `reviewer_id`, `review_date`, `review`, `score`) VALUES
(1, 59, 40, '2023-11-09', 'Employee review', 1),
(2, 77, 31, '2023-11-09', 'Employee review', 2),
(3, 16, 12, '2023-11-09', 'Employee review', 1),
(4, 35, 32, '2023-11-09', 'Employee review', 3),
(5, 75, 16, '2023-11-09', 'Employee review', 3),
(6, 15, 16, '2023-11-09', 'Employee review', 2),
(7, 20, 1, '2023-11-09', 'Employee review', 3),
(8, 20, 64, '2023-11-09', 'Employee review', 4),
(9, 12, 77, '2023-11-09', 'Employee review', 3),
(10, 31, 95, '2023-11-09', 'Employee review', 5),
(11, 44, 60, '2023-11-09', 'Employee review', 4),
(12, 73, 54, '2023-11-09', 'Employee review', 3),
(13, 80, 57, '2023-11-09', 'Employee review', 3),
(14, 51, 21, '2023-11-09', 'Employee review', 3),
(15, 97, 32, '2023-11-09', 'Employee review', 4),
(16, 39, 94, '2023-11-09', 'Employee review', 3),
(17, 84, 60, '2023-11-09', 'Employee review', 3),
(18, 70, 2, '2023-11-09', 'Employee review', 5),
(19, 75, 86, '2023-11-09', 'Employee review', 1),
(20, 84, 96, '2023-11-09', 'Employee review', 2),
(21, 45, 44, '2023-11-09', 'Employee review', 5),
(22, 94, 16, '2023-11-09', 'Employee review', 5),
(23, 27, 49, '2023-11-09', 'Employee review', 4),
(24, 85, 26, '2023-11-09', 'Employee review', 4),
(25, 83, 1, '2023-11-09', 'Employee review', 3),
(26, 55, 24, '2023-11-09', 'Employee review', 3),
(27, 87, 80, '2023-11-09', 'Employee review', 3),
(28, 59, 77, '2023-11-09', 'Employee review', 1),
(29, 14, 39, '2023-11-09', 'Employee review', 3),
(30, 63, 49, '2023-11-09', 'Employee review', 3),
(31, 29, 80, '2023-11-09', 'Employee review', 1),
(32, 25, 86, '2023-11-09', 'Employee review', 3),
(33, 15, 9, '2023-11-09', 'Employee review', 1),
(34, 82, 6, '2023-11-09', 'Employee review', 4),
(35, 83, 75, '2023-11-09', 'Employee review', 2),
(36, 18, 1, '2023-11-09', 'Employee review', 3),
(37, 46, 82, '2023-11-09', 'Employee review', 4),
(38, 21, 84, '2023-11-09', 'Employee review', 3),
(39, 41, 29, '2023-11-09', 'Employee review', 1),
(40, 12, 98, '2023-11-09', 'Employee review', 3),
(41, 91, 85, '2023-11-09', 'Employee review', 3),
(42, 99, 46, '2023-11-09', 'Employee review', 2),
(43, 15, 83, '2023-11-09', 'Employee review', 4),
(44, 13, 44, '2023-11-09', 'Employee review', 5),
(45, 87, 84, '2023-11-09', 'Employee review', 3),
(46, 45, 46, '2023-11-09', 'Employee review', 5),
(47, 33, 80, '2023-11-09', 'Employee review', 1),
(48, 80, 87, '2023-11-09', 'Employee review', 5),
(49, 28, 43, '2023-11-09', 'Employee review', 2),
(50, 33, 68, '2023-11-09', 'Employee review', 3),
(51, 10, 21, '2023-11-09', 'Employee review', 4),
(52, 8, 18, '2023-11-09', 'Employee review', 4),
(53, 73, 69, '2023-11-09', 'Employee review', 2),
(54, 33, 79, '2023-11-09', 'Employee review', 5),
(55, 44, 33, '2023-11-09', 'Employee review', 2),
(56, 65, 26, '2023-11-09', 'Employee review', 2),
(57, 88, 44, '2023-11-09', 'Employee review', 3),
(58, 41, 40, '2023-11-09', 'Employee review', 4),
(59, 65, 96, '2023-11-09', 'Employee review', 5),
(60, 36, 24, '2023-11-09', 'Employee review', 1),
(61, 81, 77, '2023-11-09', 'Employee review', 3),
(62, 72, 39, '2023-11-09', 'Employee review', 4),
(63, 73, 32, '2023-11-09', 'Employee review', 2),
(64, 93, 54, '2023-11-09', 'Employee review', 5),
(65, 98, 17, '2023-11-09', 'Employee review', 5),
(66, 91, 92, '2023-11-09', 'Employee review', 5),
(67, 57, 24, '2023-11-09', 'Employee review', 3),
(68, 66, 89, '2023-11-09', 'Employee review', 3),
(69, 76, 36, '2023-11-09', 'Employee review', 3),
(70, 46, 77, '2023-11-09', 'Employee review', 3),
(71, 15, 27, '2023-11-09', 'Employee review', 5),
(72, 57, 23, '2023-11-09', 'Employee review', 3),
(73, 39, 70, '2023-11-09', 'Employee review', 2),
(74, 71, 44, '2023-11-09', 'Employee review', 1),
(75, 16, 47, '2023-11-09', 'Employee review', 5),
(76, 9, 75, '2023-11-09', 'Employee review', 3),
(77, 10, 8, '2023-11-09', 'Employee review', 1),
(78, 31, 22, '2023-11-09', 'Employee review', 1),
(79, 10, 5, '2023-11-09', 'Employee review', 5),
(80, 59, 13, '2023-11-09', 'Employee review', 5),
(81, 92, 4, '2023-11-09', 'Employee review', 2),
(82, 89, 26, '2023-11-09', 'Employee review', 4),
(83, 27, 52, '2023-11-09', 'Employee review', 4),
(84, 33, 34, '2023-11-09', 'Employee review', 4),
(85, 39, 92, '2023-11-09', 'Employee review', 3),
(86, 41, 73, '2023-11-09', 'Employee review', 3),
(87, 98, 63, '2023-11-09', 'Employee review', 1),
(88, 5, 67, '2023-11-09', 'Employee review', 2),
(89, 15, 5, '2023-11-09', 'Employee review', 4),
(90, 75, 44, '2023-11-09', 'Employee review', 5),
(91, 29, 67, '2023-11-09', 'Employee review', 3),
(92, 44, 71, '2023-11-09', 'Employee review', 2),
(93, 23, 30, '2023-11-09', 'Employee review', 5),
(94, 17, 42, '2023-11-09', 'Employee review', 3),
(95, 67, 61, '2023-11-09', 'Employee review', 1),
(96, 36, 69, '2023-11-09', 'Employee review', 2),
(97, 78, 80, '2023-11-09', 'Employee review', 4),
(98, 90, 52, '2023-11-09', 'Employee review', 5),
(99, 99, 26, '2023-11-09', 'Employee review', 2),
(100, 57, 8, '2023-11-09', 'Employee review', 4),
(101, 99, 7, '2023-11-09', 'Employee review', 2),
(102, 45, 26, '2023-11-09', 'Employee review', 5),
(103, 96, 98, '2023-11-09', 'Employee review', 1),
(104, 20, 91, '2023-11-09', 'Employee review', 5),
(105, 98, 10, '2023-11-09', 'Employee review', 3),
(106, 36, 19, '2023-11-09', 'Employee review', 5),
(107, 88, 73, '2023-11-09', 'Employee review', 1),
(108, 86, 28, '2023-11-09', 'Employee review', 5),
(109, 24, 74, '2023-11-09', 'Employee review', 5),
(110, 67, 45, '2023-11-09', 'Employee review', 2),
(111, 68, 79, '2023-11-09', 'Employee review', 5),
(112, 19, 20, '2023-11-09', 'Employee review', 3),
(113, 52, 32, '2023-11-09', 'Employee review', 1),
(114, 22, 98, '2023-11-09', 'Employee review', 2),
(115, 40, 20, '2023-11-09', 'Employee review', 4),
(116, 30, 15, '2023-11-09', 'Employee review', 5),
(117, 74, 21, '2023-11-09', 'Employee review', 5),
(118, 49, 97, '2023-11-09', 'Employee review', 2),
(119, 8, 17, '2023-11-09', 'Employee review', 4),
(120, 54, 87, '2023-11-09', 'Employee review', 4),
(121, 12, 34, '2023-11-09', 'Employee review', 2),
(122, 73, 62, '2023-11-09', 'Employee review', 5),
(123, 70, 78, '2023-11-09', 'Employee review', 4),
(124, 64, 82, '2023-11-09', 'Employee review', 1),
(125, 50, 91, '2023-11-09', 'Employee review', 1),
(126, 63, 91, '2023-11-09', 'Employee review', 4),
(127, 70, 46, '2023-11-09', 'Employee review', 1),
(128, 58, 31, '2023-11-09', 'Employee review', 4),
(129, 3, 78, '2023-11-09', 'Employee review', 5),
(130, 84, 72, '2023-11-09', 'Employee review', 1),
(131, 7, 19, '2023-11-09', 'Employee review', 4),
(132, 16, 57, '2023-11-09', 'Employee review', 2),
(133, 17, 72, '2023-11-09', 'Employee review', 1),
(134, 31, 24, '2023-11-09', 'Employee review', 2),
(135, 69, 63, '2023-11-09', 'Employee review', 1),
(136, 47, 14, '2023-11-09', 'Employee review', 2),
(137, 85, 51, '2023-11-09', 'Employee review', 5),
(138, 45, 26, '2023-11-09', 'Employee review', 5),
(139, 95, 94, '2023-11-09', 'Employee review', 5),
(140, 45, 67, '2023-11-09', 'Employee review', 1),
(141, 99, 97, '2023-11-09', 'Employee review', 5),
(142, 51, 91, '2023-11-09', 'Employee review', 1),
(143, 32, 56, '2023-11-09', 'Employee review', 5),
(144, 60, 43, '2023-11-09', 'Employee review', 2),
(145, 49, 39, '2023-11-09', 'Employee review', 3),
(146, 22, 67, '2023-11-09', 'Employee review', 4),
(147, 45, 19, '2023-11-09', 'Employee review', 3),
(148, 36, 4, '2023-11-09', 'Employee review', 1),
(149, 43, 84, '2023-11-09', 'Employee review', 5),
(150, 6, 51, '2023-11-09', 'Employee review', 3),
(151, 53, 42, '2023-11-09', 'Employee review', 3),
(152, 15, 31, '2023-11-09', 'Employee review', 1),
(153, 52, 33, '2023-11-09', 'Employee review', 1),
(154, 36, 59, '2023-11-09', 'Employee review', 5),
(155, 68, 72, '2023-11-09', 'Employee review', 3),
(156, 67, 67, '2023-11-09', 'Employee review', 2),
(157, 70, 46, '2023-11-09', 'Employee review', 1),
(158, 62, 51, '2023-11-09', 'Employee review', 4),
(159, 91, 50, '2023-11-09', 'Employee review', 4),
(160, 29, 17, '2023-11-09', 'Employee review', 5),
(161, 43, 19, '2023-11-09', 'Employee review', 4),
(162, 65, 34, '2023-11-09', 'Employee review', 4),
(163, 60, 82, '2023-11-09', 'Employee review', 2),
(164, 9, 51, '2023-11-09', 'Employee review', 2),
(165, 92, 76, '2023-11-09', 'Employee review', 1),
(166, 90, 39, '2023-11-09', 'Employee review', 2),
(167, 9, 68, '2023-11-09', 'Employee review', 1),
(168, 72, 16, '2023-11-09', 'Employee review', 3),
(169, 52, 83, '2023-11-09', 'Employee review', 3),
(170, 45, 47, '2023-11-09', 'Employee review', 1),
(171, 60, 98, '2023-11-09', 'Employee review', 1),
(172, 70, 13, '2023-11-09', 'Employee review', 3),
(173, 16, 25, '2023-11-09', 'Employee review', 4),
(174, 15, 40, '2023-11-09', 'Employee review', 3),
(175, 65, 54, '2023-11-09', 'Employee review', 4),
(176, 16, 50, '2023-11-09', 'Employee review', 1),
(177, 64, 15, '2023-11-09', 'Employee review', 4),
(178, 48, 7, '2023-11-09', 'Employee review', 5),
(179, 22, 44, '2023-11-09', 'Employee review', 3),
(180, 38, 27, '2023-11-09', 'Employee review', 2),
(181, 26, 63, '2023-11-09', 'Employee review', 2),
(182, 9, 26, '2023-11-09', 'Employee review', 1),
(183, 41, 93, '2023-11-09', 'Employee review', 3),
(184, 45, 90, '2023-11-09', 'Employee review', 1),
(185, 8, 92, '2023-11-09', 'Employee review', 2),
(186, 8, 27, '2023-11-09', 'Employee review', 1),
(187, 74, 41, '2023-11-09', 'Employee review', 4),
(188, 77, 45, '2023-11-09', 'Employee review', 5),
(189, 30, 72, '2023-11-09', 'Employee review', 4),
(190, 33, 55, '2023-11-09', 'Employee review', 4),
(191, 23, 81, '2023-11-09', 'Employee review', 2),
(192, 43, 2, '2023-11-09', 'Employee review', 4),
(193, 94, 32, '2023-11-09', 'Employee review', 4),
(194, 88, 14, '2023-11-09', 'Employee review', 5),
(195, 57, 89, '2023-11-09', 'Employee review', 4),
(196, 3, 90, '2023-11-09', 'Employee review', 3),
(197, 59, 56, '2023-11-09', 'Employee review', 1),
(198, 42, 6, '2023-11-09', 'Employee review', 1),
(199, 95, 70, '2023-11-09', 'Employee review', 4),
(200, 7, 42, '2023-11-09', 'Employee review', 5),
(201, 18, 24, '2023-11-09', 'Employee review', 4),
(202, 46, 41, '2023-11-09', 'Employee review', 4),
(203, 18, 83, '2023-11-09', 'Employee review', 4),
(204, 69, 55, '2023-11-09', 'Employee review', 4),
(205, 78, 85, '2023-11-09', 'Employee review', 5),
(206, 92, 95, '2023-11-09', 'Employee review', 5),
(207, 13, 64, '2023-11-09', 'Employee review', 5),
(208, 20, 49, '2023-11-09', 'Employee review', 5),
(209, 98, 24, '2023-11-09', 'Employee review', 2),
(210, 44, 53, '2023-11-09', 'Employee review', 2),
(211, 91, 67, '2023-11-09', 'Employee review', 4),
(212, 11, 64, '2023-11-09', 'Employee review', 5),
(213, 61, 33, '2023-11-09', 'Employee review', 5),
(214, 13, 14, '2023-11-09', 'Employee review', 2),
(215, 22, 13, '2023-11-09', 'Employee review', 5),
(216, 48, 47, '2023-11-09', 'Employee review', 5),
(217, 25, 42, '2023-11-09', 'Employee review', 2),
(218, 55, 67, '2023-11-09', 'Employee review', 4),
(219, 45, 17, '2023-11-09', 'Employee review', 3),
(220, 98, 44, '2023-11-09', 'Employee review', 2),
(221, 91, 81, '2023-11-09', 'Employee review', 2),
(222, 17, 86, '2023-11-09', 'Employee review', 5),
(223, 50, 3, '2023-11-09', 'Employee review', 4),
(224, 23, 14, '2023-11-09', 'Employee review', 5),
(225, 55, 78, '2023-11-09', 'Employee review', 2),
(226, 95, 1, '2023-11-09', 'Employee review', 1),
(227, 73, 20, '2023-11-09', 'Employee review', 4),
(228, 41, 63, '2023-11-09', 'Employee review', 5),
(229, 88, 53, '2023-11-09', 'Employee review', 1),
(230, 49, 42, '2023-11-09', 'Employee review', 4),
(231, 77, 4, '2023-11-09', 'Employee review', 5),
(232, 17, 27, '2023-11-09', 'Employee review', 5),
(233, 37, 35, '2023-11-09', 'Employee review', 4),
(234, 15, 79, '2023-11-09', 'Employee review', 3),
(235, 41, 35, '2023-11-09', 'Employee review', 3),
(236, 57, 29, '2023-11-09', 'Employee review', 4),
(237, 85, 2, '2023-11-09', 'Employee review', 3),
(238, 64, 60, '2023-11-09', 'Employee review', 1),
(239, 61, 80, '2023-11-09', 'Employee review', 1),
(240, 48, 87, '2023-11-09', 'Employee review', 5),
(241, 98, 16, '2023-11-09', 'Employee review', 5),
(242, 65, 79, '2023-11-09', 'Employee review', 5),
(243, 60, 5, '2023-11-09', 'Employee review', 2),
(244, 86, 11, '2023-11-09', 'Employee review', 5),
(245, 41, 21, '2023-11-09', 'Employee review', 5),
(246, 40, 58, '2023-11-09', 'Employee review', 4),
(247, 72, 55, '2023-11-09', 'Employee review', 3),
(248, 26, 56, '2023-11-09', 'Employee review', 1),
(249, 36, 76, '2023-11-09', 'Employee review', 4),
(250, 44, 97, '2023-11-09', 'Employee review', 3),
(251, 72, 4, '2023-11-09', 'Employee review', 1),
(252, 99, 91, '2023-11-09', 'Employee review', 3),
(253, 17, 11, '2023-11-09', 'Employee review', 1),
(254, 72, 59, '2023-11-09', 'Employee review', 4),
(255, 9, 13, '2023-11-09', 'Employee review', 2),
(256, 50, 39, '2023-11-09', 'Employee review', 3),
(257, 1, 73, '2023-11-09', 'Employee review', 4),
(258, 8, 39, '2023-11-09', 'Employee review', 4),
(259, 44, 4, '2023-11-09', 'Employee review', 5),
(260, 16, 21, '2023-11-09', 'Employee review', 3),
(261, 33, 88, '2023-11-09', 'Employee review', 3),
(262, 50, 21, '2023-11-09', 'Employee review', 3),
(263, 96, 28, '2023-11-09', 'Employee review', 3),
(264, 69, 92, '2023-11-09', 'Employee review', 3),
(265, 92, 3, '2023-11-09', 'Employee review', 2),
(266, 61, 7, '2023-11-09', 'Employee review', 3),
(267, 20, 54, '2023-11-09', 'Employee review', 1),
(268, 5, 83, '2023-11-09', 'Employee review', 1),
(269, 66, 20, '2023-11-09', 'Employee review', 1),
(270, 42, 8, '2023-11-09', 'Employee review', 1),
(271, 36, 44, '2023-11-09', 'Employee review', 1),
(272, 41, 62, '2023-11-09', 'Employee review', 5),
(273, 37, 31, '2023-11-09', 'Employee review', 3),
(274, 19, 68, '2023-11-09', 'Employee review', 5),
(275, 18, 33, '2023-11-09', 'Employee review', 1),
(276, 69, 5, '2023-11-09', 'Employee review', 1),
(277, 61, 63, '2023-11-09', 'Employee review', 2),
(278, 57, 96, '2023-11-09', 'Employee review', 1),
(279, 78, 50, '2023-11-09', 'Employee review', 1),
(280, 30, 99, '2023-11-09', 'Employee review', 1),
(281, 55, 44, '2023-11-09', 'Employee review', 3),
(282, 30, 92, '2023-11-09', 'Employee review', 4),
(283, 89, 25, '2023-11-09', 'Employee review', 3),
(284, 7, 65, '2023-11-09', 'Employee review', 1),
(285, 30, 35, '2023-11-09', 'Employee review', 5),
(286, 17, 32, '2023-11-09', 'Employee review', 1),
(287, 47, 11, '2023-11-09', 'Employee review', 1),
(288, 20, 69, '2023-11-09', 'Employee review', 5),
(289, 24, 60, '2023-11-09', 'Employee review', 2),
(290, 67, 48, '2023-11-09', 'Employee review', 2),
(291, 36, 74, '2023-11-09', 'Employee review', 4),
(292, 87, 49, '2023-11-09', 'Employee review', 5),
(293, 82, 54, '2023-11-09', 'Employee review', 2),
(294, 52, 90, '2023-11-09', 'Employee review', 5),
(295, 14, 78, '2023-11-09', 'Employee review', 3),
(296, 7, 87, '2023-11-09', 'Employee review', 1),
(297, 32, 2, '2023-11-09', 'Employee review', 1),
(298, 62, 69, '2023-11-09', 'Employee review', 3),
(299, 88, 64, '2023-11-09', 'Employee review', 3),
(300, 90, 83, '2023-11-09', 'Employee review', 3),
(301, 69, 16, '2023-11-09', 'Employee review', 4),
(302, 1, 92, '2023-11-09', 'Employee review', 4),
(303, 33, 78, '2023-11-09', 'Employee review', 5),
(304, 25, 48, '2023-11-09', 'Employee review', 4),
(305, 77, 95, '2023-11-09', 'Employee review', 3),
(306, 42, 74, '2023-11-09', 'Employee review', 3),
(307, 96, 52, '2023-11-09', 'Employee review', 4),
(308, 88, 34, '2023-11-09', 'Employee review', 1),
(309, 29, 25, '2023-11-09', 'Employee review', 2),
(310, 20, 81, '2023-11-09', 'Employee review', 3),
(311, 1, 54, '2023-11-09', 'Employee review', 4),
(312, 93, 55, '2023-11-09', 'Employee review', 5),
(313, 93, 94, '2023-11-09', 'Employee review', 5),
(314, 78, 16, '2023-11-09', 'Employee review', 3),
(315, 56, 60, '2023-11-09', 'Employee review', 2),
(316, 79, 98, '2023-11-09', 'Employee review', 3),
(317, 92, 88, '2023-11-09', 'Employee review', 4),
(318, 61, 10, '2023-11-09', 'Employee review', 4),
(319, 99, 1, '2023-11-09', 'Employee review', 1),
(320, 14, 58, '2023-11-09', 'Employee review', 3),
(321, 84, 65, '2023-11-09', 'Employee review', 4),
(322, 74, 50, '2023-11-09', 'Employee review', 2),
(323, 75, 1, '2023-11-09', 'Employee review', 4),
(324, 90, 19, '2023-11-09', 'Employee review', 2),
(325, 47, 73, '2023-11-09', 'Employee review', 2),
(326, 14, 86, '2023-11-09', 'Employee review', 5),
(327, 90, 85, '2023-11-09', 'Employee review', 3),
(328, 14, 8, '2023-11-09', 'Employee review', 5),
(329, 60, 12, '2023-11-09', 'Employee review', 4),
(330, 42, 85, '2023-11-09', 'Employee review', 5),
(331, 41, 7, '2023-11-09', 'Employee review', 1),
(332, 29, 14, '2023-11-09', 'Employee review', 5),
(333, 64, 78, '2023-11-09', 'Employee review', 5),
(334, 58, 96, '2023-11-09', 'Employee review', 1),
(335, 50, 26, '2023-11-09', 'Employee review', 5),
(336, 25, 82, '2023-11-09', 'Employee review', 2),
(337, 33, 56, '2023-11-09', 'Employee review', 5),
(338, 51, 5, '2023-11-09', 'Employee review', 4),
(339, 29, 39, '2023-11-09', 'Employee review', 1),
(340, 21, 80, '2023-11-09', 'Employee review', 3),
(341, 67, 9, '2023-11-09', 'Employee review', 3),
(342, 96, 47, '2023-11-09', 'Employee review', 3),
(343, 97, 44, '2023-11-09', 'Employee review', 2),
(344, 13, 75, '2023-11-09', 'Employee review', 2),
(345, 69, 31, '2023-11-09', 'Employee review', 3),
(346, 32, 26, '2023-11-09', 'Employee review', 2),
(347, 81, 13, '2023-11-09', 'Employee review', 1),
(348, 53, 13, '2023-11-09', 'Employee review', 1),
(349, 72, 54, '2023-11-09', 'Employee review', 3),
(350, 13, 96, '2023-11-09', 'Employee review', 3),
(351, 35, 38, '2023-11-09', 'Employee review', 5),
(352, 22, 47, '2023-11-09', 'Employee review', 4),
(353, 13, 51, '2023-11-09', 'Employee review', 1),
(354, 23, 70, '2023-11-09', 'Employee review', 5),
(355, 7, 81, '2023-11-09', 'Employee review', 5),
(356, 86, 75, '2023-11-09', 'Employee review', 1),
(357, 64, 65, '2023-11-09', 'Employee review', 2),
(358, 67, 40, '2023-11-09', 'Employee review', 5),
(359, 58, 6, '2023-11-09', 'Employee review', 3),
(360, 42, 56, '2023-11-09', 'Employee review', 3),
(361, 2, 47, '2023-11-09', 'Employee review', 2),
(362, 12, 67, '2023-11-09', 'Employee review', 5),
(363, 96, 83, '2023-11-09', 'Employee review', 2),
(364, 91, 70, '2023-11-09', 'Employee review', 4),
(365, 87, 96, '2023-11-09', 'Employee review', 1),
(366, 9, 83, '2023-11-09', 'Employee review', 5),
(367, 2, 38, '2023-11-09', 'Employee review', 5),
(368, 5, 72, '2023-11-09', 'Employee review', 3),
(369, 30, 99, '2023-11-09', 'Employee review', 1),
(370, 37, 64, '2023-11-09', 'Employee review', 1),
(371, 63, 81, '2023-11-09', 'Employee review', 1),
(372, 39, 44, '2023-11-09', 'Employee review', 1),
(373, 93, 53, '2023-11-09', 'Employee review', 5),
(374, 59, 45, '2023-11-09', 'Employee review', 3),
(375, 10, 98, '2023-11-09', 'Employee review', 4),
(376, 37, 83, '2023-11-09', 'Employee review', 1),
(377, 89, 23, '2023-11-09', 'Employee review', 3),
(378, 56, 47, '2023-11-09', 'Employee review', 4),
(379, 93, 67, '2023-11-09', 'Employee review', 3),
(380, 81, 37, '2023-11-09', 'Employee review', 2),
(381, 89, 25, '2023-11-09', 'Employee review', 3),
(382, 21, 24, '2023-11-09', 'Employee review', 3),
(383, 13, 94, '2023-11-09', 'Employee review', 2),
(384, 85, 26, '2023-11-09', 'Employee review', 4),
(385, 90, 32, '2023-11-09', 'Employee review', 5),
(386, 39, 35, '2023-11-09', 'Employee review', 3),
(387, 79, 28, '2023-11-09', 'Employee review', 5),
(388, 14, 70, '2023-11-09', 'Employee review', 1),
(389, 33, 37, '2023-11-09', 'Employee review', 5),
(390, 26, 66, '2023-11-09', 'Employee review', 3),
(391, 74, 6, '2023-11-09', 'Employee review', 1),
(392, 11, 39, '2023-11-09', 'Employee review', 4),
(393, 93, 78, '2023-11-09', 'Employee review', 1),
(394, 39, 47, '2023-11-09', 'Employee review', 2),
(395, 65, 60, '2023-11-09', 'Employee review', 1),
(396, 58, 66, '2023-11-09', 'Employee review', 3),
(397, 91, 84, '2023-11-09', 'Employee review', 3),
(398, 77, 47, '2023-11-09', 'Employee review', 1),
(399, 74, 63, '2023-11-09', 'Employee review', 5),
(400, 68, 66, '2023-11-09', 'Employee review', 2),
(401, 42, 26, '2023-11-09', 'Employee review', 1),
(402, 34, 64, '2023-11-09', 'Employee review', 1),
(403, 3, 54, '2023-11-09', 'Employee review', 4),
(404, 48, 54, '2023-11-09', 'Employee review', 2),
(405, 66, 54, '2023-11-09', 'Employee review', 4),
(406, 91, 47, '2023-11-09', 'Employee review', 3),
(407, 48, 68, '2023-11-09', 'Employee review', 5),
(408, 83, 22, '2023-11-09', 'Employee review', 4),
(409, 42, 23, '2023-11-09', 'Employee review', 5),
(410, 72, 96, '2023-11-09', 'Employee review', 4),
(411, 40, 1, '2023-11-09', 'Employee review', 5),
(412, 17, 34, '2023-11-09', 'Employee review', 1),
(413, 94, 15, '2023-11-09', 'Employee review', 5),
(414, 10, 73, '2023-11-09', 'Employee review', 2),
(415, 73, 52, '2023-11-09', 'Employee review', 2),
(416, 35, 61, '2023-11-09', 'Employee review', 5),
(417, 16, 78, '2023-11-09', 'Employee review', 3),
(418, 87, 6, '2023-11-09', 'Employee review', 4),
(419, 1, 11, '2023-11-09', 'Employee review', 3),
(420, 42, 45, '2023-11-09', 'Employee review', 5),
(421, 53, 74, '2023-11-09', 'Employee review', 1),
(422, 38, 53, '2023-11-09', 'Employee review', 3),
(423, 96, 30, '2023-11-09', 'Employee review', 3),
(424, 4, 43, '2023-11-09', 'Employee review', 1),
(425, 93, 55, '2023-11-09', 'Employee review', 5),
(426, 96, 9, '2023-11-09', 'Employee review', 3),
(427, 25, 74, '2023-11-09', 'Employee review', 5),
(428, 63, 24, '2023-11-09', 'Employee review', 2),
(429, 76, 94, '2023-11-09', 'Employee review', 3),
(430, 30, 20, '2023-11-09', 'Employee review', 1),
(431, 95, 43, '2023-11-09', 'Employee review', 2),
(432, 11, 70, '2023-11-09', 'Employee review', 1),
(433, 82, 58, '2023-11-09', 'Employee review', 3),
(434, 34, 45, '2023-11-09', 'Employee review', 2),
(435, 71, 92, '2023-11-09', 'Employee review', 3),
(436, 67, 87, '2023-11-09', 'Employee review', 2),
(437, 30, 32, '2023-11-09', 'Employee review', 4),
(438, 64, 5, '2023-11-09', 'Employee review', 2),
(439, 39, 3, '2023-11-09', 'Employee review', 5),
(440, 73, 78, '2023-11-09', 'Employee review', 4),
(441, 16, 70, '2023-11-09', 'Employee review', 1),
(442, 7, 23, '2023-11-09', 'Employee review', 5),
(443, 94, 96, '2023-11-09', 'Employee review', 5),
(444, 9, 42, '2023-11-09', 'Employee review', 5),
(445, 8, 75, '2023-11-09', 'Employee review', 3),
(446, 48, 75, '2023-11-09', 'Employee review', 2),
(447, 42, 9, '2023-11-09', 'Employee review', 1),
(448, 57, 35, '2023-11-09', 'Employee review', 1),
(449, 16, 68, '2023-11-09', 'Employee review', 5),
(450, 55, 99, '2023-11-09', 'Employee review', 2),
(451, 65, 29, '2023-11-09', 'Employee review', 3),
(452, 60, 52, '2023-11-09', 'Employee review', 4),
(453, 38, 51, '2023-11-09', 'Employee review', 3),
(454, 71, 19, '2023-11-09', 'Employee review', 5),
(455, 55, 30, '2023-11-09', 'Employee review', 5),
(456, 16, 37, '2023-11-09', 'Employee review', 2),
(457, 71, 48, '2023-11-09', 'Employee review', 2),
(458, 78, 20, '2023-11-09', 'Employee review', 4),
(459, 51, 68, '2023-11-09', 'Employee review', 5),
(460, 33, 1, '2023-11-09', 'Employee review', 1),
(461, 25, 11, '2023-11-09', 'Employee review', 4),
(462, 44, 96, '2023-11-09', 'Employee review', 3),
(463, 63, 65, '2023-11-09', 'Employee review', 2),
(464, 80, 97, '2023-11-09', 'Employee review', 3),
(465, 40, 60, '2023-11-09', 'Employee review', 5),
(466, 22, 69, '2023-11-09', 'Employee review', 4),
(467, 90, 12, '2023-11-09', 'Employee review', 5),
(468, 14, 97, '2023-11-09', 'Employee review', 3),
(469, 45, 82, '2023-11-09', 'Employee review', 4),
(470, 27, 12, '2023-11-09', 'Employee review', 4),
(471, 55, 40, '2023-11-09', 'Employee review', 2),
(472, 59, 89, '2023-11-09', 'Employee review', 4),
(473, 73, 61, '2023-11-09', 'Employee review', 5),
(474, 42, 56, '2023-11-09', 'Employee review', 3),
(475, 4, 53, '2023-11-09', 'Employee review', 3),
(476, 28, 65, '2023-11-09', 'Employee review', 3),
(477, 22, 78, '2023-11-09', 'Employee review', 2),
(478, 5, 38, '2023-11-09', 'Employee review', 4),
(479, 72, 27, '2023-11-09', 'Employee review', 1),
(480, 16, 19, '2023-11-09', 'Employee review', 3),
(481, 82, 67, '2023-11-09', 'Employee review', 5),
(482, 43, 47, '2023-11-09', 'Employee review', 1),
(483, 97, 62, '2023-11-09', 'Employee review', 1),
(484, 11, 96, '2023-11-09', 'Employee review', 3),
(485, 51, 13, '2023-11-09', 'Employee review', 1),
(486, 8, 12, '2023-11-09', 'Employee review', 2),
(487, 34, 70, '2023-11-09', 'Employee review', 3),
(488, 33, 19, '2023-11-09', 'Employee review', 5),
(489, 11, 75, '2023-11-09', 'Employee review', 3),
(490, 93, 35, '2023-11-09', 'Employee review', 5),
(491, 71, 72, '2023-11-09', 'Employee review', 3),
(492, 7, 1, '2023-11-09', 'Employee review', 5),
(493, 2, 68, '2023-11-09', 'Employee review', 2),
(494, 68, 36, '2023-11-09', 'Employee review', 4),
(495, 71, 31, '2023-11-09', 'Employee review', 3),
(496, 7, 15, '2023-11-09', 'Employee review', 3),
(497, 21, 46, '2023-11-09', 'Employee review', 4),
(498, 5, 16, '2023-11-09', 'Employee review', 4),
(499, 72, 70, '2023-11-09', 'Employee review', 2),
(500, 54, 73, '2023-11-09', 'Employee review', 1),
(501, 88, 40, '2023-11-09', 'Employee review', 2),
(502, 41, 7, '2023-11-09', 'Employee review', 1),
(503, 39, 60, '2023-11-09', 'Employee review', 5),
(504, 28, 93, '2023-11-09', 'Employee review', 5),
(505, 39, 42, '2023-11-09', 'Employee review', 5),
(506, 40, 22, '2023-11-09', 'Employee review', 5),
(507, 77, 20, '2023-11-09', 'Employee review', 4),
(508, 74, 73, '2023-11-09', 'Employee review', 3),
(509, 82, 92, '2023-11-09', 'Employee review', 1),
(510, 92, 23, '2023-11-09', 'Employee review', 2),
(511, 96, 86, '2023-11-09', 'Employee review', 3),
(512, 45, 2, '2023-11-09', 'Employee review', 4),
(513, 61, 86, '2023-11-09', 'Employee review', 3),
(514, 74, 31, '2023-11-09', 'Employee review', 2),
(515, 64, 26, '2023-11-09', 'Employee review', 2),
(516, 15, 59, '2023-11-09', 'Employee review', 3),
(517, 70, 4, '2023-11-09', 'Employee review', 1),
(518, 19, 77, '2023-11-09', 'Employee review', 2),
(519, 13, 78, '2023-11-09', 'Employee review', 3),
(520, 24, 65, '2023-11-09', 'Employee review', 3),
(521, 66, 76, '2023-11-09', 'Employee review', 4),
(522, 71, 15, '2023-11-09', 'Employee review', 4),
(523, 62, 29, '2023-11-09', 'Employee review', 3),
(524, 90, 87, '2023-11-09', 'Employee review', 4),
(525, 61, 12, '2023-11-09', 'Employee review', 4),
(526, 46, 2, '2023-11-09', 'Employee review', 4),
(527, 44, 10, '2023-11-09', 'Employee review', 1),
(528, 46, 86, '2023-11-09', 'Employee review', 5),
(529, 4, 42, '2023-11-09', 'Employee review', 5),
(530, 69, 49, '2023-11-09', 'Employee review', 2),
(531, 38, 77, '2023-11-09', 'Employee review', 4),
(532, 45, 99, '2023-11-09', 'Employee review', 4),
(533, 3, 33, '2023-11-09', 'Employee review', 3),
(534, 86, 59, '2023-11-09', 'Employee review', 2),
(535, 16, 61, '2023-11-09', 'Employee review', 3),
(536, 16, 96, '2023-11-09', 'Employee review', 2),
(537, 4, 3, '2023-11-09', 'Employee review', 5),
(538, 89, 48, '2023-11-09', 'Employee review', 4),
(539, 29, 21, '2023-11-09', 'Employee review', 1),
(540, 27, 78, '2023-11-09', 'Employee review', 1),
(541, 34, 26, '2023-11-09', 'Employee review', 2),
(542, 61, 24, '2023-11-09', 'Employee review', 2),
(543, 98, 91, '2023-11-09', 'Employee review', 3),
(544, 24, 39, '2023-11-09', 'Employee review', 2),
(545, 13, 86, '2023-11-09', 'Employee review', 5),
(546, 14, 82, '2023-11-09', 'Employee review', 4),
(547, 4, 9, '2023-11-09', 'Employee review', 2),
(548, 40, 98, '2023-11-09', 'Employee review', 4),
(549, 69, 27, '2023-11-09', 'Employee review', 2),
(550, 53, 84, '2023-11-09', 'Employee review', 4),
(551, 60, 15, '2023-11-09', 'Employee review', 5),
(552, 11, 79, '2023-11-09', 'Employee review', 4),
(553, 94, 72, '2023-11-09', 'Employee review', 4),
(554, 79, 60, '2023-11-09', 'Employee review', 4),
(555, 23, 32, '2023-11-09', 'Employee review', 5),
(556, 52, 93, '2023-11-09', 'Employee review', 1),
(557, 62, 87, '2023-11-09', 'Employee review', 3),
(558, 84, 73, '2023-11-09', 'Employee review', 1),
(559, 45, 84, '2023-11-09', 'Employee review', 5),
(560, 85, 63, '2023-11-09', 'Employee review', 4),
(561, 15, 88, '2023-11-09', 'Employee review', 5),
(562, 33, 67, '2023-11-09', 'Employee review', 2),
(563, 82, 99, '2023-11-09', 'Employee review', 3),
(564, 60, 47, '2023-11-09', 'Employee review', 3),
(565, 21, 47, '2023-11-09', 'Employee review', 4),
(566, 31, 30, '2023-11-09', 'Employee review', 3),
(567, 4, 40, '2023-11-09', 'Employee review', 5),
(568, 34, 96, '2023-11-09', 'Employee review', 5),
(569, 20, 52, '2023-11-09', 'Employee review', 1),
(570, 46, 29, '2023-11-09', 'Employee review', 1),
(571, 53, 42, '2023-11-09', 'Employee review', 3),
(572, 31, 1, '2023-11-09', 'Employee review', 1),
(573, 41, 78, '2023-11-09', 'Employee review', 4),
(574, 8, 32, '2023-11-09', 'Employee review', 2),
(575, 82, 5, '2023-11-09', 'Employee review', 4),
(576, 75, 43, '2023-11-09', 'Employee review', 5),
(577, 19, 25, '2023-11-09', 'Employee review', 4),
(578, 59, 96, '2023-11-09', 'Employee review', 1),
(579, 32, 45, '2023-11-09', 'Employee review', 2),
(580, 18, 95, '2023-11-09', 'Employee review', 2),
(581, 48, 59, '2023-11-09', 'Employee review', 3),
(582, 79, 43, '2023-11-09', 'Employee review', 4),
(583, 62, 76, '2023-11-09', 'Employee review', 5),
(584, 48, 52, '2023-11-09', 'Employee review', 1),
(585, 22, 63, '2023-11-09', 'Employee review', 3),
(586, 57, 40, '2023-11-09', 'Employee review', 2),
(587, 9, 67, '2023-11-09', 'Employee review', 1),
(588, 38, 67, '2023-11-09', 'Employee review', 2),
(589, 8, 71, '2023-11-09', 'Employee review', 2),
(590, 53, 65, '2023-11-09', 'Employee review', 4),
(591, 41, 1, '2023-11-09', 'Employee review', 5),
(592, 5, 78, '2023-11-09', 'Employee review', 4),
(593, 61, 65, '2023-11-09', 'Employee review', 3),
(594, 34, 32, '2023-11-09', 'Employee review', 3),
(595, 86, 61, '2023-11-09', 'Employee review', 3),
(596, 59, 48, '2023-11-09', 'Employee review', 4),
(597, 82, 17, '2023-11-09', 'Employee review', 2),
(598, 34, 59, '2023-11-09', 'Employee review', 5),
(599, 84, 44, '2023-11-09', 'Employee review', 4),
(600, 10, 44, '2023-11-09', 'Employee review', 5),
(601, 28, 61, '2023-11-09', 'Employee review', 2),
(602, 26, 62, '2023-11-09', 'Employee review', 2),
(603, 95, 67, '2023-11-09', 'Employee review', 3),
(604, 42, 64, '2023-11-09', 'Employee review', 5),
(605, 78, 10, '2023-11-09', 'Employee review', 1),
(606, 32, 22, '2023-11-09', 'Employee review', 1),
(607, 8, 95, '2023-11-09', 'Employee review', 3),
(608, 90, 85, '2023-11-09', 'Employee review', 3),
(609, 14, 6, '2023-11-09', 'Employee review', 5),
(610, 29, 75, '2023-11-09', 'Employee review', 5),
(611, 33, 89, '2023-11-09', 'Employee review', 3),
(612, 79, 45, '2023-11-09', 'Employee review', 5),
(613, 13, 93, '2023-11-09', 'Employee review', 2),
(614, 68, 51, '2023-11-09', 'Employee review', 3),
(615, 10, 90, '2023-11-09', 'Employee review', 2),
(616, 48, 68, '2023-11-09', 'Employee review', 5),
(617, 74, 84, '2023-11-09', 'Employee review', 1),
(618, 51, 52, '2023-11-09', 'Employee review', 1),
(619, 73, 49, '2023-11-09', 'Employee review', 2),
(620, 74, 98, '2023-11-09', 'Employee review', 4),
(621, 54, 58, '2023-11-09', 'Employee review', 2),
(622, 83, 20, '2023-11-09', 'Employee review', 3),
(623, 83, 72, '2023-11-09', 'Employee review', 1),
(624, 42, 74, '2023-11-09', 'Employee review', 3),
(625, 4, 81, '2023-11-09', 'Employee review', 5),
(626, 32, 72, '2023-11-09', 'Employee review', 4),
(627, 21, 99, '2023-11-09', 'Employee review', 2),
(628, 92, 46, '2023-11-09', 'Employee review', 3),
(629, 33, 2, '2023-11-09', 'Employee review', 1),
(630, 39, 70, '2023-11-09', 'Employee review', 2),
(631, 50, 54, '2023-11-09', 'Employee review', 1),
(632, 34, 14, '2023-11-09', 'Employee review', 4),
(633, 90, 54, '2023-11-09', 'Employee review', 5),
(634, 25, 32, '2023-11-09', 'Employee review', 5),
(635, 26, 74, '2023-11-09', 'Employee review', 5),
(636, 55, 87, '2023-11-09', 'Employee review', 4),
(637, 2, 89, '2023-11-09', 'Employee review', 3),
(638, 50, 20, '2023-11-09', 'Employee review', 3),
(639, 86, 83, '2023-11-09', 'Employee review', 4),
(640, 49, 63, '2023-11-09', 'Employee review', 4),
(641, 57, 76, '2023-11-09', 'Employee review', 1),
(642, 36, 38, '2023-11-09', 'Employee review', 5),
(643, 11, 96, '2023-11-09', 'Employee review', 3),
(644, 75, 19, '2023-11-09', 'Employee review', 4),
(645, 77, 88, '2023-11-09', 'Employee review', 1),
(646, 75, 52, '2023-11-09', 'Employee review', 2),
(647, 25, 17, '2023-11-09', 'Employee review', 1),
(648, 82, 92, '2023-11-09', 'Employee review', 1),
(649, 91, 19, '2023-11-09', 'Employee review', 1),
(650, 35, 20, '2023-11-09', 'Employee review', 5),
(651, 13, 79, '2023-11-09', 'Employee review', 3),
(652, 55, 2, '2023-11-09', 'Employee review', 3),
(653, 5, 97, '2023-11-09', 'Employee review', 4),
(654, 79, 73, '2023-11-09', 'Employee review', 2),
(655, 16, 97, '2023-11-09', 'Employee review', 2),
(656, 7, 12, '2023-11-09', 'Employee review', 3),
(657, 67, 15, '2023-11-09', 'Employee review', 4),
(658, 23, 91, '2023-11-09', 'Employee review', 5),
(659, 66, 68, '2023-11-09', 'Employee review', 3),
(660, 1, 81, '2023-11-09', 'Employee review', 1),
(661, 68, 36, '2023-11-09', 'Employee review', 4),
(662, 54, 56, '2023-11-09', 'Employee review', 1),
(663, 15, 22, '2023-11-09', 'Employee review', 4),
(664, 73, 62, '2023-11-09', 'Employee review', 5),
(665, 69, 72, '2023-11-09', 'Employee review', 3),
(666, 50, 88, '2023-11-09', 'Employee review', 5),
(667, 7, 48, '2023-11-09', 'Employee review', 2),
(668, 60, 40, '2023-11-09', 'Employee review', 1),
(669, 77, 28, '2023-11-09', 'Employee review', 1),
(670, 51, 36, '2023-11-09', 'Employee review', 2),
(671, 11, 83, '2023-11-09', 'Employee review', 5),
(672, 75, 21, '2023-11-09', 'Employee review', 4),
(673, 28, 3, '2023-11-09', 'Employee review', 2),
(674, 53, 66, '2023-11-09', 'Employee review', 4),
(675, 71, 32, '2023-11-09', 'Employee review', 3),
(676, 38, 48, '2023-11-09', 'Employee review', 2),
(677, 95, 94, '2023-11-09', 'Employee review', 5),
(678, 40, 44, '2023-11-09', 'Employee review', 1),
(679, 83, 5, '2023-11-09', 'Employee review', 4),
(680, 62, 86, '2023-11-09', 'Employee review', 3),
(681, 68, 4, '2023-11-09', 'Employee review', 1),
(682, 51, 19, '2023-11-09', 'Employee review', 3),
(683, 53, 38, '2023-11-09', 'Employee review', 2),
(684, 35, 84, '2023-11-09', 'Employee review', 1),
(685, 33, 12, '2023-11-09', 'Employee review', 4),
(686, 66, 49, '2023-11-09', 'Employee review', 3),
(687, 97, 41, '2023-11-09', 'Employee review', 1),
(688, 34, 34, '2023-11-09', 'Employee review', 4),
(689, 42, 6, '2023-11-09', 'Employee review', 1),
(690, 84, 22, '2023-11-09', 'Employee review', 3),
(691, 17, 12, '2023-11-09', 'Employee review', 1),
(692, 21, 69, '2023-11-09', 'Employee review', 5),
(693, 11, 2, '2023-11-09', 'Employee review', 4),
(694, 71, 31, '2023-11-09', 'Employee review', 3),
(695, 17, 57, '2023-11-09', 'Employee review', 2),
(696, 9, 34, '2023-11-09', 'Employee review', 3),
(697, 25, 88, '2023-11-09', 'Employee review', 4),
(698, 75, 71, '2023-11-09', 'Employee review', 2),
(699, 31, 66, '2023-11-09', 'Employee review', 3),
(700, 6, 7, '2023-11-09', 'Employee review', 1),
(701, 55, 29, '2023-11-09', 'Employee review', 4),
(702, 5, 87, '2023-11-09', 'Employee review', 2),
(703, 67, 59, '2023-11-09', 'Employee review', 5),
(704, 80, 26, '2023-11-09', 'Employee review', 5),
(705, 73, 94, '2023-11-09', 'Employee review', 3),
(706, 92, 93, '2023-11-09', 'Employee review', 5),
(707, 83, 37, '2023-11-09', 'Employee review', 2),
(708, 57, 84, '2023-11-09', 'Employee review', 3),
(709, 97, 40, '2023-11-09', 'Employee review', 1),
(710, 2, 95, '2023-11-09', 'Employee review', 4),
(711, 84, 99, '2023-11-09', 'Employee review', 3),
(712, 22, 77, '2023-11-09', 'Employee review', 2),
(713, 79, 29, '2023-11-09', 'Employee review', 1),
(714, 49, 24, '2023-11-09', 'Employee review', 4),
(715, 81, 94, '2023-11-09', 'Employee review', 2),
(716, 65, 36, '2023-11-09', 'Employee review', 5),
(717, 19, 37, '2023-11-09', 'Employee review', 2),
(718, 37, 95, '2023-11-09', 'Employee review', 4),
(719, 49, 42, '2023-11-09', 'Employee review', 4),
(720, 87, 52, '2023-11-09', 'Employee review', 5),
(721, 16, 97, '2023-11-09', 'Employee review', 2),
(722, 98, 78, '2023-11-09', 'Employee review', 5),
(723, 53, 72, '2023-11-09', 'Employee review', 1),
(724, 87, 33, '2023-11-09', 'Employee review', 1),
(725, 28, 22, '2023-11-09', 'Employee review', 2),
(726, 62, 36, '2023-11-09', 'Employee review', 5),
(727, 57, 8, '2023-11-09', 'Employee review', 4),
(728, 14, 64, '2023-11-09', 'Employee review', 5),
(729, 12, 17, '2023-11-09', 'Employee review', 3),
(730, 92, 15, '2023-11-09', 'Employee review', 5),
(731, 46, 37, '2023-11-09', 'Employee review', 3),
(732, 15, 37, '2023-11-09', 'Employee review', 2),
(733, 87, 19, '2023-11-09', 'Employee review', 2),
(734, 5, 25, '2023-11-09', 'Employee review', 1),
(735, 85, 90, '2023-11-09', 'Employee review', 5),
(736, 12, 69, '2023-11-09', 'Employee review', 1),
(737, 47, 2, '2023-11-09', 'Employee review', 4),
(738, 27, 37, '2023-11-09', 'Employee review', 1),
(739, 12, 44, '2023-11-09', 'Employee review', 5),
(740, 2, 46, '2023-11-09', 'Employee review', 2),
(741, 82, 39, '2023-11-09', 'Employee review', 3),
(742, 18, 47, '2023-11-09', 'Employee review', 5),
(743, 74, 23, '2023-11-09', 'Employee review', 5),
(744, 81, 37, '2023-11-09', 'Employee review', 3),
(745, 95, 54, '2023-11-09', 'Employee review', 5),
(746, 60, 45, '2023-11-09', 'Employee review', 3),
(747, 3, 68, '2023-11-09', 'Employee review', 2),
(748, 66, 29, '2023-11-09', 'Employee review', 3),
(749, 33, 32, '2023-11-09', 'Employee review', 4),
(750, 12, 72, '2023-11-09', 'Employee review', 2),
(751, 20, 16, '2023-11-09', 'Employee review', 1),
(752, 52, 2, '2023-11-09', 'Employee review', 3),
(753, 46, 79, '2023-11-09', 'Employee review', 3),
(754, 61, 25, '2023-11-09', 'Employee review', 3),
(755, 34, 44, '2023-11-09', 'Employee review', 1),
(756, 54, 18, '2023-11-09', 'Employee review', 2),
(757, 92, 73, '2023-11-09', 'Employee review', 5),
(758, 28, 72, '2023-11-09', 'Employee review', 4),
(759, 62, 83, '2023-11-09', 'Employee review', 2),
(760, 98, 6, '2023-11-09', 'Employee review', 2),
(761, 37, 92, '2023-11-09', 'Employee review', 3),
(762, 78, 38, '2023-11-09', 'Employee review', 3),
(763, 52, 2, '2023-11-09', 'Employee review', 3),
(764, 48, 88, '2023-11-09', 'Employee review', 5),
(765, 32, 61, '2023-11-09', 'Employee review', 1),
(766, 62, 82, '2023-11-09', 'Employee review', 2),
(767, 91, 73, '2023-11-09', 'Employee review', 5),
(768, 36, 7, '2023-11-09', 'Employee review', 2),
(769, 13, 85, '2023-11-09', 'Employee review', 5),
(770, 73, 9, '2023-11-09', 'Employee review', 2),
(771, 84, 55, '2023-11-09', 'Employee review', 2),
(772, 47, 69, '2023-11-09', 'Employee review', 1),
(773, 17, 67, '2023-11-09', 'Employee review', 5),
(774, 28, 82, '2023-11-09', 'Employee review', 2),
(775, 92, 78, '2023-11-09', 'Employee review', 1),
(776, 42, 62, '2023-11-09', 'Employee review', 5),
(777, 46, 68, '2023-11-09', 'Employee review', 1),
(778, 13, 53, '2023-11-09', 'Employee review', 2),
(779, 70, 76, '2023-11-09', 'Employee review', 4),
(780, 17, 74, '2023-11-09', 'Employee review', 2),
(781, 92, 92, '2023-11-09', 'Employee review', 5),
(782, 55, 17, '2023-11-09', 'Employee review', 1),
(783, 30, 1, '2023-11-09', 'Employee review', 1),
(784, 72, 18, '2023-11-09', 'Employee review', 4),
(785, 2, 94, '2023-11-09', 'Employee review', 4),
(786, 60, 95, '2023-11-09', 'Employee review', 5),
(787, 92, 75, '2023-11-09', 'Employee review', 5),
(788, 59, 6, '2023-11-09', 'Employee review', 3),
(789, 28, 91, '2023-11-09', 'Employee review', 4),
(790, 92, 41, '2023-11-09', 'Employee review', 2),
(791, 21, 18, '2023-11-09', 'Employee review', 2),
(792, 73, 89, '2023-11-09', 'Employee review', 2),
(793, 82, 20, '2023-11-09', 'Employee review', 3),
(794, 9, 82, '2023-11-09', 'Employee review', 5),
(795, 84, 61, '2023-11-09', 'Employee review', 3),
(796, 80, 44, '2023-11-09', 'Employee review', 4),
(797, 60, 67, '2023-11-09', 'Employee review', 3),
(798, 61, 49, '2023-11-09', 'Employee review', 4),
(799, 62, 24, '2023-11-09', 'Employee review', 2),
(800, 94, 73, '2023-11-09', 'Employee review', 5),
(801, 96, 34, '2023-11-09', 'Employee review', 5),
(802, 99, 54, '2023-11-09', 'Employee review', 4),
(803, 14, 40, '2023-11-09', 'Employee review', 3),
(804, 76, 6, '2023-11-09', 'Employee review', 5),
(805, 77, 90, '2023-11-09', 'Employee review', 1),
(806, 21, 48, '2023-11-09', 'Employee review', 4),
(807, 46, 96, '2023-11-09', 'Employee review', 3),
(808, 33, 33, '2023-11-09', 'Employee review', 4),
(809, 14, 81, '2023-11-09', 'Employee review', 4),
(810, 79, 3, '2023-11-09', 'Employee review', 4),
(811, 74, 43, '2023-11-09', 'Employee review', 5),
(812, 25, 53, '2023-11-09', 'Employee review', 5),
(813, 97, 13, '2023-11-09', 'Employee review', 4),
(814, 22, 93, '2023-11-09', 'Employee review', 1),
(815, 27, 32, '2023-11-09', 'Employee review', 4),
(816, 84, 93, '2023-11-09', 'Employee review', 1),
(817, 89, 6, '2023-11-09', 'Employee review', 3),
(818, 81, 30, '2023-11-09', 'Employee review', 1),
(819, 27, 25, '2023-11-09', 'Employee review', 3),
(820, 39, 67, '2023-11-09', 'Employee review', 2),
(821, 2, 44, '2023-11-09', 'Employee review', 1),
(822, 56, 28, '2023-11-09', 'Employee review', 4),
(823, 60, 96, '2023-11-09', 'Employee review', 5),
(824, 8, 42, '2023-11-09', 'Employee review', 5),
(825, 8, 79, '2023-11-09', 'Employee review', 4),
(826, 23, 96, '2023-11-09', 'Employee review', 1),
(827, 88, 93, '2023-11-09', 'Employee review', 1),
(828, 29, 38, '2023-11-09', 'Employee review', 1),
(829, 5, 12, '2023-11-09', 'Employee review', 3),
(830, 94, 33, '2023-11-09', 'Employee review', 5),
(831, 6, 85, '2023-11-09', 'Employee review', 1),
(832, 97, 57, '2023-11-09', 'Employee review', 5),
(833, 81, 36, '2023-11-09', 'Employee review', 2),
(834, 72, 54, '2023-11-09', 'Employee review', 3),
(835, 8, 73, '2023-11-09', 'Employee review', 3),
(836, 10, 10, '2023-11-09', 'Employee review', 2),
(837, 72, 2, '2023-11-09', 'Employee review', 5),
(838, 37, 21, '2023-11-09', 'Employee review', 5),
(839, 92, 88, '2023-11-09', 'Employee review', 4),
(840, 63, 21, '2023-11-09', 'Employee review', 1),
(841, 95, 42, '2023-11-09', 'Employee review', 2),
(842, 87, 70, '2023-11-09', 'Employee review', 5),
(843, 38, 22, '2023-11-09', 'Employee review', 5),
(844, 97, 12, '2023-11-09', 'Employee review', 4),
(845, 86, 38, '2023-11-09', 'Employee review', 2),
(846, 51, 54, '2023-11-09', 'Employee review', 2),
(847, 38, 28, '2023-11-09', 'Employee review', 2),
(848, 48, 59, '2023-11-09', 'Employee review', 3),
(849, 83, 61, '2023-11-09', 'Employee review', 3),
(850, 86, 71, '2023-11-09', 'Employee review', 5),
(851, 64, 37, '2023-11-09', 'Employee review', 5),
(852, 33, 97, '2023-11-09', 'Employee review', 5),
(853, 52, 94, '2023-11-09', 'Employee review', 1),
(854, 93, 24, '2023-11-09', 'Employee review', 2),
(855, 5, 17, '2023-11-09', 'Employee review', 4),
(856, 11, 34, '2023-11-09', 'Employee review', 3),
(857, 2, 83, '2023-11-09', 'Employee review', 1),
(858, 13, 26, '2023-11-09', 'Employee review', 5),
(859, 74, 1, '2023-11-09', 'Employee review', 5),
(860, 2, 66, '2023-11-09', 'Employee review', 2),
(861, 36, 98, '2023-11-09', 'Employee review', 5),
(862, 20, 49, '2023-11-09', 'Employee review', 5),
(863, 84, 62, '2023-11-09', 'Employee review', 3),
(864, 97, 17, '2023-11-09', 'Employee review', 5),
(865, 11, 76, '2023-11-09', 'Employee review', 3),
(866, 20, 51, '2023-11-09', 'Employee review', 5),
(867, 14, 87, '2023-11-09', 'Employee review', 5),
(868, 16, 93, '2023-11-09', 'Employee review', 1),
(869, 9, 91, '2023-11-09', 'Employee review', 2),
(870, 84, 25, '2023-11-09', 'Employee review', 4),
(871, 76, 70, '2023-11-09', 'Employee review', 2),
(872, 12, 83, '2023-11-09', 'Employee review', 5),
(873, 53, 26, '2023-11-09', 'Employee review', 4),
(874, 58, 88, '2023-11-09', 'Employee review', 4),
(875, 78, 84, '2023-11-09', 'Employee review', 5),
(876, 81, 47, '2023-11-09', 'Employee review', 5),
(877, 12, 87, '2023-11-09', 'Employee review', 1),
(878, 54, 60, '2023-11-09', 'Employee review', 2),
(879, 3, 3, '2023-11-09', 'Employee review', 1),
(880, 18, 72, '2023-11-09', 'Employee review', 1),
(881, 30, 21, '2023-11-09', 'Employee review', 1),
(882, 16, 33, '2023-11-09', 'Employee review', 1),
(883, 79, 52, '2023-11-09', 'Employee review', 2),
(884, 49, 80, '2023-11-09', 'Employee review', 3),
(885, 33, 99, '2023-11-09', 'Employee review', 5),
(886, 1, 2, '2023-11-09', 'Employee review', 1),
(887, 39, 65, '2023-11-09', 'Employee review', 1),
(888, 67, 96, '2023-11-09', 'Employee review', 5),
(889, 21, 56, '2023-11-09', 'Employee review', 1),
(890, 28, 82, '2023-11-09', 'Employee review', 2),
(891, 95, 91, '2023-11-09', 'Employee review', 4),
(892, 83, 4, '2023-11-09', 'Employee review', 4),
(893, 16, 84, '2023-11-09', 'Employee review', 4),
(894, 14, 47, '2023-11-09', 'Employee review', 5),
(895, 42, 20, '2023-11-09', 'Employee review', 4),
(896, 97, 72, '2023-11-09', 'Employee review', 4),
(897, 28, 33, '2023-11-09', 'Employee review', 4),
(898, 2, 68, '2023-11-09', 'Employee review', 2),
(899, 76, 71, '2023-11-09', 'Employee review', 2),
(900, 27, 51, '2023-11-09', 'Employee review', 4),
(901, 15, 53, '2023-11-09', 'Employee review', 2),
(902, 52, 92, '2023-11-09', 'Employee review', 1),
(903, 50, 35, '2023-11-09', 'Employee review', 2),
(904, 22, 34, '2023-11-09', 'Employee review', 1),
(905, 12, 49, '2023-11-09', 'Employee review', 1),
(906, 17, 44, '2023-11-09', 'Employee review', 4),
(907, 25, 11, '2023-11-09', 'Employee review', 4),
(908, 64, 81, '2023-11-09', 'Employee review', 1),
(909, 39, 43, '2023-11-09', 'Employee review', 5),
(910, 57, 93, '2023-11-09', 'Employee review', 5),
(911, 1, 13, '2023-11-09', 'Employee review', 4),
(912, 78, 99, '2023-11-09', 'Employee review', 4),
(913, 30, 52, '2023-11-09', 'Employee review', 4),
(914, 97, 74, '2023-11-09', 'Employee review', 5),
(915, 82, 68, '2023-11-09', 'Employee review', 5),
(916, 72, 76, '2023-11-09', 'Employee review', 4),
(917, 85, 37, '2023-11-09', 'Employee review', 2),
(918, 31, 69, '2023-11-09', 'Employee review', 3),
(919, 53, 10, '2023-11-09', 'Employee review', 5),
(920, 16, 14, '2023-11-09', 'Employee review', 1),
(921, 50, 95, '2023-11-09', 'Employee review', 2),
(922, 61, 16, '2023-11-09', 'Employee review', 5),
(923, 38, 98, '2023-11-09', 'Employee review', 4),
(924, 91, 25, '2023-11-09', 'Employee review', 3),
(925, 81, 55, '2023-11-09', 'Employee review', 2),
(926, 76, 98, '2023-11-09', 'Employee review', 4),
(927, 18, 99, '2023-11-09', 'Employee review', 3),
(928, 22, 75, '2023-11-09', 'Employee review', 1),
(929, 45, 83, '2023-11-09', 'Employee review', 4),
(930, 44, 84, '2023-11-09', 'Employee review', 5),
(931, 2, 32, '2023-11-09', 'Employee review', 3),
(932, 91, 86, '2023-11-09', 'Employee review', 3),
(933, 16, 16, '2023-11-09', 'Employee review', 2),
(934, 97, 3, '2023-11-09', 'Employee review', 1),
(935, 90, 94, '2023-11-09', 'Employee review', 5),
(936, 9, 47, '2023-11-09', 'Employee review', 1),
(937, 2, 82, '2023-11-09', 'Employee review', 1),
(938, 96, 55, '2023-11-09', 'Employee review', 5),
(939, 57, 33, '2023-11-09', 'Employee review', 5),
(940, 70, 71, '2023-11-09', 'Employee review', 3),
(941, 9, 9, '2023-11-09', 'Employee review', 1),
(942, 68, 85, '2023-11-09', 'Employee review', 2),
(943, 52, 95, '2023-11-09', 'Employee review', 2),
(944, 27, 64, '2023-11-09', 'Employee review', 2),
(945, 6, 8, '2023-11-09', 'Employee review', 2),
(946, 98, 21, '2023-11-09', 'Employee review', 1),
(947, 64, 6, '2023-11-09', 'Employee review', 2),
(948, 64, 13, '2023-11-09', 'Employee review', 4),
(949, 18, 72, '2023-11-09', 'Employee review', 1),
(950, 40, 63, '2023-11-09', 'Employee review', 5),
(951, 95, 85, '2023-11-09', 'Employee review', 3),
(952, 58, 63, '2023-11-09', 'Employee review', 2),
(953, 3, 98, '2023-11-09', 'Employee review', 5),
(954, 20, 51, '2023-11-09', 'Employee review', 5),
(955, 25, 35, '2023-11-09', 'Employee review', 1),
(956, 6, 23, '2023-11-09', 'Employee review', 5),
(957, 20, 6, '2023-11-09', 'Employee review', 4),
(958, 26, 24, '2023-11-09', 'Employee review', 3),
(959, 32, 38, '2023-11-09', 'Employee review', 5),
(960, 58, 7, '2023-11-09', 'Employee review', 4),
(961, 81, 25, '2023-11-09', 'Employee review', 4),
(962, 26, 87, '2023-11-09', 'Employee review', 4),
(963, 44, 35, '2023-11-09', 'Employee review', 3),
(964, 11, 23, '2023-11-09', 'Employee review', 5),
(965, 41, 60, '2023-11-09', 'Employee review', 4),
(966, 6, 96, '2023-11-09', 'Employee review', 4),
(967, 39, 98, '2023-11-09', 'Employee review', 4),
(968, 85, 98, '2023-11-09', 'Employee review', 2),
(969, 90, 42, '2023-11-09', 'Employee review', 2),
(970, 51, 48, '2023-11-09', 'Employee review', 5),
(971, 97, 24, '2023-11-09', 'Employee review', 2),
(972, 47, 65, '2023-11-09', 'Employee review', 5),
(973, 25, 70, '2023-11-09', 'Employee review', 4),
(974, 85, 89, '2023-11-09', 'Employee review', 5),
(975, 91, 79, '2023-11-09', 'Employee review', 2),
(976, 79, 26, '2023-11-09', 'Employee review', 5),
(977, 82, 34, '2023-11-09', 'Employee review', 2),
(978, 21, 28, '2023-11-09', 'Employee review', 4),
(979, 4, 87, '2023-11-09', 'Employee review', 2),
(980, 70, 72, '2023-11-09', 'Employee review', 3),
(981, 27, 90, '2023-11-09', 'Employee review', 4),
(982, 75, 68, '2023-11-09', 'Employee review', 1),
(983, 72, 17, '2023-11-09', 'Employee review', 4),
(984, 86, 29, '2023-11-09', 'Employee review', 5),
(985, 47, 72, '2023-11-09', 'Employee review', 2),
(986, 88, 78, '2023-11-09', 'Employee review', 2),
(987, 93, 91, '2023-11-09', 'Employee review', 4),
(988, 12, 28, '2023-11-09', 'Employee review', 1),
(989, 32, 48, '2023-11-09', 'Employee review', 3),
(990, 87, 99, '2023-11-09', 'Employee review', 2),
(991, 68, 42, '2023-11-09', 'Employee review', 1),
(992, 92, 54, '2023-11-09', 'Employee review', 5),
(993, 90, 81, '2023-11-09', 'Employee review', 2),
(994, 25, 23, '2023-11-09', 'Employee review', 2),
(995, 31, 33, '2023-11-09', 'Employee review', 4),
(996, 69, 24, '2023-11-09', 'Employee review', 1),
(997, 88, 6, '2023-11-09', 'Employee review', 4),
(998, 94, 84, '2023-11-09', 'Employee review', 2),
(999, 42, 93, '2023-11-09', 'Employee review', 3),
(1000, 34, 41, '2023-11-09', 'Employee review', 1);

-- --------------------------------------------------------

--
-- Table structure for table `leave_requests`
--

CREATE TABLE `leave_requests` (
  `id` int(11) NOT NULL,
  `employee_id` int(11) NOT NULL,
  `start_date` date NOT NULL,
  `end_date` date NOT NULL,
  `reason` text NOT NULL,
  `status` varchar(255) NOT NULL
) ENGINE=InnoDB DEFAULT CHARSET=utf8mb4 COLLATE=utf8mb4_general_ci;

--
-- Dumping data for table `leave_requests`
--

INSERT INTO `leave_requests` (`id`, `employee_id`, `start_date`, `end_date`, `reason`, `status`) VALUES
(1, 19, '2014-01-01', '2015-01-01', 'Leave request reason', 'Approved'),
(2, 10, '2015-01-01', '2012-01-01', 'Leave request reason', 'Approved'),
(3, 95, '2015-01-01', '2019-01-01', 'Leave request reason', 'Pending'),
(4, 4, '2012-01-01', '2011-01-01', 'Leave request reason', 'Approved'),
(5, 94, '2014-01-01', '2014-01-01', 'Leave request reason', 'Approved'),
(6, 66, '2019-01-01', '2016-01-01', 'Leave request reason', 'Approved'),
(7, 72, '2016-01-01', '2011-01-01', 'Leave request reason', 'Approved'),
(8, 85, '2013-01-01', '2011-01-01', 'Leave request reason', 'Approved'),
(9, 93, '2016-01-01', '2015-01-01', 'Leave request reason', 'Rejected'),
(10, 80, '2012-01-01', '2017-01-01', 'Leave request reason', 'Rejected'),
(11, 91, '2016-01-01', '2012-01-01', 'Leave request reason', 'Approved'),
(12, 35, '2018-01-01', '2010-01-01', 'Leave request reason', 'Rejected'),
(13, 36, '2014-01-01', '2013-01-01', 'Leave request reason', 'Approved'),
(14, 69, '2013-01-01', '2017-01-01', 'Leave request reason', 'Pending'),
(15, 16, '2019-01-01', '2012-01-01', 'Leave request reason', 'Approved'),
(16, 73, '2018-01-01', '2019-01-01', 'Leave request reason', 'Approved'),
(17, 2, '2015-01-01', '2019-01-01', 'Leave request reason', 'Rejected'),
(18, 85, '2014-01-01', '2016-01-01', 'Leave request reason', 'Rejected'),
(19, 62, '2013-01-01', '2018-01-01', 'Leave request reason', 'Approved'),
(20, 28, '2012-01-01', '2012-01-01', 'Leave request reason', 'Approved'),
(21, 89, '2012-01-01', '2014-01-01', 'Leave request reason', 'Approved'),
(22, 31, '2019-01-01', '2019-01-01', 'Leave request reason', 'Approved'),
(23, 83, '2019-01-01', '2014-01-01', 'Leave request reason', 'Approved'),
(24, 94, '2012-01-01', '2014-01-01', 'Leave request reason', 'Approved'),
(25, 30, '2018-01-01', '2015-01-01', 'Leave request reason', 'Approved'),
(26, 42, '2010-01-01', '2010-01-01', 'Leave request reason', 'Approved'),
(27, 85, '2016-01-01', '2014-01-01', 'Leave request reason', 'Approved'),
(28, 68, '2015-01-01', '2014-01-01', 'Leave request reason', 'Rejected'),
(29, 17, '2016-01-01', '2017-01-01', 'Leave request reason', 'Rejected'),
(30, 82, '2011-01-01', '2013-01-01', 'Leave request reason', 'Approved'),
(31, 38, '2017-01-01', '2013-01-01', 'Leave request reason', 'Rejected'),
(32, 38, '2013-01-01', '2013-01-01', 'Leave request reason', 'Rejected'),
(33, 85, '2013-01-01', '2013-01-01', 'Leave request reason', 'Approved'),
(34, 87, '2016-01-01', '2015-01-01', 'Leave request reason', 'Approved'),
(35, 70, '2015-01-01', '2017-01-01', 'Leave request reason', 'Approved'),
(36, 65, '2016-01-01', '2012-01-01', 'Leave request reason', 'Approved'),
(37, 3, '2017-01-01', '2016-01-01', 'Leave request reason', 'Pending'),
(38, 1, '2010-01-01', '2012-01-01', 'Leave request reason', 'Rejected'),
(39, 50, '2010-01-01', '2015-01-01', 'Leave request reason', 'Approved'),
(40, 94, '2015-01-01', '2010-01-01', 'Leave request reason', 'Approved'),
(41, 46, '2017-01-01', '2012-01-01', 'Leave request reason', 'Approved'),
(42, 7, '2017-01-01', '2017-01-01', 'Leave request reason', 'Approved'),
(43, 85, '2017-01-01', '2019-01-01', 'Leave request reason', 'Approved'),
(44, 35, '2018-01-01', '2019-01-01', 'Leave request reason', 'Approved'),
(45, 73, '2010-01-01', '2019-01-01', 'Leave request reason', 'Approved'),
(46, 72, '2011-01-01', '2015-01-01', 'Leave request reason', 'Approved'),
(47, 94, '2017-01-01', '2019-01-01', 'Leave request reason', 'Approved'),
(48, 98, '2011-01-01', '2019-01-01', 'Leave request reason', 'Approved'),
(49, 82, '2010-01-01', '2017-01-01', 'Leave request reason', 'Approved'),
(50, 11, '2011-01-01', '2016-01-01', 'Leave request reason', 'Approved'),
(51, 49, '2010-01-01', '2019-01-01', 'Leave request reason', 'Approved'),
(52, 74, '2011-01-01', '2015-01-01', 'Leave request reason', 'Approved'),
(53, 85, '2010-01-01', '2017-01-01', 'Leave request reason', 'Approved'),
(54, 25, '2017-01-01', '2010-01-01', 'Leave request reason', 'Approved'),
(55, 55, '2012-01-01', '2017-01-01', 'Leave request reason', 'Approved'),
(56, 49, '2012-01-01', '2019-01-01', 'Leave request reason', 'Approved'),
(57, 47, '2010-01-01', '2019-01-01', 'Leave request reason', 'Approved'),
(58, 5, '2011-01-01', '2016-01-01', 'Leave request reason', 'Rejected'),
(59, 16, '2017-01-01', '2011-01-01', 'Leave request reason', 'Approved'),
(60, 19, '2013-01-01', '2013-01-01', 'Leave request reason', 'Approved'),
(61, 11, '2016-01-01', '2018-01-01', 'Leave request reason', 'Approved'),
(62, 64, '2015-01-01', '2017-01-01', 'Leave request reason', 'Approved'),
(63, 97, '2017-01-01', '2019-01-01', 'Leave request reason', 'Approved'),
(64, 31, '2012-01-01', '2013-01-01', 'Leave request reason', 'Approved'),
(65, 4, '2018-01-01', '2019-01-01', 'Leave request reason', 'Approved'),
(66, 99, '2015-01-01', '2016-01-01', 'Leave request reason', 'Approved'),
(67, 13, '2018-01-01', '2016-01-01', 'Leave request reason', 'Rejected'),
(68, 1, '2016-01-01', '2014-01-01', 'Leave request reason', 'Approved'),
(69, 97, '2010-01-01', '2012-01-01', 'Leave request reason', 'Rejected'),
(70, 47, '2011-01-01', '2015-01-01', 'Leave request reason', 'Approved'),
(71, 18, '2014-01-01', '2014-01-01', 'Leave request reason', 'Approved'),
(72, 82, '2013-01-01', '2011-01-01', 'Leave request reason', 'Approved'),
(73, 41, '2017-01-01', '2014-01-01', 'Leave request reason', 'Approved'),
(74, 34, '2012-01-01', '2011-01-01', 'Leave request reason', 'Approved'),
(75, 87, '2011-01-01', '2011-01-01', 'Leave request reason', 'Approved'),
(76, 37, '2017-01-01', '2015-01-01', 'Leave request reason', 'Approved'),
(77, 84, '2017-01-01', '2012-01-01', 'Leave request reason', 'Rejected'),
(78, 48, '2011-01-01', '2014-01-01', 'Leave request reason', 'Approved'),
(79, 50, '2011-01-01', '2013-01-01', 'Leave request reason', 'Approved'),
(80, 51, '2015-01-01', '2013-01-01', 'Leave request reason', 'Rejected'),
(81, 34, '2011-01-01', '2016-01-01', 'Leave request reason', 'Approved'),
(82, 9, '2010-01-01', '2018-01-01', 'Leave request reason', 'Approved'),
(83, 68, '2013-01-01', '2016-01-01', 'Leave request reason', 'Approved'),
(84, 93, '2011-01-01', '2019-01-01', 'Leave request reason', 'Approved'),
(85, 94, '2016-01-01', '2012-01-01', 'Leave request reason', 'Approved'),
(86, 6, '2014-01-01', '2013-01-01', 'Leave request reason', 'Approved'),
(87, 96, '2012-01-01', '2013-01-01', 'Leave request reason', 'Approved'),
(88, 33, '2013-01-01', '2019-01-01', 'Leave request reason', 'Approved'),
(89, 25, '2013-01-01', '2019-01-01', 'Leave request reason', 'Rejected'),
(90, 26, '2014-01-01', '2016-01-01', 'Leave request reason', 'Approved'),
(91, 90, '2012-01-01', '2013-01-01', 'Leave request reason', 'Approved'),
(92, 99, '2013-01-01', '2015-01-01', 'Leave request reason', 'Approved'),
(93, 31, '2012-01-01', '2010-01-01', 'Leave request reason', 'Approved'),
(94, 57, '2015-01-01', '2011-01-01', 'Leave request reason', 'Rejected'),
(95, 10, '2013-01-01', '2012-01-01', 'Leave request reason', 'Approved'),
(96, 59, '2011-01-01', '2011-01-01', 'Leave request reason', 'Approved'),
(97, 24, '2018-01-01', '2013-01-01', 'Leave request reason', 'Approved'),
(98, 99, '2014-01-01', '2010-01-01', 'Leave request reason', 'Approved'),
(99, 4, '2010-01-01', '2012-01-01', 'Leave request reason', 'Pending'),
(100, 99, '2011-01-01', '2015-01-01', 'Leave request reason', 'Approved'),
(101, 24, '2010-01-01', '2017-01-01', 'Leave request reason', 'Approved'),
(102, 2, '2017-01-01', '2014-01-01', 'Leave request reason', 'Approved'),
(103, 12, '2016-01-01', '2018-01-01', 'Leave request reason', 'Approved'),
(104, 33, '2015-01-01', '2015-01-01', 'Leave request reason', 'Approved'),
(105, 24, '2016-01-01', '2017-01-01', 'Leave request reason', 'Approved'),
(106, 81, '2012-01-01', '2018-01-01', 'Leave request reason', 'Approved'),
(107, 25, '2015-01-01', '2018-01-01', 'Leave request reason', 'Approved'),
(108, 17, '2012-01-01', '2019-01-01', 'Leave request reason', 'Rejected'),
(109, 65, '2016-01-01', '2012-01-01', 'Leave request reason', 'Approved'),
(110, 73, '2017-01-01', '2016-01-01', 'Leave request reason', 'Rejected'),
(111, 60, '2019-01-01', '2011-01-01', 'Leave request reason', 'Approved'),
(112, 67, '2015-01-01', '2017-01-01', 'Leave request reason', 'Approved'),
(113, 88, '2013-01-01', '2012-01-01', 'Leave request reason', 'Approved'),
(114, 43, '2010-01-01', '2010-01-01', 'Leave request reason', 'Approved'),
(115, 8, '2012-01-01', '2010-01-01', 'Leave request reason', 'Approved'),
(116, 81, '2012-01-01', '2017-01-01', 'Leave request reason', 'Approved'),
(117, 76, '2011-01-01', '2013-01-01', 'Leave request reason', 'Approved'),
(118, 31, '2010-01-01', '2014-01-01', 'Leave request reason', 'Approved'),
(119, 52, '2010-01-01', '2015-01-01', 'Leave request reason', 'Approved'),
(120, 82, '2017-01-01', '2010-01-01', 'Leave request reason', 'Approved'),
(121, 51, '2014-01-01', '2017-01-01', 'Leave request reason', 'Approved'),
(122, 97, '2012-01-01', '2011-01-01', 'Leave request reason', 'Rejected'),
(123, 72, '2010-01-01', '2019-01-01', 'Leave request reason', 'Approved'),
(124, 46, '2013-01-01', '2011-01-01', 'Leave request reason', 'Approved'),
(125, 66, '2011-01-01', '2017-01-01', 'Leave request reason', 'Approved'),
(126, 91, '2018-01-01', '2017-01-01', 'Leave request reason', 'Approved'),
(127, 12, '2013-01-01', '2014-01-01', 'Leave request reason', 'Approved'),
(128, 8, '2014-01-01', '2011-01-01', 'Leave request reason', 'Approved'),
(129, 7, '2014-01-01', '2010-01-01', 'Leave request reason', 'Approved'),
(130, 59, '2017-01-01', '2011-01-01', 'Leave request reason', 'Approved'),
(131, 84, '2014-01-01', '2019-01-01', 'Leave request reason', 'Approved'),
(132, 43, '2013-01-01', '2015-01-01', 'Leave request reason', 'Approved'),
(133, 23, '2017-01-01', '2011-01-01', 'Leave request reason', 'Approved'),
(134, 49, '2013-01-01', '2011-01-01', 'Leave request reason', 'Rejected'),
(135, 47, '2016-01-01', '2015-01-01', 'Leave request reason', 'Approved'),
(136, 15, '2011-01-01', '2014-01-01', 'Leave request reason', 'Approved'),
(137, 59, '2012-01-01', '2015-01-01', 'Leave request reason', 'Rejected'),
(138, 2, '2015-01-01', '2015-01-01', 'Leave request reason', 'Approved'),
(139, 56, '2010-01-01', '2016-01-01', 'Leave request reason', 'Rejected'),
(140, 29, '2013-01-01', '2010-01-01', 'Leave request reason', 'Approved'),
(141, 56, '2013-01-01', '2010-01-01', 'Leave request reason', 'Approved'),
(142, 69, '2012-01-01', '2013-01-01', 'Leave request reason', 'Approved'),
(143, 90, '2011-01-01', '2012-01-01', 'Leave request reason', 'Approved'),
(144, 97, '2013-01-01', '2016-01-01', 'Leave request reason', 'Approved'),
(145, 97, '2016-01-01', '2014-01-01', 'Leave request reason', 'Approved'),
(146, 58, '2013-01-01', '2011-01-01', 'Leave request reason', 'Approved'),
(147, 75, '2018-01-01', '2019-01-01', 'Leave request reason', 'Approved'),
(148, 33, '2019-01-01', '2015-01-01', 'Leave request reason', 'Approved'),
(149, 90, '2011-01-01', '2011-01-01', 'Leave request reason', 'Approved'),
(150, 37, '2013-01-01', '2017-01-01', 'Leave request reason', 'Approved'),
(151, 22, '2019-01-01', '2012-01-01', 'Leave request reason', 'Approved'),
(152, 19, '2014-01-01', '2015-01-01', 'Leave request reason', 'Approved'),
(153, 33, '2017-01-01', '2019-01-01', 'Leave request reason', 'Approved'),
(154, 44, '2018-01-01', '2017-01-01', 'Leave request reason', 'Approved'),
(155, 7, '2015-01-01', '2015-01-01', 'Leave request reason', 'Approved'),
(156, 68, '2015-01-01', '2015-01-01', 'Leave request reason', 'Approved'),
(157, 74, '2018-01-01', '2019-01-01', 'Leave request reason', 'Approved'),
(158, 56, '2016-01-01', '2015-01-01', 'Leave request reason', 'Approved'),
(159, 27, '2019-01-01', '2011-01-01', 'Leave request reason', 'Approved'),
(160, 26, '2010-01-01', '2016-01-01', 'Leave request reason', 'Rejected'),
(161, 61, '2013-01-01', '2018-01-01', 'Leave request reason', 'Approved'),
(162, 95, '2018-01-01', '2013-01-01', 'Leave request reason', 'Approved'),
(163, 23, '2010-01-01', '2015-01-01', 'Leave request reason', 'Approved'),
(164, 59, '2010-01-01', '2012-01-01', 'Leave request reason', 'Approved'),
(165, 38, '2012-01-01', '2019-01-01', 'Leave request reason', 'Approved'),
(166, 79, '2015-01-01', '2013-01-01', 'Leave request reason', 'Approved'),
(167, 91, '2019-01-01', '2010-01-01', 'Leave request reason', 'Approved'),
(168, 89, '2019-01-01', '2019-01-01', 'Leave request reason', 'Approved'),
(169, 69, '2010-01-01', '2013-01-01', 'Leave request reason', 'Approved'),
(170, 28, '2019-01-01', '2010-01-01', 'Leave request reason', 'Approved'),
(171, 42, '2014-01-01', '2011-01-01', 'Leave request reason', 'Approved'),
(172, 17, '2015-01-01', '2011-01-01', 'Leave request reason', 'Approved'),
(173, 43, '2016-01-01', '2018-01-01', 'Leave request reason', 'Approved'),
(174, 21, '2019-01-01', '2012-01-01', 'Leave request reason', 'Approved'),
(175, 45, '2018-01-01', '2010-01-01', 'Leave request reason', 'Approved'),
(176, 99, '2017-01-01', '2018-01-01', 'Leave request reason', 'Rejected'),
(177, 22, '2018-01-01', '2014-01-01', 'Leave request reason', 'Approved'),
(178, 51, '2012-01-01', '2017-01-01', 'Leave request reason', 'Rejected'),
(179, 97, '2011-01-01', '2018-01-01', 'Leave request reason', 'Rejected'),
(180, 22, '2017-01-01', '2012-01-01', 'Leave request reason', 'Approved'),
(181, 38, '2017-01-01', '2016-01-01', 'Leave request reason', 'Approved'),
(182, 12, '2015-01-01', '2013-01-01', 'Leave request reason', 'Rejected'),
(183, 5, '2012-01-01', '2019-01-01', 'Leave request reason', 'Approved'),
(184, 29, '2017-01-01', '2016-01-01', 'Leave request reason', 'Approved'),
(185, 78, '2014-01-01', '2019-01-01', 'Leave request reason', 'Approved'),
(186, 68, '2015-01-01', '2015-01-01', 'Leave request reason', 'Approved'),
(187, 89, '2014-01-01', '2017-01-01', 'Leave request reason', 'Approved'),
(188, 66, '2017-01-01', '2010-01-01', 'Leave request reason', 'Approved'),
(189, 18, '2019-01-01', '2013-01-01', 'Leave request reason', 'Rejected'),
(190, 33, '2011-01-01', '2016-01-01', 'Leave request reason', 'Rejected'),
(191, 64, '2014-01-01', '2012-01-01', 'Leave request reason', 'Pending'),
(192, 96, '2019-01-01', '2019-01-01', 'Leave request reason', 'Approved'),
(193, 13, '2012-01-01', '2010-01-01', 'Leave request reason', 'Approved'),
(194, 86, '2018-01-01', '2014-01-01', 'Leave request reason', 'Rejected'),
(195, 46, '2015-01-01', '2013-01-01', 'Leave request reason', 'Approved'),
(196, 7, '2015-01-01', '2017-01-01', 'Leave request reason', 'Approved'),
(197, 84, '2011-01-01', '2011-01-01', 'Leave request reason', 'Approved'),
(198, 86, '2018-01-01', '2017-01-01', 'Leave request reason', 'Approved'),
(199, 32, '2015-01-01', '2019-01-01', 'Leave request reason', 'Approved'),
(200, 20, '2019-01-01', '2011-01-01', 'Leave request reason', 'Rejected'),
(201, 2, '2019-01-01', '2018-01-01', 'Leave request reason', 'Approved'),
(202, 49, '2011-01-01', '2014-01-01', 'Leave request reason', 'Approved'),
(203, 81, '2012-01-01', '2015-01-01', 'Leave request reason', 'Approved'),
(204, 92, '2015-01-01', '2012-01-01', 'Leave request reason', 'Approved'),
(205, 53, '2019-01-01', '2012-01-01', 'Leave request reason', 'Approved'),
(206, 41, '2017-01-01', '2013-01-01', 'Leave request reason', 'Approved'),
(207, 85, '2015-01-01', '2011-01-01', 'Leave request reason', 'Approved'),
(208, 97, '2019-01-01', '2017-01-01', 'Leave request reason', 'Rejected'),
(209, 40, '2016-01-01', '2010-01-01', 'Leave request reason', 'Approved'),
(210, 73, '2015-01-01', '2013-01-01', 'Leave request reason', 'Approved'),
(211, 13, '2019-01-01', '2012-01-01', 'Leave request reason', 'Approved'),
(212, 83, '2015-01-01', '2014-01-01', 'Leave request reason', 'Approved'),
(213, 78, '2019-01-01', '2015-01-01', 'Leave request reason', 'Approved'),
(214, 57, '2019-01-01', '2012-01-01', 'Leave request reason', 'Approved'),
(215, 91, '2012-01-01', '2015-01-01', 'Leave request reason', 'Approved'),
(216, 46, '2018-01-01', '2010-01-01', 'Leave request reason', 'Approved'),
(217, 3, '2012-01-01', '2019-01-01', 'Leave request reason', 'Approved'),
(218, 69, '2011-01-01', '2017-01-01', 'Leave request reason', 'Approved'),
(219, 10, '2013-01-01', '2014-01-01', 'Leave request reason', 'Approved'),
(220, 93, '2018-01-01', '2015-01-01', 'Leave request reason', 'Approved'),
(221, 78, '2016-01-01', '2010-01-01', 'Leave request reason', 'Approved'),
(222, 12, '2018-01-01', '2017-01-01', 'Leave request reason', 'Approved'),
(223, 74, '2011-01-01', '2015-01-01', 'Leave request reason', 'Approved'),
(224, 19, '2017-01-01', '2013-01-01', 'Leave request reason', 'Approved'),
(225, 25, '2015-01-01', '2018-01-01', 'Leave request reason', 'Rejected'),
(226, 78, '2018-01-01', '2010-01-01', 'Leave request reason', 'Approved'),
(227, 50, '2012-01-01', '2017-01-01', 'Leave request reason', 'Rejected'),
(228, 99, '2012-01-01', '2012-01-01', 'Leave request reason', 'Approved'),
(229, 77, '2013-01-01', '2013-01-01', 'Leave request reason', 'Rejected'),
(230, 49, '2010-01-01', '2019-01-01', 'Leave request reason', 'Approved'),
(231, 85, '2013-01-01', '2019-01-01', 'Leave request reason', 'Approved'),
(232, 15, '2016-01-01', '2019-01-01', 'Leave request reason', 'Approved'),
(233, 51, '2015-01-01', '2012-01-01', 'Leave request reason', 'Approved'),
(234, 44, '2012-01-01', '2010-01-01', 'Leave request reason', 'Approved'),
(235, 85, '2010-01-01', '2018-01-01', 'Leave request reason', 'Approved'),
(236, 72, '2014-01-01', '2018-01-01', 'Leave request reason', 'Approved'),
(237, 72, '2014-01-01', '2011-01-01', 'Leave request reason', 'Approved'),
(238, 57, '2013-01-01', '2018-01-01', 'Leave request reason', 'Approved'),
(239, 91, '2017-01-01', '2018-01-01', 'Leave request reason', 'Approved'),
(240, 91, '2012-01-01', '2017-01-01', 'Leave request reason', 'Rejected'),
(241, 12, '2018-01-01', '2017-01-01', 'Leave request reason', 'Approved'),
(242, 68, '2012-01-01', '2019-01-01', 'Leave request reason', 'Approved'),
(243, 47, '2014-01-01', '2010-01-01', 'Leave request reason', 'Rejected'),
(244, 47, '2016-01-01', '2018-01-01', 'Leave request reason', 'Approved'),
(245, 2, '2011-01-01', '2015-01-01', 'Leave request reason', 'Approved'),
(246, 17, '2010-01-01', '2018-01-01', 'Leave request reason', 'Rejected'),
(247, 36, '2017-01-01', '2017-01-01', 'Leave request reason', 'Approved'),
(248, 7, '2019-01-01', '2013-01-01', 'Leave request reason', 'Approved'),
(249, 4, '2014-01-01', '2011-01-01', 'Leave request reason', 'Approved'),
(250, 41, '2019-01-01', '2015-01-01', 'Leave request reason', 'Approved'),
(251, 37, '2014-01-01', '2013-01-01', 'Leave request reason', 'Approved'),
(252, 48, '2011-01-01', '2012-01-01', 'Leave request reason', 'Rejected'),
(253, 89, '2012-01-01', '2017-01-01', 'Leave request reason', 'Approved'),
(254, 98, '2016-01-01', '2015-01-01', 'Leave request reason', 'Approved'),
(255, 16, '2011-01-01', '2012-01-01', 'Leave request reason', 'Approved'),
(256, 21, '2016-01-01', '2016-01-01', 'Leave request reason', 'Approved'),
(257, 93, '2014-01-01', '2016-01-01', 'Leave request reason', 'Approved'),
(258, 90, '2011-01-01', '2012-01-01', 'Leave request reason', 'Approved'),
(259, 97, '2015-01-01', '2010-01-01', 'Leave request reason', 'Approved'),
(260, 29, '2019-01-01', '2019-01-01', 'Leave request reason', 'Approved'),
(261, 20, '2018-01-01', '2018-01-01', 'Leave request reason', 'Approved'),
(262, 20, '2016-01-01', '2017-01-01', 'Leave request reason', 'Approved'),
(263, 3, '2011-01-01', '2019-01-01', 'Leave request reason', 'Rejected'),
(264, 9, '2017-01-01', '2016-01-01', 'Leave request reason', 'Rejected'),
(265, 76, '2010-01-01', '2010-01-01', 'Leave request reason', 'Rejected'),
(266, 59, '2015-01-01', '2011-01-01', 'Leave request reason', 'Approved'),
(267, 66, '2012-01-01', '2010-01-01', 'Leave request reason', 'Approved'),
(268, 26, '2012-01-01', '2013-01-01', 'Leave request reason', 'Approved'),
(269, 13, '2015-01-01', '2013-01-01', 'Leave request reason', 'Approved'),
(270, 92, '2019-01-01', '2011-01-01', 'Leave request reason', 'Rejected'),
(271, 87, '2012-01-01', '2016-01-01', 'Leave request reason', 'Approved'),
(272, 73, '2010-01-01', '2018-01-01', 'Leave request reason', 'Approved'),
(273, 23, '2010-01-01', '2014-01-01', 'Leave request reason', 'Rejected'),
(274, 33, '2016-01-01', '2014-01-01', 'Leave request reason', 'Approved'),
(275, 89, '2017-01-01', '2018-01-01', 'Leave request reason', 'Approved'),
(276, 75, '2019-01-01', '2013-01-01', 'Leave request reason', 'Rejected'),
(277, 21, '2016-01-01', '2016-01-01', 'Leave request reason', 'Approved'),
(278, 24, '2018-01-01', '2013-01-01', 'Leave request reason', 'Approved'),
(279, 78, '2014-01-01', '2011-01-01', 'Leave request reason', 'Approved'),
(280, 93, '2015-01-01', '2017-01-01', 'Leave request reason', 'Approved'),
(281, 77, '2012-01-01', '2010-01-01', 'Leave request reason', 'Approved'),
(282, 70, '2014-01-01', '2019-01-01', 'Leave request reason', 'Approved'),
(283, 83, '2015-01-01', '2012-01-01', 'Leave request reason', 'Approved'),
(284, 47, '2013-01-01', '2014-01-01', 'Leave request reason', 'Approved'),
(285, 30, '2014-01-01', '2011-01-01', 'Leave request reason', 'Approved'),
(286, 50, '2016-01-01', '2019-01-01', 'Leave request reason', 'Approved'),
(287, 55, '2017-01-01', '2019-01-01', 'Leave request reason', 'Approved'),
(288, 71, '2010-01-01', '2011-01-01', 'Leave request reason', 'Approved'),
(289, 93, '2012-01-01', '2015-01-01', 'Leave request reason', 'Approved'),
(290, 32, '2015-01-01', '2010-01-01', 'Leave request reason', 'Approved'),
(291, 78, '2017-01-01', '2015-01-01', 'Leave request reason', 'Approved'),
(292, 86, '2017-01-01', '2011-01-01', 'Leave request reason', 'Approved'),
(293, 2, '2016-01-01', '2010-01-01', 'Leave request reason', 'Approved'),
(294, 23, '2013-01-01', '2011-01-01', 'Leave request reason', 'Approved'),
(295, 74, '2018-01-01', '2018-01-01', 'Leave request reason', 'Approved'),
(296, 2, '2019-01-01', '2018-01-01', 'Leave request reason', 'Approved'),
(297, 84, '2016-01-01', '2019-01-01', 'Leave request reason', 'Approved'),
(298, 10, '2017-01-01', '2013-01-01', 'Leave request reason', 'Approved'),
(299, 71, '2012-01-01', '2018-01-01', 'Leave request reason', 'Rejected'),
(300, 45, '2014-01-01', '2018-01-01', 'Leave request reason', 'Rejected'),
(301, 47, '2015-01-01', '2012-01-01', 'Leave request reason', 'Approved'),
(302, 2, '2014-01-01', '2012-01-01', 'Leave request reason', 'Approved'),
(303, 51, '2012-01-01', '2019-01-01', 'Leave request reason', 'Rejected'),
(304, 95, '2012-01-01', '2012-01-01', 'Leave request reason', 'Approved'),
(305, 79, '2017-01-01', '2014-01-01', 'Leave request reason', 'Approved'),
(306, 95, '2015-01-01', '2018-01-01', 'Leave request reason', 'Approved'),
(307, 21, '2016-01-01', '2018-01-01', 'Leave request reason', 'Approved'),
(308, 96, '2018-01-01', '2014-01-01', 'Leave request reason', 'Approved'),
(309, 54, '2010-01-01', '2014-01-01', 'Leave request reason', 'Approved'),
(310, 3, '2019-01-01', '2016-01-01', 'Leave request reason', 'Approved'),
(311, 33, '2012-01-01', '2012-01-01', 'Leave request reason', 'Approved'),
(312, 21, '2012-01-01', '2015-01-01', 'Leave request reason', 'Rejected'),
(313, 76, '2018-01-01', '2019-01-01', 'Leave request reason', 'Approved'),
(314, 77, '2018-01-01', '2018-01-01', 'Leave request reason', 'Approved'),
(315, 68, '2015-01-01', '2014-01-01', 'Leave request reason', 'Rejected'),
(316, 59, '2017-01-01', '2011-01-01', 'Leave request reason', 'Approved'),
(317, 20, '2013-01-01', '2019-01-01', 'Leave request reason', 'Rejected'),
(318, 65, '2015-01-01', '2016-01-01', 'Leave request reason', 'Approved'),
(319, 79, '2014-01-01', '2016-01-01', 'Leave request reason', 'Rejected'),
(320, 7, '2013-01-01', '2014-01-01', 'Leave request reason', 'Approved'),
(321, 14, '2014-01-01', '2010-01-01', 'Leave request reason', 'Approved'),
(322, 84, '2015-01-01', '2010-01-01', 'Leave request reason', 'Approved'),
(323, 28, '2013-01-01', '2018-01-01', 'Leave request reason', 'Approved'),
(324, 56, '2014-01-01', '2014-01-01', 'Leave request reason', 'Approved'),
(325, 1, '2017-01-01', '2017-01-01', 'Leave request reason', 'Approved'),
(326, 39, '2013-01-01', '2015-01-01', 'Leave request reason', 'Approved'),
(327, 18, '2015-01-01', '2013-01-01', 'Leave request reason', 'Rejected'),
(328, 40, '2013-01-01', '2017-01-01', 'Leave request reason', 'Approved'),
(329, 40, '2017-01-01', '2014-01-01', 'Leave request reason', 'Approved'),
(330, 11, '2012-01-01', '2018-01-01', 'Leave request reason', 'Approved'),
(331, 84, '2011-01-01', '2019-01-01', 'Leave request reason', 'Approved'),
(332, 25, '2012-01-01', '2017-01-01', 'Leave request reason', 'Approved'),
(333, 33, '2015-01-01', '2018-01-01', 'Leave request reason', 'Approved'),
(334, 32, '2018-01-01', '2013-01-01', 'Leave request reason', 'Approved'),
(335, 30, '2016-01-01', '2012-01-01', 'Leave request reason', 'Approved'),
(336, 85, '2016-01-01', '2016-01-01', 'Leave request reason', 'Approved'),
(337, 1, '2018-01-01', '2010-01-01', 'Leave request reason', 'Approved'),
(338, 10, '2016-01-01', '2017-01-01', 'Leave request reason', 'Rejected'),
(339, 38, '2012-01-01', '2013-01-01', 'Leave request reason', 'Approved'),
(340, 34, '2017-01-01', '2016-01-01', 'Leave request reason', 'Rejected'),
(341, 13, '2019-01-01', '2015-01-01', 'Leave request reason', 'Rejected'),
(342, 13, '2013-01-01', '2013-01-01', 'Leave request reason', 'Pending'),
(343, 41, '2011-01-01', '2013-01-01', 'Leave request reason', 'Approved'),
(344, 19, '2012-01-01', '2017-01-01', 'Leave request reason', 'Rejected'),
(345, 84, '2015-01-01', '2013-01-01', 'Leave request reason', 'Approved'),
(346, 18, '2017-01-01', '2011-01-01', 'Leave request reason', 'Approved'),
(347, 25, '2016-01-01', '2013-01-01', 'Leave request reason', 'Rejected'),
(348, 55, '2017-01-01', '2019-01-01', 'Leave request reason', 'Approved'),
(349, 20, '2018-01-01', '2016-01-01', 'Leave request reason', 'Approved'),
(350, 65, '2017-01-01', '2010-01-01', 'Leave request reason', 'Approved'),
(351, 32, '2015-01-01', '2019-01-01', 'Leave request reason', 'Approved'),
(352, 18, '2018-01-01', '2018-01-01', 'Leave request reason', 'Approved'),
(353, 30, '2011-01-01', '2016-01-01', 'Leave request reason', 'Rejected'),
(354, 68, '2016-01-01', '2010-01-01', 'Leave request reason', 'Approved'),
(355, 93, '2014-01-01', '2012-01-01', 'Leave request reason', 'Approved'),
(356, 89, '2010-01-01', '2013-01-01', 'Leave request reason', 'Rejected'),
(357, 19, '2017-01-01', '2012-01-01', 'Leave request reason', 'Approved'),
(358, 72, '2012-01-01', '2011-01-01', 'Leave request reason', 'Approved'),
(359, 50, '2011-01-01', '2014-01-01', 'Leave request reason', 'Rejected'),
(360, 43, '2010-01-01', '2010-01-01', 'Leave request reason', 'Approved'),
(361, 1, '2019-01-01', '2016-01-01', 'Leave request reason', 'Approved'),
(362, 80, '2010-01-01', '2016-01-01', 'Leave request reason', 'Approved'),
(363, 57, '2018-01-01', '2016-01-01', 'Leave request reason', 'Rejected'),
(364, 21, '2015-01-01', '2012-01-01', 'Leave request reason', 'Approved'),
(365, 7, '2016-01-01', '2019-01-01', 'Leave request reason', 'Rejected'),
(366, 35, '2012-01-01', '2010-01-01', 'Leave request reason', 'Approved'),
(367, 92, '2014-01-01', '2015-01-01', 'Leave request reason', 'Approved'),
(368, 94, '2017-01-01', '2011-01-01', 'Leave request reason', 'Approved'),
(369, 87, '2016-01-01', '2015-01-01', 'Leave request reason', 'Approved'),
(370, 28, '2010-01-01', '2014-01-01', 'Leave request reason', 'Rejected'),
(371, 22, '2011-01-01', '2012-01-01', 'Leave request reason', 'Approved'),
(372, 53, '2017-01-01', '2019-01-01', 'Leave request reason', 'Rejected'),
(373, 81, '2019-01-01', '2012-01-01', 'Leave request reason', 'Approved'),
(374, 75, '2012-01-01', '2019-01-01', 'Leave request reason', 'Approved'),
(375, 45, '2010-01-01', '2019-01-01', 'Leave request reason', 'Approved'),
(376, 28, '2014-01-01', '2015-01-01', 'Leave request reason', 'Approved'),
(377, 33, '2014-01-01', '2011-01-01', 'Leave request reason', 'Approved'),
(378, 20, '2010-01-01', '2017-01-01', 'Leave request reason', 'Approved'),
(379, 71, '2014-01-01', '2012-01-01', 'Leave request reason', 'Approved'),
(380, 71, '2015-01-01', '2014-01-01', 'Leave request reason', 'Rejected'),
(381, 41, '2016-01-01', '2011-01-01', 'Leave request reason', 'Approved'),
(382, 7, '2012-01-01', '2010-01-01', 'Leave request reason', 'Approved'),
(383, 73, '2015-01-01', '2017-01-01', 'Leave request reason', 'Approved'),
(384, 96, '2016-01-01', '2014-01-01', 'Leave request reason', 'Approved'),
(385, 37, '2017-01-01', '2017-01-01', 'Leave request reason', 'Approved'),
(386, 95, '2014-01-01', '2013-01-01', 'Leave request reason', 'Approved'),
(387, 22, '2013-01-01', '2013-01-01', 'Leave request reason', 'Approved'),
(388, 46, '2018-01-01', '2017-01-01', 'Leave request reason', 'Approved'),
(389, 20, '2011-01-01', '2019-01-01', 'Leave request reason', 'Approved'),
(390, 20, '2010-01-01', '2017-01-01', 'Leave request reason', 'Approved'),
(391, 77, '2010-01-01', '2018-01-01', 'Leave request reason', 'Approved'),
(392, 86, '2010-01-01', '2018-01-01', 'Leave request reason', 'Rejected'),
(393, 73, '2010-01-01', '2010-01-01', 'Leave request reason', 'Approved'),
(394, 13, '2014-01-01', '2019-01-01', 'Leave request reason', 'Approved'),
(395, 88, '2016-01-01', '2017-01-01', 'Leave request reason', 'Approved'),
(396, 25, '2011-01-01', '2019-01-01', 'Leave request reason', 'Approved'),
(397, 37, '2014-01-01', '2011-01-01', 'Leave request reason', 'Approved'),
(398, 42, '2019-01-01', '2016-01-01', 'Leave request reason', 'Approved'),
(399, 81, '2019-01-01', '2014-01-01', 'Leave request reason', 'Approved'),
(400, 51, '2011-01-01', '2010-01-01', 'Leave request reason', 'Rejected'),
(401, 64, '2011-01-01', '2017-01-01', 'Leave request reason', 'Approved'),
(402, 12, '2018-01-01', '2016-01-01', 'Leave request reason', 'Rejected'),
(403, 99, '2016-01-01', '2011-01-01', 'Leave request reason', 'Rejected'),
(404, 77, '2018-01-01', '2019-01-01', 'Leave request reason', 'Approved'),
(405, 61, '2018-01-01', '2012-01-01', 'Leave request reason', 'Approved'),
(406, 72, '2015-01-01', '2017-01-01', 'Leave request reason', 'Approved'),
(407, 7, '2011-01-01', '2013-01-01', 'Leave request reason', 'Approved'),
(408, 84, '2014-01-01', '2015-01-01', 'Leave request reason', 'Approved'),
(409, 84, '2017-01-01', '2019-01-01', 'Leave request reason', 'Rejected'),
(410, 29, '2012-01-01', '2015-01-01', 'Leave request reason', 'Approved'),
(411, 67, '2011-01-01', '2015-01-01', 'Leave request reason', 'Approved'),
(412, 69, '2017-01-01', '2015-01-01', 'Leave request reason', 'Approved'),
(413, 98, '2013-01-01', '2019-01-01', 'Leave request reason', 'Approved'),
(414, 27, '2011-01-01', '2010-01-01', 'Leave request reason', 'Approved'),
(415, 30, '2014-01-01', '2013-01-01', 'Leave request reason', 'Approved'),
(416, 79, '2018-01-01', '2018-01-01', 'Leave request reason', 'Pending'),
(417, 13, '2016-01-01', '2010-01-01', 'Leave request reason', 'Approved'),
(418, 70, '2010-01-01', '2019-01-01', 'Leave request reason', 'Approved'),
(419, 5, '2018-01-01', '2010-01-01', 'Leave request reason', 'Rejected'),
(420, 3, '2017-01-01', '2016-01-01', 'Leave request reason', 'Rejected'),
(421, 23, '2011-01-01', '2018-01-01', 'Leave request reason', 'Rejected'),
(422, 40, '2012-01-01', '2018-01-01', 'Leave request reason', 'Approved'),
(423, 26, '2019-01-01', '2019-01-01', 'Leave request reason', 'Approved'),
(424, 28, '2012-01-01', '2014-01-01', 'Leave request reason', 'Approved'),
(425, 20, '2014-01-01', '2015-01-01', 'Leave request reason', 'Approved'),
(426, 59, '2019-01-01', '2018-01-01', 'Leave request reason', 'Approved'),
(427, 40, '2011-01-01', '2015-01-01', 'Leave request reason', 'Approved'),
(428, 68, '2019-01-01', '2016-01-01', 'Leave request reason', 'Approved'),
(429, 58, '2010-01-01', '2014-01-01', 'Leave request reason', 'Approved'),
(430, 95, '2019-01-01', '2017-01-01', 'Leave request reason', 'Rejected'),
(431, 46, '2016-01-01', '2018-01-01', 'Leave request reason', 'Approved'),
(432, 5, '2012-01-01', '2012-01-01', 'Leave request reason', 'Approved'),
(433, 85, '2016-01-01', '2016-01-01', 'Leave request reason', 'Approved'),
(434, 75, '2017-01-01', '2014-01-01', 'Leave request reason', 'Approved'),
(435, 82, '2010-01-01', '2016-01-01', 'Leave request reason', 'Approved'),
(436, 64, '2018-01-01', '2014-01-01', 'Leave request reason', 'Rejected'),
(437, 89, '2014-01-01', '2014-01-01', 'Leave request reason', 'Rejected'),
(438, 25, '2019-01-01', '2010-01-01', 'Leave request reason', 'Approved'),
(439, 66, '2015-01-01', '2017-01-01', 'Leave request reason', 'Approved'),
(440, 18, '2016-01-01', '2016-01-01', 'Leave request reason', 'Approved'),
(441, 28, '2019-01-01', '2010-01-01', 'Leave request reason', 'Approved'),
(442, 38, '2012-01-01', '2013-01-01', 'Leave request reason', 'Approved'),
(443, 39, '2019-01-01', '2017-01-01', 'Leave request reason', 'Approved'),
(444, 96, '2019-01-01', '2019-01-01', 'Leave request reason', 'Approved'),
(445, 4, '2018-01-01', '2012-01-01', 'Leave request reason', 'Approved'),
(446, 14, '2012-01-01', '2010-01-01', 'Leave request reason', 'Approved'),
(447, 24, '2013-01-01', '2012-01-01', 'Leave request reason', 'Approved'),
(448, 92, '2011-01-01', '2011-01-01', 'Leave request reason', 'Approved'),
(449, 25, '2011-01-01', '2019-01-01', 'Leave request reason', 'Approved'),
(450, 30, '2011-01-01', '2019-01-01', 'Leave request reason', 'Approved'),
(451, 71, '2012-01-01', '2012-01-01', 'Leave request reason', 'Approved'),
(452, 52, '2012-01-01', '2014-01-01', 'Leave request reason', 'Approved'),
(453, 34, '2014-01-01', '2011-01-01', 'Leave request reason', 'Approved'),
(454, 79, '2016-01-01', '2017-01-01', 'Leave request reason', 'Rejected'),
(455, 74, '2012-01-01', '2019-01-01', 'Leave request reason', 'Rejected'),
(456, 13, '2013-01-01', '2012-01-01', 'Leave request reason', 'Approved'),
(457, 15, '2015-01-01', '2011-01-01', 'Leave request reason', 'Approved'),
(458, 45, '2010-01-01', '2017-01-01', 'Leave request reason', 'Approved'),
(459, 52, '2019-01-01', '2013-01-01', 'Leave request reason', 'Approved'),
(460, 90, '2014-01-01', '2016-01-01', 'Leave request reason', 'Rejected'),
(461, 25, '2011-01-01', '2019-01-01', 'Leave request reason', 'Approved'),
(462, 53, '2018-01-01', '2016-01-01', 'Leave request reason', 'Approved'),
(463, 54, '2016-01-01', '2014-01-01', 'Leave request reason', 'Approved'),
(464, 8, '2015-01-01', '2016-01-01', 'Leave request reason', 'Approved'),
(465, 17, '2019-01-01', '2010-01-01', 'Leave request reason', 'Approved'),
(466, 28, '2019-01-01', '2018-01-01', 'Leave request reason', 'Approved'),
(467, 55, '2015-01-01', '2019-01-01', 'Leave request reason', 'Approved'),
(468, 17, '2012-01-01', '2016-01-01', 'Leave request reason', 'Approved'),
(469, 4, '2010-01-01', '2012-01-01', 'Leave request reason', 'Approved'),
(470, 44, '2010-01-01', '2011-01-01', 'Leave request reason', 'Approved'),
(471, 10, '2016-01-01', '2017-01-01', 'Leave request reason', 'Approved'),
(472, 79, '2019-01-01', '2012-01-01', 'Leave request reason', 'Approved'),
(473, 15, '2016-01-01', '2018-01-01', 'Leave request reason', 'Approved'),
(474, 98, '2016-01-01', '2015-01-01', 'Leave request reason', 'Approved'),
(475, 16, '2011-01-01', '2011-01-01', 'Leave request reason', 'Approved'),
(476, 99, '2014-01-01', '2012-01-01', 'Leave request reason', 'Rejected'),
(477, 74, '2016-01-01', '2012-01-01', 'Leave request reason', 'Rejected'),
(478, 3, '2015-01-01', '2018-01-01', 'Leave request reason', 'Approved'),
(479, 8, '2014-01-01', '2012-01-01', 'Leave request reason', 'Approved'),
(480, 34, '2018-01-01', '2014-01-01', 'Leave request reason', 'Approved'),
(481, 86, '2013-01-01', '2012-01-01', 'Leave request reason', 'Rejected'),
(482, 12, '2019-01-01', '2015-01-01', 'Leave request reason', 'Rejected'),
(483, 47, '2012-01-01', '2016-01-01', 'Leave request reason', 'Approved'),
(484, 9, '2015-01-01', '2017-01-01', 'Leave request reason', 'Rejected'),
(485, 64, '2014-01-01', '2011-01-01', 'Leave request reason', 'Approved'),
(486, 48, '2015-01-01', '2015-01-01', 'Leave request reason', 'Rejected'),
(487, 28, '2016-01-01', '2014-01-01', 'Leave request reason', 'Approved'),
(488, 50, '2013-01-01', '2012-01-01', 'Leave request reason', 'Approved'),
(489, 43, '2014-01-01', '2018-01-01', 'Leave request reason', 'Approved'),
(490, 52, '2015-01-01', '2011-01-01', 'Leave request reason', 'Approved'),
(491, 44, '2016-01-01', '2018-01-01', 'Leave request reason', 'Approved'),
(492, 53, '2013-01-01', '2012-01-01', 'Leave request reason', 'Approved'),
(493, 80, '2017-01-01', '2011-01-01', 'Leave request reason', 'Approved'),
(494, 12, '2013-01-01', '2015-01-01', 'Leave request reason', 'Approved'),
(495, 9, '2018-01-01', '2017-01-01', 'Leave request reason', 'Approved'),
(496, 32, '2019-01-01', '2018-01-01', 'Leave request reason', 'Approved'),
(497, 79, '2015-01-01', '2011-01-01', 'Leave request reason', 'Approved'),
(498, 47, '2011-01-01', '2012-01-01', 'Leave request reason', 'Approved'),
(499, 98, '2017-01-01', '2016-01-01', 'Leave request reason', 'Approved'),
(500, 74, '2012-01-01', '2011-01-01', 'Leave request reason', 'Rejected'),
(501, 32, '2012-01-01', '2011-01-01', 'Leave request reason', 'Approved'),
(502, 89, '2012-01-01', '2016-01-01', 'Leave request reason', 'Approved'),
(503, 85, '2012-01-01', '2016-01-01', 'Leave request reason', 'Approved'),
(504, 35, '2014-01-01', '2019-01-01', 'Leave request reason', 'Approved'),
(505, 15, '2019-01-01', '2011-01-01', 'Leave request reason', 'Rejected'),
(506, 74, '2014-01-01', '2019-01-01', 'Leave request reason', 'Approved'),
(507, 35, '2017-01-01', '2015-01-01', 'Leave request reason', 'Approved'),
(508, 48, '2015-01-01', '2010-01-01', 'Leave request reason', 'Rejected'),
(509, 51, '2011-01-01', '2010-01-01', 'Leave request reason', 'Rejected'),
(510, 69, '2016-01-01', '2012-01-01', 'Leave request reason', 'Approved'),
(511, 57, '2010-01-01', '2015-01-01', 'Leave request reason', 'Approved'),
(512, 55, '2018-01-01', '2014-01-01', 'Leave request reason', 'Rejected'),
(513, 91, '2015-01-01', '2011-01-01', 'Leave request reason', 'Rejected'),
(514, 30, '2012-01-01', '2013-01-01', 'Leave request reason', 'Rejected'),
(515, 16, '2014-01-01', '2017-01-01', 'Leave request reason', 'Approved'),
(516, 71, '2016-01-01', '2012-01-01', 'Leave request reason', 'Approved'),
(517, 10, '2012-01-01', '2012-01-01', 'Leave request reason', 'Approved'),
(518, 19, '2014-01-01', '2016-01-01', 'Leave request reason', 'Rejected'),
(519, 25, '2014-01-01', '2016-01-01', 'Leave request reason', 'Approved'),
(520, 41, '2010-01-01', '2011-01-01', 'Leave request reason', 'Approved'),
(521, 24, '2015-01-01', '2012-01-01', 'Leave request reason', 'Approved'),
(522, 74, '2018-01-01', '2012-01-01', 'Leave request reason', 'Approved'),
(523, 45, '2010-01-01', '2016-01-01', 'Leave request reason', 'Approved'),
(524, 73, '2016-01-01', '2019-01-01', 'Leave request reason', 'Approved'),
(525, 54, '2017-01-01', '2011-01-01', 'Leave request reason', 'Approved'),
(526, 11, '2019-01-01', '2016-01-01', 'Leave request reason', 'Approved'),
(527, 99, '2014-01-01', '2013-01-01', 'Leave request reason', 'Approved'),
(528, 27, '2015-01-01', '2011-01-01', 'Leave request reason', 'Rejected'),
(529, 51, '2017-01-01', '2013-01-01', 'Leave request reason', 'Approved'),
(530, 24, '2015-01-01', '2018-01-01', 'Leave request reason', 'Approved'),
(531, 20, '2014-01-01', '2015-01-01', 'Leave request reason', 'Approved'),
(532, 50, '2012-01-01', '2016-01-01', 'Leave request reason', 'Approved'),
(533, 39, '2018-01-01', '2011-01-01', 'Leave request reason', 'Approved'),
(534, 26, '2011-01-01', '2010-01-01', 'Leave request reason', 'Rejected'),
(535, 80, '2010-01-01', '2010-01-01', 'Leave request reason', 'Rejected'),
(536, 31, '2010-01-01', '2013-01-01', 'Leave request reason', 'Approved'),
(537, 16, '2015-01-01', '2010-01-01', 'Leave request reason', 'Rejected'),
(538, 60, '2012-01-01', '2013-01-01', 'Leave request reason', 'Rejected'),
(539, 27, '2012-01-01', '2014-01-01', 'Leave request reason', 'Approved'),
(540, 74, '2015-01-01', '2013-01-01', 'Leave request reason', 'Approved'),
(541, 30, '2013-01-01', '2017-01-01', 'Leave request reason', 'Rejected'),
(542, 73, '2011-01-01', '2014-01-01', 'Leave request reason', 'Approved'),
(543, 9, '2014-01-01', '2010-01-01', 'Leave request reason', 'Approved'),
(544, 24, '2012-01-01', '2015-01-01', 'Leave request reason', 'Approved'),
(545, 79, '2016-01-01', '2018-01-01', 'Leave request reason', 'Approved'),
(546, 6, '2013-01-01', '2014-01-01', 'Leave request reason', 'Approved'),
(547, 12, '2014-01-01', '2016-01-01', 'Leave request reason', 'Approved'),
(548, 90, '2019-01-01', '2010-01-01', 'Leave request reason', 'Approved'),
(549, 14, '2019-01-01', '2014-01-01', 'Leave request reason', 'Approved'),
(550, 3, '2016-01-01', '2011-01-01', 'Leave request reason', 'Approved'),
(551, 42, '2018-01-01', '2017-01-01', 'Leave request reason', 'Approved'),
(552, 17, '2013-01-01', '2010-01-01', 'Leave request reason', 'Approved'),
(553, 23, '2013-01-01', '2010-01-01', 'Leave request reason', 'Approved'),
(554, 4, '2014-01-01', '2010-01-01', 'Leave request reason', 'Approved'),
(555, 18, '2016-01-01', '2016-01-01', 'Leave request reason', 'Approved'),
(556, 2, '2018-01-01', '2013-01-01', 'Leave request reason', 'Approved'),
(557, 28, '2012-01-01', '2011-01-01', 'Leave request reason', 'Approved'),
(558, 23, '2010-01-01', '2015-01-01', 'Leave request reason', 'Approved'),
(559, 32, '2018-01-01', '2011-01-01', 'Leave request reason', 'Approved'),
(560, 45, '2017-01-01', '2014-01-01', 'Leave request reason', 'Rejected'),
(561, 43, '2014-01-01', '2010-01-01', 'Leave request reason', 'Rejected'),
(562, 8, '2019-01-01', '2016-01-01', 'Leave request reason', 'Approved'),
(563, 86, '2012-01-01', '2014-01-01', 'Leave request reason', 'Approved'),
(564, 20, '2018-01-01', '2014-01-01', 'Leave request reason', 'Approved'),
(565, 67, '2019-01-01', '2017-01-01', 'Leave request reason', 'Approved'),
(566, 42, '2019-01-01', '2016-01-01', 'Leave request reason', 'Approved'),
(567, 39, '2011-01-01', '2017-01-01', 'Leave request reason', 'Approved'),
(568, 94, '2016-01-01', '2016-01-01', 'Leave request reason', 'Approved'),
(569, 74, '2013-01-01', '2013-01-01', 'Leave request reason', 'Rejected'),
(570, 3, '2017-01-01', '2019-01-01', 'Leave request reason', 'Approved'),
(571, 2, '2016-01-01', '2011-01-01', 'Leave request reason', 'Approved'),
(572, 24, '2010-01-01', '2014-01-01', 'Leave request reason', 'Rejected'),
(573, 63, '2016-01-01', '2014-01-01', 'Leave request reason', 'Approved'),
(574, 24, '2012-01-01', '2013-01-01', 'Leave request reason', 'Approved'),
(575, 13, '2015-01-01', '2014-01-01', 'Leave request reason', 'Approved'),
(576, 85, '2012-01-01', '2018-01-01', 'Leave request reason', 'Approved'),
(577, 32, '2017-01-01', '2019-01-01', 'Leave request reason', 'Approved'),
(578, 61, '2015-01-01', '2018-01-01', 'Leave request reason', 'Approved'),
(579, 10, '2012-01-01', '2019-01-01', 'Leave request reason', 'Rejected'),
(580, 27, '2012-01-01', '2013-01-01', 'Leave request reason', 'Rejected'),
(581, 17, '2014-01-01', '2015-01-01', 'Leave request reason', 'Approved'),
(582, 25, '2014-01-01', '2015-01-01', 'Leave request reason', 'Approved'),
(583, 70, '2017-01-01', '2016-01-01', 'Leave request reason', 'Rejected'),
(584, 33, '2011-01-01', '2016-01-01', 'Leave request reason', 'Approved'),
(585, 3, '2017-01-01', '2017-01-01', 'Leave request reason', 'Approved'),
(586, 47, '2016-01-01', '2018-01-01', 'Leave request reason', 'Approved'),
(587, 72, '2011-01-01', '2016-01-01', 'Leave request reason', 'Rejected'),
(588, 57, '2014-01-01', '2016-01-01', 'Leave request reason', 'Approved'),
(589, 13, '2015-01-01', '2011-01-01', 'Leave request reason', 'Approved'),
(590, 52, '2010-01-01', '2016-01-01', 'Leave request reason', 'Approved'),
(591, 75, '2013-01-01', '2014-01-01', 'Leave request reason', 'Approved'),
(592, 21, '2017-01-01', '2010-01-01', 'Leave request reason', 'Approved'),
(593, 50, '2010-01-01', '2018-01-01', 'Leave request reason', 'Approved'),
(594, 56, '2010-01-01', '2014-01-01', 'Leave request reason', 'Approved'),
(595, 43, '2019-01-01', '2016-01-01', 'Leave request reason', 'Approved'),
(596, 97, '2013-01-01', '2018-01-01', 'Leave request reason', 'Approved'),
(597, 60, '2013-01-01', '2017-01-01', 'Leave request reason', 'Approved'),
(598, 57, '2016-01-01', '2012-01-01', 'Leave request reason', 'Approved'),
(599, 43, '2011-01-01', '2015-01-01', 'Leave request reason', 'Approved'),
(600, 37, '2015-01-01', '2015-01-01', 'Leave request reason', 'Approved'),
(601, 67, '2015-01-01', '2015-01-01', 'Leave request reason', 'Approved'),
(602, 28, '2011-01-01', '2019-01-01', 'Leave request reason', 'Approved'),
(603, 72, '2016-01-01', '2011-01-01', 'Leave request reason', 'Approved'),
(604, 18, '2017-01-01', '2010-01-01', 'Leave request reason', 'Approved'),
(605, 5, '2014-01-01', '2010-01-01', 'Leave request reason', 'Approved'),
(606, 27, '2010-01-01', '2012-01-01', 'Leave request reason', 'Approved'),
(607, 22, '2018-01-01', '2014-01-01', 'Leave request reason', 'Approved'),
(608, 42, '2018-01-01', '2019-01-01', 'Leave request reason', 'Approved'),
(609, 63, '2019-01-01', '2018-01-01', 'Leave request reason', 'Approved'),
(610, 99, '2010-01-01', '2013-01-01', 'Leave request reason', 'Approved'),
(611, 34, '2015-01-01', '2019-01-01', 'Leave request reason', 'Rejected'),
(612, 9, '2015-01-01', '2013-01-01', 'Leave request reason', 'Approved'),
(613, 81, '2015-01-01', '2014-01-01', 'Leave request reason', 'Approved'),
(614, 44, '2012-01-01', '2017-01-01', 'Leave request reason', 'Rejected'),
(615, 44, '2018-01-01', '2011-01-01', 'Leave request reason', 'Pending'),
(616, 40, '2019-01-01', '2017-01-01', 'Leave request reason', 'Rejected'),
(617, 94, '2013-01-01', '2019-01-01', 'Leave request reason', 'Approved'),
(618, 52, '2015-01-01', '2012-01-01', 'Leave request reason', 'Approved'),
(619, 60, '2019-01-01', '2018-01-01', 'Leave request reason', 'Approved'),
(620, 70, '2014-01-01', '2011-01-01', 'Leave request reason', 'Approved'),
(621, 90, '2010-01-01', '2016-01-01', 'Leave request reason', 'Approved'),
(622, 86, '2017-01-01', '2012-01-01', 'Leave request reason', 'Rejected'),
(623, 30, '2010-01-01', '2014-01-01', 'Leave request reason', 'Approved'),
(624, 25, '2018-01-01', '2014-01-01', 'Leave request reason', 'Approved'),
(625, 61, '2013-01-01', '2019-01-01', 'Leave request reason', 'Approved'),
(626, 84, '2016-01-01', '2018-01-01', 'Leave request reason', 'Approved'),
(627, 18, '2014-01-01', '2018-01-01', 'Leave request reason', 'Approved'),
(628, 38, '2015-01-01', '2015-01-01', 'Leave request reason', 'Approved'),
(629, 21, '2015-01-01', '2019-01-01', 'Leave request reason', 'Approved'),
(630, 5, '2010-01-01', '2019-01-01', 'Leave request reason', 'Approved'),
(631, 27, '2015-01-01', '2017-01-01', 'Leave request reason', 'Approved'),
(632, 79, '2013-01-01', '2014-01-01', 'Leave request reason', 'Rejected'),
(633, 91, '2019-01-01', '2018-01-01', 'Leave request reason', 'Approved'),
(634, 51, '2013-01-01', '2012-01-01', 'Leave request reason', 'Approved'),
(635, 42, '2010-01-01', '2011-01-01', 'Leave request reason', 'Approved'),
(636, 53, '2015-01-01', '2019-01-01', 'Leave request reason', 'Approved'),
(637, 66, '2013-01-01', '2017-01-01', 'Leave request reason', 'Rejected'),
(638, 8, '2012-01-01', '2011-01-01', 'Leave request reason', 'Approved'),
(639, 57, '2018-01-01', '2013-01-01', 'Leave request reason', 'Approved'),
(640, 77, '2017-01-01', '2014-01-01', 'Leave request reason', 'Approved'),
(641, 83, '2010-01-01', '2016-01-01', 'Leave request reason', 'Pending'),
(642, 95, '2018-01-01', '2014-01-01', 'Leave request reason', 'Rejected'),
(643, 83, '2011-01-01', '2014-01-01', 'Leave request reason', 'Approved'),
(644, 62, '2013-01-01', '2010-01-01', 'Leave request reason', 'Rejected'),
(645, 75, '2012-01-01', '2012-01-01', 'Leave request reason', 'Approved'),
(646, 48, '2016-01-01', '2010-01-01', 'Leave request reason', 'Approved'),
(647, 57, '2014-01-01', '2013-01-01', 'Leave request reason', 'Approved'),
(648, 87, '2015-01-01', '2012-01-01', 'Leave request reason', 'Approved'),
(649, 53, '2013-01-01', '2019-01-01', 'Leave request reason', 'Rejected'),
(650, 7, '2017-01-01', '2013-01-01', 'Leave request reason', 'Approved'),
(651, 31, '2011-01-01', '2019-01-01', 'Leave request reason', 'Approved'),
(652, 23, '2018-01-01', '2013-01-01', 'Leave request reason', 'Approved'),
(653, 92, '2013-01-01', '2011-01-01', 'Leave request reason', 'Approved'),
(654, 16, '2015-01-01', '2013-01-01', 'Leave request reason', 'Approved'),
(655, 38, '2016-01-01', '2019-01-01', 'Leave request reason', 'Approved'),
(656, 90, '2013-01-01', '2010-01-01', 'Leave request reason', 'Rejected'),
(657, 56, '2011-01-01', '2019-01-01', 'Leave request reason', 'Approved'),
(658, 22, '2015-01-01', '2018-01-01', 'Leave request reason', 'Rejected'),
(659, 38, '2014-01-01', '2012-01-01', 'Leave request reason', 'Rejected'),
(660, 87, '2019-01-01', '2018-01-01', 'Leave request reason', 'Approved'),
(661, 13, '2013-01-01', '2014-01-01', 'Leave request reason', 'Rejected'),
(662, 48, '2010-01-01', '2016-01-01', 'Leave request reason', 'Approved'),
(663, 56, '2018-01-01', '2016-01-01', 'Leave request reason', 'Approved'),
(664, 74, '2011-01-01', '2014-01-01', 'Leave request reason', 'Rejected'),
(665, 13, '2010-01-01', '2011-01-01', 'Leave request reason', 'Approved'),
(666, 3, '2013-01-01', '2015-01-01', 'Leave request reason', 'Approved'),
(667, 44, '2014-01-01', '2017-01-01', 'Leave request reason', 'Approved'),
(668, 6, '2019-01-01', '2013-01-01', 'Leave request reason', 'Approved'),
(669, 65, '2017-01-01', '2019-01-01', 'Leave request reason', 'Approved'),
(670, 18, '2016-01-01', '2017-01-01', 'Leave request reason', 'Rejected'),
(671, 13, '2014-01-01', '2017-01-01', 'Leave request reason', 'Approved'),
(672, 67, '2015-01-01', '2018-01-01', 'Leave request reason', 'Approved'),
(673, 5, '2016-01-01', '2012-01-01', 'Leave request reason', 'Approved'),
(674, 85, '2012-01-01', '2017-01-01', 'Leave request reason', 'Approved'),
(675, 77, '2015-01-01', '2013-01-01', 'Leave request reason', 'Approved'),
(676, 57, '2017-01-01', '2012-01-01', 'Leave request reason', 'Approved'),
(677, 22, '2010-01-01', '2015-01-01', 'Leave request reason', 'Approved'),
(678, 62, '2018-01-01', '2013-01-01', 'Leave request reason', 'Approved'),
(679, 59, '2015-01-01', '2012-01-01', 'Leave request reason', 'Approved'),
(680, 75, '2019-01-01', '2014-01-01', 'Leave request reason', 'Approved'),
(681, 93, '2019-01-01', '2011-01-01', 'Leave request reason', 'Approved'),
(682, 84, '2012-01-01', '2019-01-01', 'Leave request reason', 'Approved'),
(683, 68, '2013-01-01', '2018-01-01', 'Leave request reason', 'Rejected'),
(684, 53, '2018-01-01', '2016-01-01', 'Leave request reason', 'Approved'),
(685, 90, '2018-01-01', '2016-01-01', 'Leave request reason', 'Approved');
INSERT INTO `leave_requests` (`id`, `employee_id`, `start_date`, `end_date`, `reason`, `status`) VALUES
(686, 34, '2017-01-01', '2015-01-01', 'Leave request reason', 'Approved'),
(687, 25, '2015-01-01', '2017-01-01', 'Leave request reason', 'Approved'),
(688, 76, '2015-01-01', '2014-01-01', 'Leave request reason', 'Approved'),
(689, 36, '2014-01-01', '2013-01-01', 'Leave request reason', 'Approved'),
(690, 93, '2014-01-01', '2013-01-01', 'Leave request reason', 'Approved'),
(691, 92, '2014-01-01', '2015-01-01', 'Leave request reason', 'Approved'),
(692, 47, '2010-01-01', '2018-01-01', 'Leave request reason', 'Approved'),
(693, 68, '2012-01-01', '2013-01-01', 'Leave request reason', 'Rejected'),
(694, 6, '2012-01-01', '2012-01-01', 'Leave request reason', 'Approved'),
(695, 32, '2010-01-01', '2011-01-01', 'Leave request reason', 'Rejected'),
(696, 27, '2010-01-01', '2012-01-01', 'Leave request reason', 'Approved'),
(697, 25, '2016-01-01', '2015-01-01', 'Leave request reason', 'Rejected'),
(698, 92, '2011-01-01', '2010-01-01', 'Leave request reason', 'Approved'),
(699, 81, '2013-01-01', '2013-01-01', 'Leave request reason', 'Rejected'),
(700, 73, '2015-01-01', '2013-01-01', 'Leave request reason', 'Approved'),
(701, 41, '2011-01-01', '2014-01-01', 'Leave request reason', 'Approved'),
(702, 65, '2018-01-01', '2013-01-01', 'Leave request reason', 'Approved'),
(703, 61, '2019-01-01', '2010-01-01', 'Leave request reason', 'Approved'),
(704, 90, '2012-01-01', '2015-01-01', 'Leave request reason', 'Approved'),
(705, 98, '2014-01-01', '2014-01-01', 'Leave request reason', 'Rejected'),
(706, 67, '2011-01-01', '2017-01-01', 'Leave request reason', 'Approved'),
(707, 56, '2013-01-01', '2011-01-01', 'Leave request reason', 'Approved'),
(708, 22, '2018-01-01', '2016-01-01', 'Leave request reason', 'Approved'),
(709, 4, '2014-01-01', '2010-01-01', 'Leave request reason', 'Rejected'),
(710, 43, '2018-01-01', '2019-01-01', 'Leave request reason', 'Approved'),
(711, 1, '2018-01-01', '2010-01-01', 'Leave request reason', 'Rejected'),
(712, 39, '2019-01-01', '2014-01-01', 'Leave request reason', 'Approved'),
(713, 95, '2014-01-01', '2011-01-01', 'Leave request reason', 'Approved'),
(714, 62, '2012-01-01', '2012-01-01', 'Leave request reason', 'Approved'),
(715, 59, '2015-01-01', '2011-01-01', 'Leave request reason', 'Approved'),
(716, 20, '2015-01-01', '2010-01-01', 'Leave request reason', 'Approved'),
(717, 45, '2010-01-01', '2019-01-01', 'Leave request reason', 'Approved'),
(718, 23, '2019-01-01', '2011-01-01', 'Leave request reason', 'Approved'),
(719, 46, '2012-01-01', '2010-01-01', 'Leave request reason', 'Approved'),
(720, 9, '2010-01-01', '2019-01-01', 'Leave request reason', 'Approved'),
(721, 93, '2013-01-01', '2018-01-01', 'Leave request reason', 'Approved'),
(722, 75, '2019-01-01', '2017-01-01', 'Leave request reason', 'Approved'),
(723, 68, '2017-01-01', '2016-01-01', 'Leave request reason', 'Rejected'),
(724, 76, '2014-01-01', '2017-01-01', 'Leave request reason', 'Approved'),
(725, 81, '2018-01-01', '2019-01-01', 'Leave request reason', 'Approved'),
(726, 80, '2016-01-01', '2017-01-01', 'Leave request reason', 'Approved'),
(727, 46, '2011-01-01', '2013-01-01', 'Leave request reason', 'Approved'),
(728, 59, '2016-01-01', '2015-01-01', 'Leave request reason', 'Approved'),
(729, 87, '2012-01-01', '2017-01-01', 'Leave request reason', 'Rejected'),
(730, 68, '2012-01-01', '2012-01-01', 'Leave request reason', 'Approved'),
(731, 85, '2016-01-01', '2018-01-01', 'Leave request reason', 'Approved'),
(732, 75, '2016-01-01', '2019-01-01', 'Leave request reason', 'Approved'),
(733, 73, '2015-01-01', '2016-01-01', 'Leave request reason', 'Approved'),
(734, 53, '2011-01-01', '2013-01-01', 'Leave request reason', 'Approved'),
(735, 47, '2013-01-01', '2015-01-01', 'Leave request reason', 'Approved'),
(736, 69, '2011-01-01', '2014-01-01', 'Leave request reason', 'Rejected'),
(737, 87, '2016-01-01', '2016-01-01', 'Leave request reason', 'Approved'),
(738, 26, '2015-01-01', '2011-01-01', 'Leave request reason', 'Rejected'),
(739, 93, '2012-01-01', '2016-01-01', 'Leave request reason', 'Approved'),
(740, 68, '2014-01-01', '2013-01-01', 'Leave request reason', 'Approved'),
(741, 58, '2016-01-01', '2013-01-01', 'Leave request reason', 'Approved'),
(742, 59, '2018-01-01', '2014-01-01', 'Leave request reason', 'Approved'),
(743, 42, '2015-01-01', '2013-01-01', 'Leave request reason', 'Approved'),
(744, 31, '2013-01-01', '2010-01-01', 'Leave request reason', 'Rejected'),
(745, 8, '2019-01-01', '2016-01-01', 'Leave request reason', 'Approved'),
(746, 9, '2018-01-01', '2010-01-01', 'Leave request reason', 'Rejected'),
(747, 89, '2018-01-01', '2015-01-01', 'Leave request reason', 'Approved'),
(748, 12, '2011-01-01', '2013-01-01', 'Leave request reason', 'Approved'),
(749, 49, '2018-01-01', '2017-01-01', 'Leave request reason', 'Approved'),
(750, 72, '2010-01-01', '2010-01-01', 'Leave request reason', 'Approved'),
(751, 1, '2012-01-01', '2013-01-01', 'Leave request reason', 'Approved'),
(752, 14, '2015-01-01', '2011-01-01', 'Leave request reason', 'Approved'),
(753, 5, '2012-01-01', '2013-01-01', 'Leave request reason', 'Approved'),
(754, 69, '2012-01-01', '2012-01-01', 'Leave request reason', 'Approved'),
(755, 30, '2015-01-01', '2019-01-01', 'Leave request reason', 'Approved'),
(756, 7, '2017-01-01', '2013-01-01', 'Leave request reason', 'Approved'),
(757, 71, '2012-01-01', '2011-01-01', 'Leave request reason', 'Rejected'),
(758, 49, '2016-01-01', '2018-01-01', 'Leave request reason', 'Approved'),
(759, 90, '2016-01-01', '2013-01-01', 'Leave request reason', 'Approved'),
(760, 5, '2011-01-01', '2015-01-01', 'Leave request reason', 'Approved'),
(761, 51, '2018-01-01', '2019-01-01', 'Leave request reason', 'Approved'),
(762, 52, '2013-01-01', '2012-01-01', 'Leave request reason', 'Approved'),
(763, 99, '2015-01-01', '2016-01-01', 'Leave request reason', 'Approved'),
(764, 73, '2014-01-01', '2018-01-01', 'Leave request reason', 'Rejected'),
(765, 91, '2011-01-01', '2010-01-01', 'Leave request reason', 'Rejected'),
(766, 16, '2016-01-01', '2016-01-01', 'Leave request reason', 'Approved'),
(767, 73, '2016-01-01', '2011-01-01', 'Leave request reason', 'Approved'),
(768, 44, '2018-01-01', '2019-01-01', 'Leave request reason', 'Approved'),
(769, 76, '2014-01-01', '2011-01-01', 'Leave request reason', 'Approved'),
(770, 20, '2019-01-01', '2012-01-01', 'Leave request reason', 'Approved'),
(771, 98, '2018-01-01', '2013-01-01', 'Leave request reason', 'Approved'),
(772, 39, '2010-01-01', '2019-01-01', 'Leave request reason', 'Approved'),
(773, 60, '2019-01-01', '2018-01-01', 'Leave request reason', 'Approved'),
(774, 80, '2015-01-01', '2015-01-01', 'Leave request reason', 'Approved'),
(775, 54, '2015-01-01', '2011-01-01', 'Leave request reason', 'Rejected'),
(776, 62, '2015-01-01', '2019-01-01', 'Leave request reason', 'Approved'),
(777, 46, '2011-01-01', '2012-01-01', 'Leave request reason', 'Rejected'),
(778, 46, '2010-01-01', '2018-01-01', 'Leave request reason', 'Rejected'),
(779, 70, '2016-01-01', '2018-01-01', 'Leave request reason', 'Approved'),
(780, 52, '2016-01-01', '2019-01-01', 'Leave request reason', 'Approved'),
(781, 82, '2015-01-01', '2013-01-01', 'Leave request reason', 'Approved'),
(782, 66, '2018-01-01', '2011-01-01', 'Leave request reason', 'Approved'),
(783, 59, '2016-01-01', '2016-01-01', 'Leave request reason', 'Rejected'),
(784, 65, '2018-01-01', '2014-01-01', 'Leave request reason', 'Approved'),
(785, 21, '2018-01-01', '2016-01-01', 'Leave request reason', 'Approved'),
(786, 74, '2011-01-01', '2016-01-01', 'Leave request reason', 'Approved'),
(787, 24, '2013-01-01', '2018-01-01', 'Leave request reason', 'Approved'),
(788, 59, '2013-01-01', '2018-01-01', 'Leave request reason', 'Approved'),
(789, 4, '2012-01-01', '2019-01-01', 'Leave request reason', 'Rejected'),
(790, 77, '2011-01-01', '2014-01-01', 'Leave request reason', 'Approved'),
(791, 84, '2013-01-01', '2013-01-01', 'Leave request reason', 'Approved'),
(792, 81, '2013-01-01', '2013-01-01', 'Leave request reason', 'Approved'),
(793, 43, '2010-01-01', '2019-01-01', 'Leave request reason', 'Approved'),
(794, 48, '2010-01-01', '2019-01-01', 'Leave request reason', 'Approved'),
(795, 12, '2014-01-01', '2019-01-01', 'Leave request reason', 'Approved'),
(796, 41, '2016-01-01', '2010-01-01', 'Leave request reason', 'Approved'),
(797, 53, '2013-01-01', '2019-01-01', 'Leave request reason', 'Rejected'),
(798, 95, '2015-01-01', '2016-01-01', 'Leave request reason', 'Approved'),
(799, 84, '2019-01-01', '2011-01-01', 'Leave request reason', 'Approved'),
(800, 48, '2011-01-01', '2011-01-01', 'Leave request reason', 'Approved'),
(801, 98, '2010-01-01', '2015-01-01', 'Leave request reason', 'Approved'),
(802, 46, '2010-01-01', '2019-01-01', 'Leave request reason', 'Approved'),
(803, 46, '2019-01-01', '2013-01-01', 'Leave request reason', 'Rejected'),
(804, 15, '2013-01-01', '2014-01-01', 'Leave request reason', 'Approved'),
(805, 5, '2010-01-01', '2019-01-01', 'Leave request reason', 'Approved'),
(806, 1, '2013-01-01', '2018-01-01', 'Leave request reason', 'Approved'),
(807, 70, '2014-01-01', '2019-01-01', 'Leave request reason', 'Approved'),
(808, 80, '2011-01-01', '2011-01-01', 'Leave request reason', 'Approved'),
(809, 43, '2013-01-01', '2013-01-01', 'Leave request reason', 'Rejected'),
(810, 33, '2017-01-01', '2019-01-01', 'Leave request reason', 'Approved'),
(811, 84, '2012-01-01', '2015-01-01', 'Leave request reason', 'Approved'),
(812, 57, '2017-01-01', '2010-01-01', 'Leave request reason', 'Approved'),
(813, 93, '2013-01-01', '2017-01-01', 'Leave request reason', 'Rejected'),
(814, 46, '2015-01-01', '2015-01-01', 'Leave request reason', 'Rejected'),
(815, 98, '2017-01-01', '2019-01-01', 'Leave request reason', 'Approved'),
(816, 4, '2013-01-01', '2017-01-01', 'Leave request reason', 'Rejected'),
(817, 14, '2015-01-01', '2011-01-01', 'Leave request reason', 'Approved'),
(818, 38, '2017-01-01', '2014-01-01', 'Leave request reason', 'Approved'),
(819, 79, '2012-01-01', '2017-01-01', 'Leave request reason', 'Rejected'),
(820, 51, '2011-01-01', '2013-01-01', 'Leave request reason', 'Approved'),
(821, 28, '2015-01-01', '2011-01-01', 'Leave request reason', 'Approved'),
(822, 59, '2015-01-01', '2011-01-01', 'Leave request reason', 'Approved'),
(823, 68, '2013-01-01', '2015-01-01', 'Leave request reason', 'Approved'),
(824, 71, '2016-01-01', '2018-01-01', 'Leave request reason', 'Approved'),
(825, 65, '2012-01-01', '2013-01-01', 'Leave request reason', 'Rejected'),
(826, 49, '2014-01-01', '2017-01-01', 'Leave request reason', 'Approved'),
(827, 76, '2019-01-01', '2012-01-01', 'Leave request reason', 'Approved'),
(828, 54, '2013-01-01', '2012-01-01', 'Leave request reason', 'Approved'),
(829, 59, '2017-01-01', '2010-01-01', 'Leave request reason', 'Rejected'),
(830, 37, '2015-01-01', '2018-01-01', 'Leave request reason', 'Approved'),
(831, 65, '2019-01-01', '2018-01-01', 'Leave request reason', 'Approved'),
(832, 95, '2018-01-01', '2015-01-01', 'Leave request reason', 'Approved'),
(833, 66, '2014-01-01', '2011-01-01', 'Leave request reason', 'Approved'),
(834, 34, '2019-01-01', '2019-01-01', 'Leave request reason', 'Approved'),
(835, 23, '2013-01-01', '2011-01-01', 'Leave request reason', 'Rejected'),
(836, 97, '2014-01-01', '2012-01-01', 'Leave request reason', 'Rejected'),
(837, 56, '2012-01-01', '2013-01-01', 'Leave request reason', 'Approved'),
(838, 46, '2013-01-01', '2012-01-01', 'Leave request reason', 'Approved'),
(839, 19, '2014-01-01', '2015-01-01', 'Leave request reason', 'Approved'),
(840, 86, '2015-01-01', '2019-01-01', 'Leave request reason', 'Approved'),
(841, 54, '2015-01-01', '2010-01-01', 'Leave request reason', 'Approved'),
(842, 33, '2012-01-01', '2011-01-01', 'Leave request reason', 'Approved'),
(843, 79, '2011-01-01', '2012-01-01', 'Leave request reason', 'Approved'),
(844, 17, '2018-01-01', '2016-01-01', 'Leave request reason', 'Approved'),
(845, 33, '2017-01-01', '2016-01-01', 'Leave request reason', 'Approved'),
(846, 19, '2011-01-01', '2012-01-01', 'Leave request reason', 'Rejected'),
(847, 14, '2016-01-01', '2017-01-01', 'Leave request reason', 'Approved'),
(848, 63, '2018-01-01', '2014-01-01', 'Leave request reason', 'Approved'),
(849, 42, '2014-01-01', '2012-01-01', 'Leave request reason', 'Approved'),
(850, 33, '2018-01-01', '2013-01-01', 'Leave request reason', 'Approved'),
(851, 16, '2017-01-01', '2010-01-01', 'Leave request reason', 'Approved'),
(852, 40, '2019-01-01', '2016-01-01', 'Leave request reason', 'Approved'),
(853, 27, '2019-01-01', '2019-01-01', 'Leave request reason', 'Rejected'),
(854, 63, '2014-01-01', '2012-01-01', 'Leave request reason', 'Approved'),
(855, 82, '2016-01-01', '2010-01-01', 'Leave request reason', 'Approved'),
(856, 19, '2017-01-01', '2012-01-01', 'Leave request reason', 'Rejected'),
(857, 63, '2019-01-01', '2017-01-01', 'Leave request reason', 'Rejected'),
(858, 56, '2016-01-01', '2015-01-01', 'Leave request reason', 'Approved'),
(859, 35, '2016-01-01', '2013-01-01', 'Leave request reason', 'Approved'),
(860, 69, '2019-01-01', '2014-01-01', 'Leave request reason', 'Approved'),
(861, 53, '2019-01-01', '2019-01-01', 'Leave request reason', 'Approved'),
(862, 18, '2018-01-01', '2018-01-01', 'Leave request reason', 'Approved'),
(863, 35, '2010-01-01', '2010-01-01', 'Leave request reason', 'Approved'),
(864, 50, '2014-01-01', '2017-01-01', 'Leave request reason', 'Approved'),
(865, 19, '2014-01-01', '2016-01-01', 'Leave request reason', 'Approved'),
(866, 11, '2011-01-01', '2015-01-01', 'Leave request reason', 'Approved'),
(867, 67, '2012-01-01', '2012-01-01', 'Leave request reason', 'Approved'),
(868, 6, '2015-01-01', '2016-01-01', 'Leave request reason', 'Approved'),
(869, 17, '2016-01-01', '2016-01-01', 'Leave request reason', 'Approved'),
(870, 10, '2012-01-01', '2018-01-01', 'Leave request reason', 'Approved'),
(871, 59, '2017-01-01', '2018-01-01', 'Leave request reason', 'Approved'),
(872, 39, '2013-01-01', '2015-01-01', 'Leave request reason', 'Approved'),
(873, 21, '2014-01-01', '2013-01-01', 'Leave request reason', 'Approved'),
(874, 20, '2019-01-01', '2013-01-01', 'Leave request reason', 'Rejected'),
(875, 76, '2019-01-01', '2015-01-01', 'Leave request reason', 'Approved'),
(876, 32, '2015-01-01', '2017-01-01', 'Leave request reason', 'Approved'),
(877, 12, '2014-01-01', '2016-01-01', 'Leave request reason', 'Approved'),
(878, 85, '2017-01-01', '2010-01-01', 'Leave request reason', 'Approved'),
(879, 96, '2017-01-01', '2019-01-01', 'Leave request reason', 'Approved'),
(880, 46, '2018-01-01', '2010-01-01', 'Leave request reason', 'Approved'),
(881, 35, '2016-01-01', '2010-01-01', 'Leave request reason', 'Approved'),
(882, 30, '2016-01-01', '2014-01-01', 'Leave request reason', 'Approved'),
(883, 1, '2012-01-01', '2019-01-01', 'Leave request reason', 'Approved'),
(884, 86, '2011-01-01', '2014-01-01', 'Leave request reason', 'Approved'),
(885, 1, '2016-01-01', '2014-01-01', 'Leave request reason', 'Rejected'),
(886, 35, '2017-01-01', '2018-01-01', 'Leave request reason', 'Pending'),
(887, 17, '2019-01-01', '2010-01-01', 'Leave request reason', 'Approved'),
(888, 10, '2011-01-01', '2015-01-01', 'Leave request reason', 'Approved'),
(889, 29, '2012-01-01', '2011-01-01', 'Leave request reason', 'Approved'),
(890, 42, '2015-01-01', '2015-01-01', 'Leave request reason', 'Approved'),
(891, 9, '2019-01-01', '2014-01-01', 'Leave request reason', 'Approved'),
(892, 91, '2018-01-01', '2017-01-01', 'Leave request reason', 'Rejected'),
(893, 22, '2012-01-01', '2014-01-01', 'Leave request reason', 'Approved'),
(894, 12, '2011-01-01', '2013-01-01', 'Leave request reason', 'Approved'),
(895, 14, '2010-01-01', '2016-01-01', 'Leave request reason', 'Approved'),
(896, 53, '2017-01-01', '2010-01-01', 'Leave request reason', 'Rejected'),
(897, 47, '2010-01-01', '2018-01-01', 'Leave request reason', 'Rejected'),
(898, 59, '2014-01-01', '2012-01-01', 'Leave request reason', 'Rejected'),
(899, 35, '2019-01-01', '2016-01-01', 'Leave request reason', 'Approved'),
(900, 1, '2011-01-01', '2018-01-01', 'Leave request reason', 'Rejected'),
(901, 31, '2018-01-01', '2012-01-01', 'Leave request reason', 'Rejected'),
(902, 90, '2017-01-01', '2018-01-01', 'Leave request reason', 'Approved'),
(903, 59, '2011-01-01', '2012-01-01', 'Leave request reason', 'Approved'),
(904, 16, '2010-01-01', '2018-01-01', 'Leave request reason', 'Rejected'),
(905, 96, '2016-01-01', '2015-01-01', 'Leave request reason', 'Approved'),
(906, 97, '2016-01-01', '2013-01-01', 'Leave request reason', 'Approved'),
(907, 82, '2011-01-01', '2011-01-01', 'Leave request reason', 'Approved'),
(908, 97, '2010-01-01', '2013-01-01', 'Leave request reason', 'Approved'),
(909, 62, '2018-01-01', '2013-01-01', 'Leave request reason', 'Approved'),
(910, 45, '2012-01-01', '2011-01-01', 'Leave request reason', 'Approved'),
(911, 36, '2015-01-01', '2017-01-01', 'Leave request reason', 'Approved'),
(912, 29, '2011-01-01', '2016-01-01', 'Leave request reason', 'Approved'),
(913, 5, '2011-01-01', '2017-01-01', 'Leave request reason', 'Approved'),
(914, 55, '2015-01-01', '2013-01-01', 'Leave request reason', 'Rejected'),
(915, 5, '2012-01-01', '2011-01-01', 'Leave request reason', 'Approved'),
(916, 16, '2013-01-01', '2013-01-01', 'Leave request reason', 'Approved'),
(917, 97, '2010-01-01', '2014-01-01', 'Leave request reason', 'Rejected'),
(918, 39, '2016-01-01', '2019-01-01', 'Leave request reason', 'Approved'),
(919, 67, '2013-01-01', '2015-01-01', 'Leave request reason', 'Rejected'),
(920, 83, '2017-01-01', '2013-01-01', 'Leave request reason', 'Approved'),
(921, 22, '2017-01-01', '2019-01-01', 'Leave request reason', 'Approved'),
(922, 52, '2012-01-01', '2015-01-01', 'Leave request reason', 'Approved'),
(923, 3, '2017-01-01', '2015-01-01', 'Leave request reason', 'Approved'),
(924, 34, '2015-01-01', '2018-01-01', 'Leave request reason', 'Approved'),
(925, 16, '2011-01-01', '2012-01-01', 'Leave request reason', 'Approved'),
(926, 98, '2017-01-01', '2017-01-01', 'Leave request reason', 'Approved'),
(927, 70, '2014-01-01', '2019-01-01', 'Leave request reason', 'Approved'),
(928, 79, '2010-01-01', '2019-01-01', 'Leave request reason', 'Approved'),
(929, 45, '2019-01-01', '2012-01-01', 'Leave request reason', 'Approved'),
(930, 59, '2018-01-01', '2014-01-01', 'Leave request reason', 'Rejected'),
(931, 3, '2013-01-01', '2015-01-01', 'Leave request reason', 'Approved'),
(932, 58, '2010-01-01', '2014-01-01', 'Leave request reason', 'Rejected'),
(933, 81, '2014-01-01', '2018-01-01', 'Leave request reason', 'Rejected'),
(934, 56, '2019-01-01', '2011-01-01', 'Leave request reason', 'Rejected'),
(935, 79, '2013-01-01', '2012-01-01', 'Leave request reason', 'Approved'),
(936, 75, '2018-01-01', '2019-01-01', 'Leave request reason', 'Approved'),
(937, 17, '2012-01-01', '2016-01-01', 'Leave request reason', 'Approved'),
(938, 73, '2010-01-01', '2010-01-01', 'Leave request reason', 'Approved'),
(939, 58, '2014-01-01', '2014-01-01', 'Leave request reason', 'Rejected'),
(940, 47, '2013-01-01', '2011-01-01', 'Leave request reason', 'Approved'),
(941, 32, '2013-01-01', '2017-01-01', 'Leave request reason', 'Pending'),
(942, 20, '2011-01-01', '2010-01-01', 'Leave request reason', 'Rejected'),
(943, 44, '2018-01-01', '2010-01-01', 'Leave request reason', 'Approved'),
(944, 37, '2013-01-01', '2018-01-01', 'Leave request reason', 'Rejected'),
(945, 53, '2018-01-01', '2015-01-01', 'Leave request reason', 'Approved'),
(946, 92, '2016-01-01', '2014-01-01', 'Leave request reason', 'Approved'),
(947, 17, '2019-01-01', '2011-01-01', 'Leave request reason', 'Approved'),
(948, 8, '2019-01-01', '2017-01-01', 'Leave request reason', 'Approved'),
(949, 55, '2014-01-01', '2016-01-01', 'Leave request reason', 'Rejected'),
(950, 13, '2015-01-01', '2016-01-01', 'Leave request reason', 'Approved'),
(951, 78, '2019-01-01', '2012-01-01', 'Leave request reason', 'Approved'),
(952, 84, '2016-01-01', '2016-01-01', 'Leave request reason', 'Approved'),
(953, 41, '2012-01-01', '2010-01-01', 'Leave request reason', 'Approved'),
(954, 14, '2013-01-01', '2011-01-01', 'Leave request reason', 'Rejected'),
(955, 84, '2018-01-01', '2015-01-01', 'Leave request reason', 'Approved'),
(956, 81, '2014-01-01', '2019-01-01', 'Leave request reason', 'Approved'),
(957, 32, '2012-01-01', '2012-01-01', 'Leave request reason', 'Approved'),
(958, 32, '2016-01-01', '2015-01-01', 'Leave request reason', 'Approved'),
(959, 92, '2011-01-01', '2010-01-01', 'Leave request reason', 'Approved'),
(960, 21, '2010-01-01', '2016-01-01', 'Leave request reason', 'Approved'),
(961, 49, '2011-01-01', '2013-01-01', 'Leave request reason', 'Approved'),
(962, 15, '2013-01-01', '2012-01-01', 'Leave request reason', 'Approved'),
(963, 23, '2018-01-01', '2016-01-01', 'Leave request reason', 'Approved'),
(964, 80, '2017-01-01', '2012-01-01', 'Leave request reason', 'Rejected'),
(965, 51, '2017-01-01', '2011-01-01', 'Leave request reason', 'Approved'),
(966, 50, '2017-01-01', '2010-01-01', 'Leave request reason', 'Approved'),
(967, 32, '2016-01-01', '2012-01-01', 'Leave request reason', 'Approved'),
(968, 81, '2011-01-01', '2012-01-01', 'Leave request reason', 'Approved'),
(969, 90, '2013-01-01', '2011-01-01', 'Leave request reason', 'Approved'),
(970, 98, '2018-01-01', '2011-01-01', 'Leave request reason', 'Approved'),
(971, 70, '2011-01-01', '2016-01-01', 'Leave request reason', 'Approved'),
(972, 1, '2016-01-01', '2012-01-01', 'Leave request reason', 'Approved'),
(973, 11, '2010-01-01', '2010-01-01', 'Leave request reason', 'Approved'),
(974, 44, '2018-01-01', '2017-01-01', 'Leave request reason', 'Approved'),
(975, 39, '2019-01-01', '2015-01-01', 'Leave request reason', 'Rejected'),
(976, 35, '2013-01-01', '2016-01-01', 'Leave request reason', 'Approved'),
(977, 44, '2010-01-01', '2019-01-01', 'Leave request reason', 'Approved'),
(978, 47, '2010-01-01', '2017-01-01', 'Leave request reason', 'Approved'),
(979, 34, '2011-01-01', '2019-01-01', 'Leave request reason', 'Approved'),
(980, 35, '2016-01-01', '2013-01-01', 'Leave request reason', 'Rejected'),
(981, 63, '2010-01-01', '2014-01-01', 'Leave request reason', 'Approved'),
(982, 77, '2017-01-01', '2016-01-01', 'Leave request reason', 'Approved'),
(983, 90, '2012-01-01', '2016-01-01', 'Leave request reason', 'Approved'),
(984, 23, '2018-01-01', '2013-01-01', 'Leave request reason', 'Approved'),
(985, 80, '2018-01-01', '2019-01-01', 'Leave request reason', 'Approved'),
(986, 26, '2015-01-01', '2011-01-01', 'Leave request reason', 'Approved'),
(987, 30, '2019-01-01', '2019-01-01', 'Leave request reason', 'Approved'),
(988, 76, '2016-01-01', '2012-01-01', 'Leave request reason', 'Pending'),
(989, 13, '2017-01-01', '2011-01-01', 'Leave request reason', 'Approved'),
(990, 35, '2010-01-01', '2014-01-01', 'Leave request reason', 'Approved'),
(991, 54, '2014-01-01', '2016-01-01', 'Leave request reason', 'Rejected'),
(992, 30, '2013-01-01', '2019-01-01', 'Leave request reason', 'Approved'),
(993, 77, '2016-01-01', '2018-01-01', 'Leave request reason', 'Approved'),
(994, 70, '2011-01-01', '2014-01-01', 'Leave request reason', 'Rejected'),
(995, 88, '2017-01-01', '2018-01-01', 'Leave request reason', 'Approved'),
(996, 12, '2011-01-01', '2015-01-01', 'Leave request reason', 'Approved'),
(997, 18, '2017-01-01', '2010-01-01', 'Leave request reason', 'Rejected'),
(998, 69, '2013-01-01', '2015-01-01', 'Leave request reason', 'Approved'),
(999, 21, '2017-01-01', '2010-01-01', 'Leave request reason', 'Approved'),
(1000, 1, '2019-01-01', '2017-01-01', 'Leave request reason', 'Approved');

-- --------------------------------------------------------

--
-- Table structure for table `login_infomation`
--

CREATE TABLE `login_infomation` (
  `id` int(11) NOT NULL,
  `employee_id` int(11) NOT NULL,
  `username` varchar(255) NOT NULL,
  `password` varchar(255) NOT NULL
) ENGINE=InnoDB DEFAULT CHARSET=utf8mb4 COLLATE=utf8mb4_general_ci;

--
-- Dumping data for table `login_infomation`
--

INSERT INTO `login_infomation` (`id`, `employee_id`, `username`, `password`) VALUES
(128, 1, 'user1', 'password1'),
(129, 2, 'user2', 'password2'),
(130, 3, 'user3', 'password3'),
(131, 4, 'user4', 'password4'),
(132, 5, 'user5', 'password5'),
(133, 6, 'user6', 'password6'),
(134, 7, 'user7', 'password7'),
(135, 8, 'user8', 'password8'),
(136, 9, 'user9', 'password9');

-- --------------------------------------------------------

--
-- Table structure for table `notifications`
--

CREATE TABLE `notifications` (
  `id` int(11) NOT NULL,
  `employee_id` int(11) NOT NULL,
  `title` varchar(255) NOT NULL,
  `content` text NOT NULL,
  `date` date NOT NULL DEFAULT curdate(),
  `time` time NOT NULL DEFAULT current_timestamp()
) ENGINE=InnoDB DEFAULT CHARSET=utf8mb4 COLLATE=utf8mb4_general_ci;

--
-- Dumping data for table `notifications`
--

INSERT INTO `notifications` (`id`, `employee_id`, `title`, `content`, `date`, `time`) VALUES
(1, 77, 'Notification 1', 'Notification content', '2023-11-09', '11:05:00'),
(2, 99, 'Notification 2', 'Notification content', '2023-11-09', '17:36:00'),
(3, 91, 'Notification 3', 'Notification content', '2023-11-09', '17:56:00'),
(4, 47, 'Notification 4', 'Notification content', '2023-11-09', '12:11:00'),
(5, 44, 'Notification 5', 'Notification content', '2023-11-09', '14:39:00'),
(6, 48, 'Notification 6', 'Notification content', '2023-11-09', '10:42:00'),
(7, 23, 'Notification 7', 'Notification content', '2023-11-09', '01:31:00'),
(8, 49, 'Notification 8', 'Notification content', '2023-11-09', '21:56:00'),
(9, 6, 'Notification 9', 'Notification content', '2023-11-09', '10:03:00'),
(10, 93, 'Notification 10', 'Notification content', '2023-11-09', '12:50:00'),
(11, 60, 'Notification 11', 'Notification content', '2023-11-09', '11:39:00'),
(12, 82, 'Notification 12', 'Notification content', '2023-11-09', '03:12:00'),
(13, 61, 'Notification 13', 'Notification content', '2023-11-09', '10:26:00'),
(14, 82, 'Notification 14', 'Notification content', '2023-11-09', '19:35:00'),
(15, 49, 'Notification 15', 'Notification content', '2023-11-09', '16:59:00'),
(16, 87, 'Notification 16', 'Notification content', '2023-11-09', '09:21:00'),
(17, 58, 'Notification 17', 'Notification content', '2023-11-09', '20:33:00'),
(18, 22, 'Notification 18', 'Notification content', '2023-11-09', '09:16:00'),
(19, 26, 'Notification 19', 'Notification content', '2023-11-09', '10:25:00'),
(20, 84, 'Notification 20', 'Notification content', '2023-11-09', '21:01:00'),
(21, 37, 'Notification 21', 'Notification content', '2023-11-09', '18:45:00'),
(22, 46, 'Notification 22', 'Notification content', '2023-11-09', '01:52:00'),
(23, 20, 'Notification 23', 'Notification content', '2023-11-09', '09:20:00'),
(24, 52, 'Notification 24', 'Notification content', '2023-11-09', '14:23:00'),
(25, 16, 'Notification 25', 'Notification content', '2023-11-09', '15:40:00'),
(26, 49, 'Notification 26', 'Notification content', '2023-11-09', '10:39:00'),
(27, 98, 'Notification 27', 'Notification content', '2023-11-09', '23:52:00'),
(28, 48, 'Notification 28', 'Notification content', '2023-11-09', '18:24:00'),
(29, 74, 'Notification 29', 'Notification content', '2023-11-09', '12:16:00'),
(30, 84, 'Notification 30', 'Notification content', '2023-11-09', '09:27:00'),
(31, 14, 'Notification 31', 'Notification content', '2023-11-09', '06:59:00'),
(32, 9, 'Notification 32', 'Notification content', '2023-11-09', '11:11:00'),
(33, 51, 'Notification 33', 'Notification content', '2023-11-09', '23:20:00'),
(34, 75, 'Notification 34', 'Notification content', '2023-11-09', '18:35:00'),
(35, 67, 'Notification 35', 'Notification content', '2023-11-09', '13:49:00'),
(36, 43, 'Notification 36', 'Notification content', '2023-11-09', '16:05:00'),
(37, 40, 'Notification 37', 'Notification content', '2023-11-09', '17:29:00'),
(38, 24, 'Notification 38', 'Notification content', '2023-11-09', '16:48:00'),
(39, 91, 'Notification 39', 'Notification content', '2023-11-09', '03:03:00'),
(40, 84, 'Notification 40', 'Notification content', '2023-11-09', '00:35:00'),
(41, 91, 'Notification 41', 'Notification content', '2023-11-09', '18:02:00'),
(42, 91, 'Notification 42', 'Notification content', '2023-11-09', '11:41:00'),
(43, 97, 'Notification 43', 'Notification content', '2023-11-09', '19:07:00'),
(44, 17, 'Notification 44', 'Notification content', '2023-11-09', '11:53:00'),
(45, 5, 'Notification 45', 'Notification content', '2023-11-09', '12:27:00'),
(46, 72, 'Notification 46', 'Notification content', '2023-11-09', '06:10:00'),
(47, 8, 'Notification 47', 'Notification content', '2023-11-09', '20:58:00'),
(48, 37, 'Notification 48', 'Notification content', '2023-11-09', '21:25:00'),
(49, 37, 'Notification 49', 'Notification content', '2023-11-09', '14:56:00'),
(50, 87, 'Notification 50', 'Notification content', '2023-11-09', '13:10:00'),
(51, 22, 'Notification 51', 'Notification content', '2023-11-09', '13:06:00'),
(52, 87, 'Notification 52', 'Notification content', '2023-11-09', '00:32:00'),
(53, 64, 'Notification 53', 'Notification content', '2023-11-09', '13:50:00'),
(54, 56, 'Notification 54', 'Notification content', '2023-11-09', '07:46:00'),
(55, 99, 'Notification 55', 'Notification content', '2023-11-09', '15:13:00'),
(56, 18, 'Notification 56', 'Notification content', '2023-11-09', '05:34:00'),
(57, 22, 'Notification 57', 'Notification content', '2023-11-09', '08:07:00'),
(58, 55, 'Notification 58', 'Notification content', '2023-11-09', '08:12:00'),
(59, 92, 'Notification 59', 'Notification content', '2023-11-09', '00:14:00'),
(60, 17, 'Notification 60', 'Notification content', '2023-11-09', '03:11:00'),
(61, 57, 'Notification 61', 'Notification content', '2023-11-09', '05:32:00'),
(62, 95, 'Notification 62', 'Notification content', '2023-11-09', '03:57:00'),
(63, 29, 'Notification 63', 'Notification content', '2023-11-09', '13:00:00'),
(64, 31, 'Notification 64', 'Notification content', '2023-11-09', '12:37:00'),
(65, 62, 'Notification 65', 'Notification content', '2023-11-09', '04:10:00'),
(66, 27, 'Notification 66', 'Notification content', '2023-11-09', '18:09:00'),
(67, 42, 'Notification 67', 'Notification content', '2023-11-09', '15:54:00'),
(68, 63, 'Notification 68', 'Notification content', '2023-11-09', '10:20:00'),
(69, 38, 'Notification 69', 'Notification content', '2023-11-09', '20:03:00'),
(70, 78, 'Notification 70', 'Notification content', '2023-11-09', '17:20:00'),
(71, 51, 'Notification 71', 'Notification content', '2023-11-09', '12:01:00'),
(72, 57, 'Notification 72', 'Notification content', '2023-11-09', '18:12:00'),
(73, 66, 'Notification 73', 'Notification content', '2023-11-09', '17:38:00'),
(74, 99, 'Notification 74', 'Notification content', '2023-11-09', '01:24:00'),
(75, 81, 'Notification 75', 'Notification content', '2023-11-09', '19:41:00'),
(76, 97, 'Notification 76', 'Notification content', '2023-11-09', '19:10:00'),
(77, 41, 'Notification 77', 'Notification content', '2023-11-09', '12:20:00'),
(78, 17, 'Notification 78', 'Notification content', '2023-11-09', '19:38:00'),
(79, 70, 'Notification 79', 'Notification content', '2023-11-09', '14:51:00'),
(80, 48, 'Notification 80', 'Notification content', '2023-11-09', '20:51:00'),
(81, 74, 'Notification 81', 'Notification content', '2023-11-09', '02:20:00'),
(82, 39, 'Notification 82', 'Notification content', '2023-11-09', '21:19:00'),
(83, 93, 'Notification 83', 'Notification content', '2023-11-09', '16:43:00'),
(84, 51, 'Notification 84', 'Notification content', '2023-11-09', '08:20:00'),
(85, 56, 'Notification 85', 'Notification content', '2023-11-09', '18:13:00'),
(86, 78, 'Notification 86', 'Notification content', '2023-11-09', '05:46:00'),
(87, 22, 'Notification 87', 'Notification content', '2023-11-09', '17:03:00'),
(88, 11, 'Notification 88', 'Notification content', '2023-11-09', '08:21:00'),
(89, 79, 'Notification 89', 'Notification content', '2023-11-09', '21:02:00'),
(90, 57, 'Notification 90', 'Notification content', '2023-11-09', '17:53:00'),
(91, 29, 'Notification 91', 'Notification content', '2023-11-09', '17:53:00'),
(92, 21, 'Notification 92', 'Notification content', '2023-11-09', '09:15:00'),
(93, 17, 'Notification 93', 'Notification content', '2023-11-09', '00:41:00'),
(94, 38, 'Notification 94', 'Notification content', '2023-11-09', '19:53:00'),
(95, 6, 'Notification 95', 'Notification content', '2023-11-09', '14:49:00'),
(96, 36, 'Notification 96', 'Notification content', '2023-11-09', '06:18:00'),
(97, 73, 'Notification 97', 'Notification content', '2023-11-09', '17:23:00'),
(98, 84, 'Notification 98', 'Notification content', '2023-11-09', '00:32:00'),
(99, 64, 'Notification 99', 'Notification content', '2023-11-09', '14:08:00'),
(100, 87, 'Notification 100', 'Notification content', '2023-11-09', '22:08:00'),
(101, 86, 'Notification 101', 'Notification content', '2023-11-09', '21:49:00'),
(102, 45, 'Notification 102', 'Notification content', '2023-11-09', '18:32:00'),
(103, 35, 'Notification 103', 'Notification content', '2023-11-09', '03:38:00'),
(104, 77, 'Notification 104', 'Notification content', '2023-11-09', '22:27:00'),
(105, 44, 'Notification 105', 'Notification content', '2023-11-09', '19:42:00'),
(106, 12, 'Notification 106', 'Notification content', '2023-11-09', '11:59:00'),
(107, 52, 'Notification 107', 'Notification content', '2023-11-09', '15:42:00'),
(108, 57, 'Notification 108', 'Notification content', '2023-11-09', '17:55:00'),
(109, 42, 'Notification 109', 'Notification content', '2023-11-09', '08:26:00'),
(110, 21, 'Notification 110', 'Notification content', '2023-11-09', '17:56:00'),
(111, 58, 'Notification 111', 'Notification content', '2023-11-09', '01:34:00'),
(112, 68, 'Notification 112', 'Notification content', '2023-11-09', '16:19:00'),
(113, 58, 'Notification 113', 'Notification content', '2023-11-09', '22:01:00'),
(114, 25, 'Notification 114', 'Notification content', '2023-11-09', '04:11:00'),
(115, 36, 'Notification 115', 'Notification content', '2023-11-09', '06:12:00'),
(116, 24, 'Notification 116', 'Notification content', '2023-11-09', '14:16:00'),
(117, 55, 'Notification 117', 'Notification content', '2023-11-09', '22:03:00'),
(118, 45, 'Notification 118', 'Notification content', '2023-11-09', '02:07:00'),
(119, 31, 'Notification 119', 'Notification content', '2023-11-09', '04:04:00'),
(120, 77, 'Notification 120', 'Notification content', '2023-11-09', '15:55:00'),
(121, 68, 'Notification 121', 'Notification content', '2023-11-09', '14:03:00'),
(122, 46, 'Notification 122', 'Notification content', '2023-11-09', '02:07:00'),
(123, 31, 'Notification 123', 'Notification content', '2023-11-09', '04:02:00'),
(124, 65, 'Notification 124', 'Notification content', '2023-11-09', '02:30:00'),
(125, 28, 'Notification 125', 'Notification content', '2023-11-09', '20:27:00'),
(126, 73, 'Notification 126', 'Notification content', '2023-11-09', '06:13:00'),
(127, 26, 'Notification 127', 'Notification content', '2023-11-09', '14:18:00'),
(128, 70, 'Notification 128', 'Notification content', '2023-11-09', '14:53:00'),
(129, 62, 'Notification 129', 'Notification content', '2023-11-09', '10:22:00'),
(130, 53, 'Notification 130', 'Notification content', '2023-11-09', '12:04:00'),
(131, 78, 'Notification 131', 'Notification content', '2023-11-09', '16:06:00'),
(132, 47, 'Notification 132', 'Notification content', '2023-11-09', '00:36:00'),
(133, 7, 'Notification 133', 'Notification content', '2023-11-09', '11:11:00'),
(134, 56, 'Notification 134', 'Notification content', '2023-11-09', '04:21:00'),
(135, 15, 'Notification 135', 'Notification content', '2023-11-09', '16:56:00'),
(136, 67, 'Notification 136', 'Notification content', '2023-11-09', '12:38:00'),
(137, 60, 'Notification 137', 'Notification content', '2023-11-09', '02:43:00'),
(138, 32, 'Notification 138', 'Notification content', '2023-11-09', '09:59:00'),
(139, 80, 'Notification 139', 'Notification content', '2023-11-09', '00:42:00'),
(140, 47, 'Notification 140', 'Notification content', '2023-11-09', '05:41:00'),
(141, 82, 'Notification 141', 'Notification content', '2023-11-09', '00:38:00'),
(142, 16, 'Notification 142', 'Notification content', '2023-11-09', '20:45:00'),
(143, 24, 'Notification 143', 'Notification content', '2023-11-09', '22:57:00'),
(144, 1, 'Notification 144', 'Notification content', '2023-11-09', '02:36:00'),
(145, 64, 'Notification 145', 'Notification content', '2023-11-09', '09:07:00'),
(146, 38, 'Notification 146', 'Notification content', '2023-11-09', '12:29:00'),
(147, 86, 'Notification 147', 'Notification content', '2023-11-09', '20:44:00'),
(148, 10, 'Notification 148', 'Notification content', '2023-11-09', '06:06:00'),
(149, 66, 'Notification 149', 'Notification content', '2023-11-09', '00:06:00'),
(150, 51, 'Notification 150', 'Notification content', '2023-11-09', '05:33:00'),
(151, 12, 'Notification 151', 'Notification content', '2023-11-09', '21:10:00'),
(152, 14, 'Notification 152', 'Notification content', '2023-11-09', '03:24:00'),
(153, 56, 'Notification 153', 'Notification content', '2023-11-09', '13:07:00'),
(154, 94, 'Notification 154', 'Notification content', '2023-11-09', '08:51:00'),
(155, 28, 'Notification 155', 'Notification content', '2023-11-09', '19:14:00'),
(156, 74, 'Notification 156', 'Notification content', '2023-11-09', '23:44:00'),
(157, 74, 'Notification 157', 'Notification content', '2023-11-09', '11:14:00'),
(158, 71, 'Notification 158', 'Notification content', '2023-11-09', '19:01:00'),
(159, 62, 'Notification 159', 'Notification content', '2023-11-09', '01:23:00'),
(160, 77, 'Notification 160', 'Notification content', '2023-11-09', '16:11:00'),
(161, 82, 'Notification 161', 'Notification content', '2023-11-09', '14:26:00'),
(162, 44, 'Notification 162', 'Notification content', '2023-11-09', '20:59:00'),
(163, 40, 'Notification 163', 'Notification content', '2023-11-09', '23:47:00'),
(164, 94, 'Notification 164', 'Notification content', '2023-11-09', '08:58:00'),
(165, 82, 'Notification 165', 'Notification content', '2023-11-09', '03:20:00'),
(166, 23, 'Notification 166', 'Notification content', '2023-11-09', '02:54:00'),
(167, 15, 'Notification 167', 'Notification content', '2023-11-09', '01:45:00'),
(168, 69, 'Notification 168', 'Notification content', '2023-11-09', '03:44:00'),
(169, 23, 'Notification 169', 'Notification content', '2023-11-09', '21:49:00'),
(170, 42, 'Notification 170', 'Notification content', '2023-11-09', '15:56:00'),
(171, 80, 'Notification 171', 'Notification content', '2023-11-09', '04:28:00'),
(172, 84, 'Notification 172', 'Notification content', '2023-11-09', '18:21:00'),
(173, 45, 'Notification 173', 'Notification content', '2023-11-09', '04:30:00'),
(174, 1, 'Notification 174', 'Notification content', '2023-11-09', '12:38:00'),
(175, 58, 'Notification 175', 'Notification content', '2023-11-09', '00:15:00'),
(176, 29, 'Notification 176', 'Notification content', '2023-11-09', '15:26:00'),
(177, 19, 'Notification 177', 'Notification content', '2023-11-09', '15:43:00'),
(178, 62, 'Notification 178', 'Notification content', '2023-11-09', '23:55:00'),
(179, 78, 'Notification 179', 'Notification content', '2023-11-09', '02:11:00'),
(180, 64, 'Notification 180', 'Notification content', '2023-11-09', '15:17:00'),
(181, 50, 'Notification 181', 'Notification content', '2023-11-09', '15:43:00'),
(182, 67, 'Notification 182', 'Notification content', '2023-11-09', '04:54:00'),
(183, 99, 'Notification 183', 'Notification content', '2023-11-09', '05:10:00'),
(184, 20, 'Notification 184', 'Notification content', '2023-11-09', '11:42:00'),
(185, 18, 'Notification 185', 'Notification content', '2023-11-09', '18:15:00'),
(186, 5, 'Notification 186', 'Notification content', '2023-11-09', '10:02:00'),
(187, 91, 'Notification 187', 'Notification content', '2023-11-09', '10:25:00'),
(188, 79, 'Notification 188', 'Notification content', '2023-11-09', '17:14:00'),
(189, 7, 'Notification 189', 'Notification content', '2023-11-09', '13:37:00'),
(190, 47, 'Notification 190', 'Notification content', '2023-11-09', '10:50:00'),
(191, 85, 'Notification 191', 'Notification content', '2023-11-09', '17:09:00'),
(192, 57, 'Notification 192', 'Notification content', '2023-11-09', '09:13:00'),
(193, 92, 'Notification 193', 'Notification content', '2023-11-09', '23:03:00'),
(194, 41, 'Notification 194', 'Notification content', '2023-11-09', '20:59:00'),
(195, 41, 'Notification 195', 'Notification content', '2023-11-09', '01:09:00'),
(196, 56, 'Notification 196', 'Notification content', '2023-11-09', '08:02:00'),
(197, 14, 'Notification 197', 'Notification content', '2023-11-09', '14:32:00'),
(198, 94, 'Notification 198', 'Notification content', '2023-11-09', '02:41:00'),
(199, 16, 'Notification 199', 'Notification content', '2023-11-09', '16:57:00'),
(200, 76, 'Notification 200', 'Notification content', '2023-11-09', '22:18:00'),
(201, 77, 'Notification 201', 'Notification content', '2023-11-09', '22:20:00'),
(202, 95, 'Notification 202', 'Notification content', '2023-11-09', '17:43:00'),
(203, 50, 'Notification 203', 'Notification content', '2023-11-09', '07:06:00'),
(204, 60, 'Notification 204', 'Notification content', '2023-11-09', '15:26:00'),
(205, 26, 'Notification 205', 'Notification content', '2023-11-09', '23:03:00'),
(206, 38, 'Notification 206', 'Notification content', '2023-11-09', '17:30:00'),
(207, 33, 'Notification 207', 'Notification content', '2023-11-09', '02:37:00'),
(208, 80, 'Notification 208', 'Notification content', '2023-11-09', '02:05:00'),
(209, 15, 'Notification 209', 'Notification content', '2023-11-09', '10:49:00'),
(210, 78, 'Notification 210', 'Notification content', '2023-11-09', '10:45:00'),
(211, 51, 'Notification 211', 'Notification content', '2023-11-09', '07:57:00'),
(212, 89, 'Notification 212', 'Notification content', '2023-11-09', '13:14:00'),
(213, 45, 'Notification 213', 'Notification content', '2023-11-09', '12:14:00'),
(214, 67, 'Notification 214', 'Notification content', '2023-11-09', '15:09:00'),
(215, 89, 'Notification 215', 'Notification content', '2023-11-09', '23:17:00'),
(216, 50, 'Notification 216', 'Notification content', '2023-11-09', '14:33:00'),
(217, 94, 'Notification 217', 'Notification content', '2023-11-09', '01:27:00'),
(218, 9, 'Notification 218', 'Notification content', '2023-11-09', '02:12:00'),
(219, 72, 'Notification 219', 'Notification content', '2023-11-09', '00:53:00'),
(220, 43, 'Notification 220', 'Notification content', '2023-11-09', '10:58:00'),
(221, 54, 'Notification 221', 'Notification content', '2023-11-09', '18:16:00'),
(222, 7, 'Notification 222', 'Notification content', '2023-11-09', '10:06:00'),
(223, 15, 'Notification 223', 'Notification content', '2023-11-09', '10:44:00'),
(224, 43, 'Notification 224', 'Notification content', '2023-11-09', '21:09:00'),
(225, 13, 'Notification 225', 'Notification content', '2023-11-09', '03:21:00'),
(226, 34, 'Notification 226', 'Notification content', '2023-11-09', '15:09:00'),
(227, 89, 'Notification 227', 'Notification content', '2023-11-09', '23:11:00'),
(228, 1, 'Notification 228', 'Notification content', '2023-11-09', '11:23:00'),
(229, 48, 'Notification 229', 'Notification content', '2023-11-09', '05:44:00'),
(230, 1, 'Notification 230', 'Notification content', '2023-11-09', '18:55:00'),
(231, 27, 'Notification 231', 'Notification content', '2023-11-09', '13:56:00'),
(232, 8, 'Notification 232', 'Notification content', '2023-11-09', '13:36:00'),
(233, 30, 'Notification 233', 'Notification content', '2023-11-09', '16:37:00'),
(234, 2, 'Notification 234', 'Notification content', '2023-11-09', '05:00:00'),
(235, 38, 'Notification 235', 'Notification content', '2023-11-09', '20:12:00'),
(236, 43, 'Notification 236', 'Notification content', '2023-11-09', '12:17:00'),
(237, 91, 'Notification 237', 'Notification content', '2023-11-09', '17:49:00'),
(238, 97, 'Notification 238', 'Notification content', '2023-11-09', '09:06:00'),
(239, 36, 'Notification 239', 'Notification content', '2023-11-09', '10:02:00'),
(240, 97, 'Notification 240', 'Notification content', '2023-11-09', '17:42:00'),
(241, 35, 'Notification 241', 'Notification content', '2023-11-09', '15:09:00'),
(242, 86, 'Notification 242', 'Notification content', '2023-11-09', '20:39:00'),
(243, 74, 'Notification 243', 'Notification content', '2023-11-09', '17:26:00'),
(244, 98, 'Notification 244', 'Notification content', '2023-11-09', '14:08:00'),
(245, 88, 'Notification 245', 'Notification content', '2023-11-09', '22:06:00'),
(246, 72, 'Notification 246', 'Notification content', '2023-11-09', '06:09:00'),
(247, 1, 'Notification 247', 'Notification content', '2023-11-09', '13:43:00'),
(248, 97, 'Notification 248', 'Notification content', '2023-11-09', '17:39:00'),
(249, 14, 'Notification 249', 'Notification content', '2023-11-09', '17:12:00'),
(250, 88, 'Notification 250', 'Notification content', '2023-11-09', '18:17:00'),
(251, 10, 'Notification 251', 'Notification content', '2023-11-09', '14:47:00'),
(252, 9, 'Notification 252', 'Notification content', '2023-11-09', '01:04:00'),
(253, 17, 'Notification 253', 'Notification content', '2023-11-09', '14:34:00'),
(254, 4, 'Notification 254', 'Notification content', '2023-11-09', '11:10:00'),
(255, 52, 'Notification 255', 'Notification content', '2023-11-09', '01:45:00'),
(256, 61, 'Notification 256', 'Notification content', '2023-11-09', '18:00:00'),
(257, 72, 'Notification 257', 'Notification content', '2023-11-09', '14:51:00'),
(258, 45, 'Notification 258', 'Notification content', '2023-11-09', '16:08:00'),
(259, 60, 'Notification 259', 'Notification content', '2023-11-09', '13:06:00'),
(260, 79, 'Notification 260', 'Notification content', '2023-11-09', '15:52:00'),
(261, 41, 'Notification 261', 'Notification content', '2023-11-09', '09:51:00'),
(262, 6, 'Notification 262', 'Notification content', '2023-11-09', '16:13:00'),
(263, 7, 'Notification 263', 'Notification content', '2023-11-09', '16:12:00'),
(264, 97, 'Notification 264', 'Notification content', '2023-11-09', '06:20:00'),
(265, 95, 'Notification 265', 'Notification content', '2023-11-09', '18:55:00'),
(266, 35, 'Notification 266', 'Notification content', '2023-11-09', '23:50:00'),
(267, 25, 'Notification 267', 'Notification content', '2023-11-09', '17:48:00'),
(268, 95, 'Notification 268', 'Notification content', '2023-11-09', '07:40:00'),
(269, 45, 'Notification 269', 'Notification content', '2023-11-09', '05:44:00'),
(270, 3, 'Notification 270', 'Notification content', '2023-11-09', '22:38:00'),
(271, 37, 'Notification 271', 'Notification content', '2023-11-09', '21:23:00'),
(272, 30, 'Notification 272', 'Notification content', '2023-11-09', '07:39:00'),
(273, 35, 'Notification 273', 'Notification content', '2023-11-09', '19:53:00'),
(274, 12, 'Notification 274', 'Notification content', '2023-11-09', '21:09:00'),
(275, 6, 'Notification 275', 'Notification content', '2023-11-09', '19:55:00'),
(276, 19, 'Notification 276', 'Notification content', '2023-11-09', '04:16:00'),
(277, 85, 'Notification 277', 'Notification content', '2023-11-09', '10:38:00'),
(278, 86, 'Notification 278', 'Notification content', '2023-11-09', '09:23:00'),
(279, 78, 'Notification 279', 'Notification content', '2023-11-09', '17:22:00'),
(280, 63, 'Notification 280', 'Notification content', '2023-11-09', '00:16:00'),
(281, 31, 'Notification 281', 'Notification content', '2023-11-09', '16:27:00'),
(282, 25, 'Notification 282', 'Notification content', '2023-11-09', '21:42:00'),
(283, 88, 'Notification 283', 'Notification content', '2023-11-09', '06:42:00'),
(284, 72, 'Notification 284', 'Notification content', '2023-11-09', '11:18:00'),
(285, 9, 'Notification 285', 'Notification content', '2023-11-09', '11:04:00'),
(286, 95, 'Notification 286', 'Notification content', '2023-11-09', '13:54:00'),
(287, 87, 'Notification 287', 'Notification content', '2023-11-09', '15:36:00'),
(288, 12, 'Notification 288', 'Notification content', '2023-11-09', '17:19:00'),
(289, 40, 'Notification 289', 'Notification content', '2023-11-09', '01:05:00'),
(290, 25, 'Notification 290', 'Notification content', '2023-11-09', '23:14:00'),
(291, 22, 'Notification 291', 'Notification content', '2023-11-09', '08:10:00'),
(292, 81, 'Notification 292', 'Notification content', '2023-11-09', '11:02:00'),
(293, 71, 'Notification 293', 'Notification content', '2023-11-09', '11:08:00'),
(294, 37, 'Notification 294', 'Notification content', '2023-11-09', '09:48:00'),
(295, 89, 'Notification 295', 'Notification content', '2023-11-09', '01:38:00'),
(296, 2, 'Notification 296', 'Notification content', '2023-11-09', '03:43:00'),
(297, 14, 'Notification 297', 'Notification content', '2023-11-09', '12:07:00'),
(298, 12, 'Notification 298', 'Notification content', '2023-11-09', '04:38:00'),
(299, 59, 'Notification 299', 'Notification content', '2023-11-09', '01:26:00'),
(300, 9, 'Notification 300', 'Notification content', '2023-11-09', '02:15:00'),
(301, 97, 'Notification 301', 'Notification content', '2023-11-09', '02:38:00'),
(302, 85, 'Notification 302', 'Notification content', '2023-11-09', '08:07:00'),
(303, 64, 'Notification 303', 'Notification content', '2023-11-09', '19:07:00'),
(304, 22, 'Notification 304', 'Notification content', '2023-11-09', '16:52:00'),
(305, 26, 'Notification 305', 'Notification content', '2023-11-09', '15:30:00'),
(306, 56, 'Notification 306', 'Notification content', '2023-11-09', '06:43:00'),
(307, 76, 'Notification 307', 'Notification content', '2023-11-09', '15:54:00'),
(308, 64, 'Notification 308', 'Notification content', '2023-11-09', '11:29:00'),
(309, 97, 'Notification 309', 'Notification content', '2023-11-09', '10:10:00'),
(310, 64, 'Notification 310', 'Notification content', '2023-11-09', '15:23:00'),
(311, 98, 'Notification 311', 'Notification content', '2023-11-09', '17:42:00'),
(312, 32, 'Notification 312', 'Notification content', '2023-11-09', '11:24:00'),
(313, 65, 'Notification 313', 'Notification content', '2023-11-09', '00:10:00'),
(314, 77, 'Notification 314', 'Notification content', '2023-11-09', '08:26:00'),
(315, 13, 'Notification 315', 'Notification content', '2023-11-09', '07:10:00'),
(316, 94, 'Notification 316', 'Notification content', '2023-11-09', '05:12:00'),
(317, 41, 'Notification 317', 'Notification content', '2023-11-09', '10:54:00'),
(318, 23, 'Notification 318', 'Notification content', '2023-11-09', '10:25:00'),
(319, 88, 'Notification 319', 'Notification content', '2023-11-09', '03:59:00'),
(320, 57, 'Notification 320', 'Notification content', '2023-11-09', '21:43:00'),
(321, 97, 'Notification 321', 'Notification content', '2023-11-09', '16:36:00'),
(322, 88, 'Notification 322', 'Notification content', '2023-11-09', '15:30:00'),
(323, 63, 'Notification 323', 'Notification content', '2023-11-09', '15:16:00'),
(324, 49, 'Notification 324', 'Notification content', '2023-11-09', '15:39:00'),
(325, 44, 'Notification 325', 'Notification content', '2023-11-09', '04:41:00'),
(326, 87, 'Notification 326', 'Notification content', '2023-11-09', '06:46:00'),
(327, 4, 'Notification 327', 'Notification content', '2023-11-09', '20:10:00'),
(328, 31, 'Notification 328', 'Notification content', '2023-11-09', '00:07:00'),
(329, 56, 'Notification 329', 'Notification content', '2023-11-09', '10:36:00'),
(330, 63, 'Notification 330', 'Notification content', '2023-11-09', '08:55:00'),
(331, 55, 'Notification 331', 'Notification content', '2023-11-09', '22:07:00'),
(332, 75, 'Notification 332', 'Notification content', '2023-11-09', '09:39:00'),
(333, 16, 'Notification 333', 'Notification content', '2023-11-09', '18:27:00'),
(334, 92, 'Notification 334', 'Notification content', '2023-11-09', '05:27:00'),
(335, 59, 'Notification 335', 'Notification content', '2023-11-09', '13:59:00'),
(336, 33, 'Notification 336', 'Notification content', '2023-11-09', '16:20:00'),
(337, 70, 'Notification 337', 'Notification content', '2023-11-09', '11:16:00'),
(338, 93, 'Notification 338', 'Notification content', '2023-11-09', '20:30:00'),
(339, 98, 'Notification 339', 'Notification content', '2023-11-09', '08:55:00'),
(340, 46, 'Notification 340', 'Notification content', '2023-11-09', '13:25:00'),
(341, 45, 'Notification 341', 'Notification content', '2023-11-09', '23:30:00'),
(342, 62, 'Notification 342', 'Notification content', '2023-11-09', '13:59:00'),
(343, 23, 'Notification 343', 'Notification content', '2023-11-09', '04:10:00'),
(344, 40, 'Notification 344', 'Notification content', '2023-11-09', '10:57:00'),
(345, 52, 'Notification 345', 'Notification content', '2023-11-09', '17:01:00'),
(346, 96, 'Notification 346', 'Notification content', '2023-11-09', '17:50:00'),
(347, 99, 'Notification 347', 'Notification content', '2023-11-09', '10:09:00'),
(348, 50, 'Notification 348', 'Notification content', '2023-11-09', '00:40:00'),
(349, 27, 'Notification 349', 'Notification content', '2023-11-09', '07:49:00'),
(350, 13, 'Notification 350', 'Notification content', '2023-11-09', '04:32:00'),
(351, 19, 'Notification 351', 'Notification content', '2023-11-09', '06:45:00'),
(352, 4, 'Notification 352', 'Notification content', '2023-11-09', '20:13:00'),
(353, 51, 'Notification 353', 'Notification content', '2023-11-09', '21:54:00'),
(354, 89, 'Notification 354', 'Notification content', '2023-11-09', '18:05:00'),
(355, 17, 'Notification 355', 'Notification content', '2023-11-09', '13:22:00'),
(356, 15, 'Notification 356', 'Notification content', '2023-11-09', '14:36:00'),
(357, 18, 'Notification 357', 'Notification content', '2023-11-09', '02:56:00'),
(358, 39, 'Notification 358', 'Notification content', '2023-11-09', '03:35:00'),
(359, 50, 'Notification 359', 'Notification content', '2023-11-09', '17:04:00'),
(360, 23, 'Notification 360', 'Notification content', '2023-11-09', '21:51:00'),
(361, 56, 'Notification 361', 'Notification content', '2023-11-09', '05:27:00'),
(362, 59, 'Notification 362', 'Notification content', '2023-11-09', '14:12:00'),
(363, 23, 'Notification 363', 'Notification content', '2023-11-09', '12:52:00'),
(364, 82, 'Notification 364', 'Notification content', '2023-11-09', '12:09:00'),
(365, 19, 'Notification 365', 'Notification content', '2023-11-09', '11:47:00'),
(366, 55, 'Notification 366', 'Notification content', '2023-11-09', '09:15:00'),
(367, 15, 'Notification 367', 'Notification content', '2023-11-09', '22:20:00'),
(368, 86, 'Notification 368', 'Notification content', '2023-11-09', '06:42:00'),
(369, 75, 'Notification 369', 'Notification content', '2023-11-09', '15:01:00'),
(370, 14, 'Notification 370', 'Notification content', '2023-11-09', '14:41:00'),
(371, 57, 'Notification 371', 'Notification content', '2023-11-09', '19:18:00'),
(372, 14, 'Notification 372', 'Notification content', '2023-11-09', '18:24:00'),
(373, 77, 'Notification 373', 'Notification content', '2023-11-09', '14:47:00'),
(374, 10, 'Notification 374', 'Notification content', '2023-11-09', '02:10:00'),
(375, 59, 'Notification 375', 'Notification content', '2023-11-09', '10:20:00'),
(376, 44, 'Notification 376', 'Notification content', '2023-11-09', '04:33:00'),
(377, 24, 'Notification 377', 'Notification content', '2023-11-09', '13:02:00'),
(378, 55, 'Notification 378', 'Notification content', '2023-11-09', '14:24:00'),
(379, 21, 'Notification 379', 'Notification content', '2023-11-09', '19:29:00'),
(380, 95, 'Notification 380', 'Notification content', '2023-11-09', '07:44:00'),
(381, 74, 'Notification 381', 'Notification content', '2023-11-09', '11:08:00'),
(382, 29, 'Notification 382', 'Notification content', '2023-11-09', '00:09:00'),
(383, 81, 'Notification 383', 'Notification content', '2023-11-09', '13:28:00'),
(384, 59, 'Notification 384', 'Notification content', '2023-11-09', '13:00:00'),
(385, 36, 'Notification 385', 'Notification content', '2023-11-09', '19:53:00'),
(386, 6, 'Notification 386', 'Notification content', '2023-11-09', '15:57:00'),
(387, 92, 'Notification 387', 'Notification content', '2023-11-09', '18:59:00'),
(388, 70, 'Notification 388', 'Notification content', '2023-11-09', '12:32:00'),
(389, 15, 'Notification 389', 'Notification content', '2023-11-09', '02:04:00'),
(390, 5, 'Notification 390', 'Notification content', '2023-11-09', '00:56:00'),
(391, 64, 'Notification 391', 'Notification content', '2023-11-09', '09:00:00'),
(392, 90, 'Notification 392', 'Notification content', '2023-11-09', '11:44:00'),
(393, 22, 'Notification 393', 'Notification content', '2023-11-09', '20:41:00'),
(394, 85, 'Notification 394', 'Notification content', '2023-11-09', '04:23:00'),
(395, 37, 'Notification 395', 'Notification content', '2023-11-09', '16:23:00'),
(396, 84, 'Notification 396', 'Notification content', '2023-11-09', '01:42:00'),
(397, 41, 'Notification 397', 'Notification content', '2023-11-09', '22:24:00'),
(398, 23, 'Notification 398', 'Notification content', '2023-11-09', '22:56:00'),
(399, 93, 'Notification 399', 'Notification content', '2023-11-09', '20:27:00'),
(400, 73, 'Notification 400', 'Notification content', '2023-11-09', '07:16:00'),
(401, 48, 'Notification 401', 'Notification content', '2023-11-09', '14:31:00'),
(402, 86, 'Notification 402', 'Notification content', '2023-11-09', '17:00:00'),
(403, 90, 'Notification 403', 'Notification content', '2023-11-09', '11:41:00'),
(404, 2, 'Notification 404', 'Notification content', '2023-11-09', '00:58:00'),
(405, 89, 'Notification 405', 'Notification content', '2023-11-09', '12:50:00'),
(406, 69, 'Notification 406', 'Notification content', '2023-11-09', '22:35:00'),
(407, 19, 'Notification 407', 'Notification content', '2023-11-09', '03:11:00'),
(408, 54, 'Notification 408', 'Notification content', '2023-11-09', '01:48:00'),
(409, 77, 'Notification 409', 'Notification content', '2023-11-09', '11:00:00'),
(410, 63, 'Notification 410', 'Notification content', '2023-11-09', '03:45:00'),
(411, 42, 'Notification 411', 'Notification content', '2023-11-09', '19:51:00'),
(412, 82, 'Notification 412', 'Notification content', '2023-11-09', '12:08:00'),
(413, 17, 'Notification 413', 'Notification content', '2023-11-09', '09:28:00'),
(414, 21, 'Notification 414', 'Notification content', '2023-11-09', '13:17:00'),
(415, 69, 'Notification 415', 'Notification content', '2023-11-09', '14:55:00'),
(416, 79, 'Notification 416', 'Notification content', '2023-11-09', '05:44:00'),
(417, 2, 'Notification 417', 'Notification content', '2023-11-09', '20:12:00'),
(418, 50, 'Notification 418', 'Notification content', '2023-11-09', '21:55:00'),
(419, 98, 'Notification 419', 'Notification content', '2023-11-09', '03:41:00'),
(420, 9, 'Notification 420', 'Notification content', '2023-11-09', '08:30:00'),
(421, 49, 'Notification 421', 'Notification content', '2023-11-09', '21:04:00'),
(422, 66, 'Notification 422', 'Notification content', '2023-11-09', '01:23:00'),
(423, 73, 'Notification 423', 'Notification content', '2023-11-09', '11:17:00'),
(424, 92, 'Notification 424', 'Notification content', '2023-11-09', '18:09:00'),
(425, 42, 'Notification 425', 'Notification content', '2023-11-09', '15:54:00'),
(426, 62, 'Notification 426', 'Notification content', '2023-11-09', '09:06:00'),
(427, 37, 'Notification 427', 'Notification content', '2023-11-09', '11:21:00'),
(428, 32, 'Notification 428', 'Notification content', '2023-11-09', '11:32:00'),
(429, 23, 'Notification 429', 'Notification content', '2023-11-09', '12:54:00'),
(430, 1, 'Notification 430', 'Notification content', '2023-11-09', '07:28:00'),
(431, 50, 'Notification 431', 'Notification content', '2023-11-09', '01:46:00'),
(432, 74, 'Notification 432', 'Notification content', '2023-11-09', '08:33:00'),
(433, 72, 'Notification 433', 'Notification content', '2023-11-09', '22:27:00'),
(434, 54, 'Notification 434', 'Notification content', '2023-11-09', '07:54:00'),
(435, 65, 'Notification 435', 'Notification content', '2023-11-09', '11:33:00'),
(436, 27, 'Notification 436', 'Notification content', '2023-11-09', '16:40:00'),
(437, 26, 'Notification 437', 'Notification content', '2023-11-09', '06:36:00'),
(438, 19, 'Notification 438', 'Notification content', '2023-11-09', '03:05:00'),
(439, 7, 'Notification 439', 'Notification content', '2023-11-09', '01:03:00'),
(440, 16, 'Notification 440', 'Notification content', '2023-11-09', '13:26:00'),
(441, 49, 'Notification 441', 'Notification content', '2023-11-09', '02:00:00'),
(442, 74, 'Notification 442', 'Notification content', '2023-11-09', '16:13:00'),
(443, 6, 'Notification 443', 'Notification content', '2023-11-09', '14:56:00'),
(444, 83, 'Notification 444', 'Notification content', '2023-11-09', '08:17:00'),
(445, 35, 'Notification 445', 'Notification content', '2023-11-09', '21:27:00'),
(446, 58, 'Notification 446', 'Notification content', '2023-11-09', '13:00:00'),
(447, 35, 'Notification 447', 'Notification content', '2023-11-09', '17:40:00'),
(448, 11, 'Notification 448', 'Notification content', '2023-11-09', '13:23:00'),
(449, 30, 'Notification 449', 'Notification content', '2023-11-09', '07:41:00'),
(450, 50, 'Notification 450', 'Notification content', '2023-11-09', '10:35:00'),
(451, 73, 'Notification 451', 'Notification content', '2023-11-09', '21:14:00'),
(452, 54, 'Notification 452', 'Notification content', '2023-11-09', '23:18:00'),
(453, 58, 'Notification 453', 'Notification content', '2023-11-09', '23:12:00'),
(454, 10, 'Notification 454', 'Notification content', '2023-11-09', '20:57:00'),
(455, 22, 'Notification 455', 'Notification content', '2023-11-09', '05:31:00'),
(456, 90, 'Notification 456', 'Notification content', '2023-11-09', '22:58:00'),
(457, 9, 'Notification 457', 'Notification content', '2023-11-09', '11:10:00'),
(458, 39, 'Notification 458', 'Notification content', '2023-11-09', '10:03:00'),
(459, 93, 'Notification 459', 'Notification content', '2023-11-09', '11:39:00'),
(460, 83, 'Notification 460', 'Notification content', '2023-11-09', '04:28:00'),
(461, 77, 'Notification 461', 'Notification content', '2023-11-09', '11:59:00'),
(462, 59, 'Notification 462', 'Notification content', '2023-11-09', '23:02:00'),
(463, 29, 'Notification 463', 'Notification content', '2023-11-09', '07:46:00'),
(464, 91, 'Notification 464', 'Notification content', '2023-11-09', '05:26:00'),
(465, 50, 'Notification 465', 'Notification content', '2023-11-09', '04:27:00'),
(466, 68, 'Notification 466', 'Notification content', '2023-11-09', '01:10:00'),
(467, 76, 'Notification 467', 'Notification content', '2023-11-09', '07:10:00'),
(468, 96, 'Notification 468', 'Notification content', '2023-11-09', '07:37:00'),
(469, 21, 'Notification 469', 'Notification content', '2023-11-09', '04:14:00'),
(470, 72, 'Notification 470', 'Notification content', '2023-11-09', '20:10:00'),
(471, 25, 'Notification 471', 'Notification content', '2023-11-09', '17:53:00'),
(472, 27, 'Notification 472', 'Notification content', '2023-11-09', '16:32:00'),
(473, 68, 'Notification 473', 'Notification content', '2023-11-09', '19:57:00'),
(474, 36, 'Notification 474', 'Notification content', '2023-11-09', '22:41:00'),
(475, 57, 'Notification 475', 'Notification content', '2023-11-09', '18:09:00'),
(476, 50, 'Notification 476', 'Notification content', '2023-11-09', '00:32:00'),
(477, 67, 'Notification 477', 'Notification content', '2023-11-09', '17:39:00'),
(478, 8, 'Notification 478', 'Notification content', '2023-11-09', '09:48:00'),
(479, 82, 'Notification 479', 'Notification content', '2023-11-09', '17:03:00'),
(480, 21, 'Notification 480', 'Notification content', '2023-11-09', '19:28:00'),
(481, 90, 'Notification 481', 'Notification content', '2023-11-09', '02:48:00'),
(482, 73, 'Notification 482', 'Notification content', '2023-11-09', '05:56:00'),
(483, 3, 'Notification 483', 'Notification content', '2023-11-09', '06:23:00'),
(484, 6, 'Notification 484', 'Notification content', '2023-11-09', '02:21:00'),
(485, 47, 'Notification 485', 'Notification content', '2023-11-09', '06:59:00'),
(486, 10, 'Notification 486', 'Notification content', '2023-11-09', '12:17:00'),
(487, 89, 'Notification 487', 'Notification content', '2023-11-09', '14:16:00'),
(488, 63, 'Notification 488', 'Notification content', '2023-11-09', '07:37:00'),
(489, 19, 'Notification 489', 'Notification content', '2023-11-09', '01:48:00'),
(490, 84, 'Notification 490', 'Notification content', '2023-11-09', '18:17:00'),
(491, 20, 'Notification 491', 'Notification content', '2023-11-09', '02:52:00'),
(492, 10, 'Notification 492', 'Notification content', '2023-11-09', '20:02:00'),
(493, 57, 'Notification 493', 'Notification content', '2023-11-09', '18:06:00'),
(494, 21, 'Notification 494', 'Notification content', '2023-11-09', '18:07:00'),
(495, 40, 'Notification 495', 'Notification content', '2023-11-09', '14:48:00'),
(496, 27, 'Notification 496', 'Notification content', '2023-11-09', '21:36:00'),
(497, 42, 'Notification 497', 'Notification content', '2023-11-09', '06:03:00'),
(498, 49, 'Notification 498', 'Notification content', '2023-11-09', '06:50:00'),
(499, 45, 'Notification 499', 'Notification content', '2023-11-09', '17:13:00'),
(500, 94, 'Notification 500', 'Notification content', '2023-11-09', '01:34:00'),
(501, 62, 'Notification 501', 'Notification content', '2023-11-09', '09:04:00'),
(502, 20, 'Notification 502', 'Notification content', '2023-11-09', '18:20:00'),
(503, 31, 'Notification 503', 'Notification content', '2023-11-09', '12:44:00'),
(504, 14, 'Notification 504', 'Notification content', '2023-11-09', '10:50:00'),
(505, 82, 'Notification 505', 'Notification content', '2023-11-09', '14:36:00'),
(506, 17, 'Notification 506', 'Notification content', '2023-11-09', '00:32:00'),
(507, 68, 'Notification 507', 'Notification content', '2023-11-09', '19:57:00'),
(508, 41, 'Notification 508', 'Notification content', '2023-11-09', '03:28:00'),
(509, 97, 'Notification 509', 'Notification content', '2023-11-09', '10:19:00'),
(510, 28, 'Notification 510', 'Notification content', '2023-11-09', '10:16:00'),
(511, 11, 'Notification 511', 'Notification content', '2023-11-09', '16:07:00'),
(512, 59, 'Notification 512', 'Notification content', '2023-11-09', '13:05:00'),
(513, 73, 'Notification 513', 'Notification content', '2023-11-09', '09:46:00'),
(514, 71, 'Notification 514', 'Notification content', '2023-11-09', '05:02:00'),
(515, 48, 'Notification 515', 'Notification content', '2023-11-09', '06:53:00'),
(516, 68, 'Notification 516', 'Notification content', '2023-11-09', '17:37:00'),
(517, 91, 'Notification 517', 'Notification content', '2023-11-09', '16:47:00'),
(518, 82, 'Notification 518', 'Notification content', '2023-11-09', '18:20:00'),
(519, 44, 'Notification 519', 'Notification content', '2023-11-09', '03:28:00'),
(520, 87, 'Notification 520', 'Notification content', '2023-11-09', '22:08:00'),
(521, 88, 'Notification 521', 'Notification content', '2023-11-09', '23:15:00'),
(522, 35, 'Notification 522', 'Notification content', '2023-11-09', '22:42:00'),
(523, 69, 'Notification 523', 'Notification content', '2023-11-09', '07:32:00'),
(524, 78, 'Notification 524', 'Notification content', '2023-11-09', '05:52:00'),
(525, 66, 'Notification 525', 'Notification content', '2023-11-09', '16:23:00'),
(526, 92, 'Notification 526', 'Notification content', '2023-11-09', '10:30:00'),
(527, 18, 'Notification 527', 'Notification content', '2023-11-09', '08:14:00'),
(528, 18, 'Notification 528', 'Notification content', '2023-11-09', '03:06:00'),
(529, 18, 'Notification 529', 'Notification content', '2023-11-09', '13:16:00'),
(530, 70, 'Notification 530', 'Notification content', '2023-11-09', '16:16:00'),
(531, 35, 'Notification 531', 'Notification content', '2023-11-09', '22:32:00'),
(532, 98, 'Notification 532', 'Notification content', '2023-11-09', '06:29:00'),
(533, 59, 'Notification 533', 'Notification content', '2023-11-09', '11:39:00'),
(534, 82, 'Notification 534', 'Notification content', '2023-11-09', '03:18:00'),
(535, 8, 'Notification 535', 'Notification content', '2023-11-09', '10:01:00'),
(536, 77, 'Notification 536', 'Notification content', '2023-11-09', '19:38:00'),
(537, 83, 'Notification 537', 'Notification content', '2023-11-09', '05:37:00'),
(538, 45, 'Notification 538', 'Notification content', '2023-11-09', '08:26:00'),
(539, 17, 'Notification 539', 'Notification content', '2023-11-09', '12:02:00'),
(540, 67, 'Notification 540', 'Notification content', '2023-11-09', '06:14:00'),
(541, 42, 'Notification 541', 'Notification content', '2023-11-09', '08:36:00'),
(542, 91, 'Notification 542', 'Notification content', '2023-11-09', '18:04:00'),
(543, 10, 'Notification 543', 'Notification content', '2023-11-09', '06:00:00'),
(544, 26, 'Notification 544', 'Notification content', '2023-11-09', '06:33:00'),
(545, 98, 'Notification 545', 'Notification content', '2023-11-09', '05:14:00'),
(546, 47, 'Notification 546', 'Notification content', '2023-11-09', '15:53:00'),
(547, 44, 'Notification 547', 'Notification content', '2023-11-09', '13:26:00'),
(548, 58, 'Notification 548', 'Notification content', '2023-11-09', '13:04:00'),
(549, 70, 'Notification 549', 'Notification content', '2023-11-09', '06:16:00'),
(550, 53, 'Notification 550', 'Notification content', '2023-11-09', '19:32:00'),
(551, 25, 'Notification 551', 'Notification content', '2023-11-09', '14:14:00'),
(552, 40, 'Notification 552', 'Notification content', '2023-11-09', '06:08:00'),
(553, 93, 'Notification 553', 'Notification content', '2023-11-09', '05:25:00'),
(554, 39, 'Notification 554', 'Notification content', '2023-11-09', '15:07:00'),
(555, 65, 'Notification 555', 'Notification content', '2023-11-09', '20:22:00'),
(556, 32, 'Notification 556', 'Notification content', '2023-11-09', '10:17:00'),
(557, 13, 'Notification 557', 'Notification content', '2023-11-09', '18:22:00'),
(558, 64, 'Notification 558', 'Notification content', '2023-11-09', '01:24:00'),
(559, 87, 'Notification 559', 'Notification content', '2023-11-09', '02:58:00'),
(560, 51, 'Notification 560', 'Notification content', '2023-11-09', '15:40:00'),
(561, 46, 'Notification 561', 'Notification content', '2023-11-09', '05:52:00'),
(562, 62, 'Notification 562', 'Notification content', '2023-11-09', '11:37:00'),
(563, 61, 'Notification 563', 'Notification content', '2023-11-09', '04:01:00'),
(564, 64, 'Notification 564', 'Notification content', '2023-11-09', '03:44:00'),
(565, 32, 'Notification 565', 'Notification content', '2023-11-09', '08:50:00'),
(566, 16, 'Notification 566', 'Notification content', '2023-11-09', '05:42:00'),
(567, 85, 'Notification 567', 'Notification content', '2023-11-09', '03:05:00'),
(568, 6, 'Notification 568', 'Notification content', '2023-11-09', '23:48:00'),
(569, 9, 'Notification 569', 'Notification content', '2023-11-09', '00:44:00'),
(570, 71, 'Notification 570', 'Notification content', '2023-11-09', '07:29:00'),
(571, 49, 'Notification 571', 'Notification content', '2023-11-09', '22:18:00'),
(572, 71, 'Notification 572', 'Notification content', '2023-11-09', '14:51:00'),
(573, 49, 'Notification 573', 'Notification content', '2023-11-09', '21:58:00'),
(574, 23, 'Notification 574', 'Notification content', '2023-11-09', '04:14:00'),
(575, 64, 'Notification 575', 'Notification content', '2023-11-09', '12:37:00'),
(576, 59, 'Notification 576', 'Notification content', '2023-11-09', '01:34:00'),
(577, 69, 'Notification 577', 'Notification content', '2023-11-09', '17:33:00'),
(578, 59, 'Notification 578', 'Notification content', '2023-11-09', '06:39:00'),
(579, 45, 'Notification 579', 'Notification content', '2023-11-09', '06:58:00'),
(580, 6, 'Notification 580', 'Notification content', '2023-11-09', '08:39:00'),
(581, 19, 'Notification 581', 'Notification content', '2023-11-09', '22:11:00'),
(582, 12, 'Notification 582', 'Notification content', '2023-11-09', '00:40:00'),
(583, 39, 'Notification 583', 'Notification content', '2023-11-09', '21:18:00'),
(584, 88, 'Notification 584', 'Notification content', '2023-11-09', '11:48:00'),
(585, 54, 'Notification 585', 'Notification content', '2023-11-09', '07:50:00'),
(586, 32, 'Notification 586', 'Notification content', '2023-11-09', '02:27:00'),
(587, 4, 'Notification 587', 'Notification content', '2023-11-09', '19:52:00'),
(588, 3, 'Notification 588', 'Notification content', '2023-11-09', '11:18:00'),
(589, 11, 'Notification 589', 'Notification content', '2023-11-09', '14:44:00'),
(590, 87, 'Notification 590', 'Notification content', '2023-11-09', '03:03:00'),
(591, 90, 'Notification 591', 'Notification content', '2023-11-09', '08:57:00'),
(592, 80, 'Notification 592', 'Notification content', '2023-11-09', '02:10:00'),
(593, 50, 'Notification 593', 'Notification content', '2023-11-09', '23:27:00'),
(594, 33, 'Notification 594', 'Notification content', '2023-11-09', '05:14:00'),
(595, 45, 'Notification 595', 'Notification content', '2023-11-09', '13:22:00'),
(596, 27, 'Notification 596', 'Notification content', '2023-11-09', '04:05:00'),
(597, 96, 'Notification 597', 'Notification content', '2023-11-09', '12:37:00'),
(598, 65, 'Notification 598', 'Notification content', '2023-11-09', '09:56:00'),
(599, 53, 'Notification 599', 'Notification content', '2023-11-09', '20:36:00'),
(600, 53, 'Notification 600', 'Notification content', '2023-11-09', '19:28:00'),
(601, 92, 'Notification 601', 'Notification content', '2023-11-09', '04:12:00'),
(602, 47, 'Notification 602', 'Notification content', '2023-11-09', '17:11:00'),
(603, 80, 'Notification 603', 'Notification content', '2023-11-09', '10:41:00'),
(604, 21, 'Notification 604', 'Notification content', '2023-11-09', '23:10:00'),
(605, 3, 'Notification 605', 'Notification content', '2023-11-09', '14:54:00'),
(606, 76, 'Notification 606', 'Notification content', '2023-11-09', '02:07:00'),
(607, 38, 'Notification 607', 'Notification content', '2023-11-09', '12:31:00'),
(608, 3, 'Notification 608', 'Notification content', '2023-11-09', '13:45:00'),
(609, 7, 'Notification 609', 'Notification content', '2023-11-09', '01:10:00'),
(610, 66, 'Notification 610', 'Notification content', '2023-11-09', '19:58:00'),
(611, 48, 'Notification 611', 'Notification content', '2023-11-09', '11:55:00'),
(612, 18, 'Notification 612', 'Notification content', '2023-11-09', '03:07:00'),
(613, 27, 'Notification 613', 'Notification content', '2023-11-09', '22:49:00'),
(614, 33, 'Notification 614', 'Notification content', '2023-11-09', '04:57:00'),
(615, 26, 'Notification 615', 'Notification content', '2023-11-09', '08:06:00'),
(616, 41, 'Notification 616', 'Notification content', '2023-11-09', '16:19:00'),
(617, 51, 'Notification 617', 'Notification content', '2023-11-09', '13:19:00'),
(618, 91, 'Notification 618', 'Notification content', '2023-11-09', '14:18:00'),
(619, 68, 'Notification 619', 'Notification content', '2023-11-09', '12:30:00'),
(620, 3, 'Notification 620', 'Notification content', '2023-11-09', '14:56:00'),
(621, 90, 'Notification 621', 'Notification content', '2023-11-09', '16:45:00'),
(622, 70, 'Notification 622', 'Notification content', '2023-11-09', '05:03:00'),
(623, 61, 'Notification 623', 'Notification content', '2023-11-09', '20:28:00'),
(624, 82, 'Notification 624', 'Notification content', '2023-11-09', '15:51:00'),
(625, 27, 'Notification 625', 'Notification content', '2023-11-09', '18:02:00'),
(626, 88, 'Notification 626', 'Notification content', '2023-11-09', '07:58:00'),
(627, 86, 'Notification 627', 'Notification content', '2023-11-09', '09:28:00'),
(628, 13, 'Notification 628', 'Notification content', '2023-11-09', '05:42:00'),
(629, 86, 'Notification 629', 'Notification content', '2023-11-09', '04:24:00'),
(630, 42, 'Notification 630', 'Notification content', '2023-11-09', '21:07:00'),
(631, 3, 'Notification 631', 'Notification content', '2023-11-09', '17:32:00'),
(632, 52, 'Notification 632', 'Notification content', '2023-11-09', '23:21:00'),
(633, 84, 'Notification 633', 'Notification content', '2023-11-09', '03:07:00'),
(634, 25, 'Notification 634', 'Notification content', '2023-11-09', '20:33:00'),
(635, 18, 'Notification 635', 'Notification content', '2023-11-09', '05:34:00');
INSERT INTO `notifications` (`id`, `employee_id`, `title`, `content`, `date`, `time`) VALUES
(636, 22, 'Notification 636', 'Notification content', '2023-11-09', '08:07:00'),
(637, 57, 'Notification 637', 'Notification content', '2023-11-09', '11:42:00'),
(638, 6, 'Notification 638', 'Notification content', '2023-11-09', '03:38:00'),
(639, 75, 'Notification 639', 'Notification content', '2023-11-09', '20:54:00'),
(640, 4, 'Notification 640', 'Notification content', '2023-11-09', '10:06:00'),
(641, 20, 'Notification 641', 'Notification content', '2023-11-09', '15:41:00'),
(642, 50, 'Notification 642', 'Notification content', '2023-11-09', '10:37:00'),
(643, 82, 'Notification 643', 'Notification content', '2023-11-09', '06:51:00'),
(644, 50, 'Notification 644', 'Notification content', '2023-11-09', '21:04:00'),
(645, 63, 'Notification 645', 'Notification content', '2023-11-09', '22:46:00'),
(646, 7, 'Notification 646', 'Notification content', '2023-11-09', '23:45:00'),
(647, 81, 'Notification 647', 'Notification content', '2023-11-09', '19:35:00'),
(648, 52, 'Notification 648', 'Notification content', '2023-11-09', '20:38:00'),
(649, 66, 'Notification 649', 'Notification content', '2023-11-09', '09:56:00'),
(650, 54, 'Notification 650', 'Notification content', '2023-11-09', '21:48:00'),
(651, 39, 'Notification 651', 'Notification content', '2023-11-09', '12:30:00'),
(652, 92, 'Notification 652', 'Notification content', '2023-11-09', '01:38:00'),
(653, 94, 'Notification 653', 'Notification content', '2023-11-09', '19:13:00'),
(654, 70, 'Notification 654', 'Notification content', '2023-11-09', '19:02:00'),
(655, 73, 'Notification 655', 'Notification content', '2023-11-09', '12:25:00'),
(656, 55, 'Notification 656', 'Notification content', '2023-11-09', '11:45:00'),
(657, 36, 'Notification 657', 'Notification content', '2023-11-09', '12:27:00'),
(658, 74, 'Notification 658', 'Notification content', '2023-11-09', '08:33:00'),
(659, 74, 'Notification 659', 'Notification content', '2023-11-09', '00:54:00'),
(660, 42, 'Notification 660', 'Notification content', '2023-11-09', '09:47:00'),
(661, 73, 'Notification 661', 'Notification content', '2023-11-09', '07:16:00'),
(662, 47, 'Notification 662', 'Notification content', '2023-11-09', '13:20:00'),
(663, 7, 'Notification 663', 'Notification content', '2023-11-09', '07:17:00'),
(664, 57, 'Notification 664', 'Notification content', '2023-11-09', '23:13:00'),
(665, 16, 'Notification 665', 'Notification content', '2023-11-09', '02:00:00'),
(666, 78, 'Notification 666', 'Notification content', '2023-11-09', '20:00:00'),
(667, 46, 'Notification 667', 'Notification content', '2023-11-09', '05:48:00'),
(668, 36, 'Notification 668', 'Notification content', '2023-11-09', '08:44:00'),
(669, 59, 'Notification 669', 'Notification content', '2023-11-09', '17:57:00'),
(670, 56, 'Notification 670', 'Notification content', '2023-11-09', '22:00:00'),
(671, 19, 'Notification 671', 'Notification content', '2023-11-09', '22:05:00'),
(672, 68, 'Notification 672', 'Notification content', '2023-11-09', '02:33:00'),
(673, 41, 'Notification 673', 'Notification content', '2023-11-09', '09:44:00'),
(674, 50, 'Notification 674', 'Notification content', '2023-11-09', '07:00:00'),
(675, 10, 'Notification 675', 'Notification content', '2023-11-09', '11:08:00'),
(676, 24, 'Notification 676', 'Notification content', '2023-11-09', '18:11:00'),
(677, 59, 'Notification 677', 'Notification content', '2023-11-09', '09:16:00'),
(678, 16, 'Notification 678', 'Notification content', '2023-11-09', '22:13:00'),
(679, 32, 'Notification 679', 'Notification content', '2023-11-09', '22:39:00'),
(680, 51, 'Notification 680', 'Notification content', '2023-11-09', '14:24:00'),
(681, 25, 'Notification 681', 'Notification content', '2023-11-09', '00:24:00'),
(682, 97, 'Notification 682', 'Notification content', '2023-11-09', '14:12:00'),
(683, 16, 'Notification 683', 'Notification content', '2023-11-09', '03:20:00'),
(684, 19, 'Notification 684', 'Notification content', '2023-11-09', '22:09:00'),
(685, 97, 'Notification 685', 'Notification content', '2023-11-09', '09:57:00'),
(686, 68, 'Notification 686', 'Notification content', '2023-11-09', '12:36:00'),
(687, 47, 'Notification 687', 'Notification content', '2023-11-09', '12:10:00'),
(688, 33, 'Notification 688', 'Notification content', '2023-11-09', '02:29:00'),
(689, 20, 'Notification 689', 'Notification content', '2023-11-09', '12:54:00'),
(690, 7, 'Notification 690', 'Notification content', '2023-11-09', '14:49:00'),
(691, 29, 'Notification 691', 'Notification content', '2023-11-09', '23:57:00'),
(692, 86, 'Notification 692', 'Notification content', '2023-11-09', '11:51:00'),
(693, 81, 'Notification 693', 'Notification content', '2023-11-09', '11:57:00'),
(694, 34, 'Notification 694', 'Notification content', '2023-11-09', '20:11:00'),
(695, 45, 'Notification 695', 'Notification content', '2023-11-09', '15:58:00'),
(696, 89, 'Notification 696', 'Notification content', '2023-11-09', '12:56:00'),
(697, 15, 'Notification 697', 'Notification content', '2023-11-09', '21:07:00'),
(698, 89, 'Notification 698', 'Notification content', '2023-11-09', '02:47:00'),
(699, 70, 'Notification 699', 'Notification content', '2023-11-09', '02:24:00'),
(700, 70, 'Notification 700', 'Notification content', '2023-11-09', '07:29:00'),
(701, 53, 'Notification 701', 'Notification content', '2023-11-09', '03:05:00'),
(702, 6, 'Notification 702', 'Notification content', '2023-11-09', '00:53:00'),
(703, 40, 'Notification 703', 'Notification content', '2023-11-09', '08:30:00'),
(704, 51, 'Notification 704', 'Notification content', '2023-11-09', '00:34:00'),
(705, 80, 'Notification 705', 'Notification content', '2023-11-09', '07:05:00'),
(706, 56, 'Notification 706', 'Notification content', '2023-11-09', '13:01:00'),
(707, 47, 'Notification 707', 'Notification content', '2023-11-09', '07:04:00'),
(708, 46, 'Notification 708', 'Notification content', '2023-11-09', '02:05:00'),
(709, 20, 'Notification 709', 'Notification content', '2023-11-09', '16:48:00'),
(710, 2, 'Notification 710', 'Notification content', '2023-11-09', '15:07:00'),
(711, 74, 'Notification 711', 'Notification content', '2023-11-09', '07:21:00'),
(712, 86, 'Notification 712', 'Notification content', '2023-11-09', '05:32:00'),
(713, 4, 'Notification 713', 'Notification content', '2023-11-09', '13:41:00'),
(714, 76, 'Notification 714', 'Notification content', '2023-11-09', '18:30:00'),
(715, 26, 'Notification 715', 'Notification content', '2023-11-09', '18:07:00'),
(716, 30, 'Notification 716', 'Notification content', '2023-11-09', '02:37:00'),
(717, 78, 'Notification 717', 'Notification content', '2023-11-09', '01:52:00'),
(718, 28, 'Notification 718', 'Notification content', '2023-11-09', '18:56:00'),
(719, 44, 'Notification 719', 'Notification content', '2023-11-09', '08:29:00'),
(720, 36, 'Notification 720', 'Notification content', '2023-11-09', '07:33:00'),
(721, 79, 'Notification 721', 'Notification content', '2023-11-09', '06:03:00'),
(722, 43, 'Notification 722', 'Notification content', '2023-11-09', '23:37:00'),
(723, 16, 'Notification 723', 'Notification content', '2023-11-09', '22:13:00'),
(724, 28, 'Notification 724', 'Notification content', '2023-11-09', '17:44:00'),
(725, 60, 'Notification 725', 'Notification content', '2023-11-09', '18:03:00'),
(726, 96, 'Notification 726', 'Notification content', '2023-11-09', '15:20:00'),
(727, 77, 'Notification 727', 'Notification content', '2023-11-09', '19:50:00'),
(728, 72, 'Notification 728', 'Notification content', '2023-11-09', '02:16:00'),
(729, 11, 'Notification 729', 'Notification content', '2023-11-09', '17:17:00'),
(730, 29, 'Notification 730', 'Notification content', '2023-11-09', '13:59:00'),
(731, 22, 'Notification 731', 'Notification content', '2023-11-09', '02:54:00'),
(732, 20, 'Notification 732', 'Notification content', '2023-11-09', '06:48:00'),
(733, 21, 'Notification 733', 'Notification content', '2023-11-09', '14:25:00'),
(734, 27, 'Notification 734', 'Notification content', '2023-11-09', '02:42:00'),
(735, 20, 'Notification 735', 'Notification content', '2023-11-09', '21:47:00'),
(736, 32, 'Notification 736', 'Notification content', '2023-11-09', '04:05:00'),
(737, 82, 'Notification 737', 'Notification content', '2023-11-09', '20:46:00'),
(738, 33, 'Notification 738', 'Notification content', '2023-11-09', '08:40:00'),
(739, 39, 'Notification 739', 'Notification content', '2023-11-09', '21:23:00'),
(740, 25, 'Notification 740', 'Notification content', '2023-11-09', '01:29:00'),
(741, 34, 'Notification 741', 'Notification content', '2023-11-09', '04:55:00'),
(742, 6, 'Notification 742', 'Notification content', '2023-11-09', '12:23:00'),
(743, 45, 'Notification 743', 'Notification content', '2023-11-09', '01:57:00'),
(744, 63, 'Notification 744', 'Notification content', '2023-11-09', '06:23:00'),
(745, 20, 'Notification 745', 'Notification content', '2023-11-09', '19:28:00'),
(746, 93, 'Notification 746', 'Notification content', '2023-11-09', '06:28:00'),
(747, 63, 'Notification 747', 'Notification content', '2023-11-09', '16:36:00'),
(748, 97, 'Notification 748', 'Notification content', '2023-11-09', '01:17:00'),
(749, 31, 'Notification 749', 'Notification content', '2023-11-09', '16:27:00'),
(750, 25, 'Notification 750', 'Notification content', '2023-11-09', '20:31:00'),
(751, 10, 'Notification 751', 'Notification content', '2023-11-09', '20:04:00'),
(752, 77, 'Notification 752', 'Notification content', '2023-11-09', '14:46:00'),
(753, 7, 'Notification 753', 'Notification content', '2023-11-09', '22:36:00'),
(754, 13, 'Notification 754', 'Notification content', '2023-11-09', '20:52:00'),
(755, 84, 'Notification 755', 'Notification content', '2023-11-09', '14:24:00'),
(756, 24, 'Notification 756', 'Notification content', '2023-11-09', '23:12:00'),
(757, 7, 'Notification 757', 'Notification content', '2023-11-09', '17:29:00'),
(758, 22, 'Notification 758', 'Notification content', '2023-11-09', '14:25:00'),
(759, 27, 'Notification 759', 'Notification content', '2023-11-09', '02:36:00'),
(760, 79, 'Notification 760', 'Notification content', '2023-11-09', '02:13:00'),
(761, 78, 'Notification 761', 'Notification content', '2023-11-09', '05:51:00'),
(762, 58, 'Notification 762', 'Notification content', '2023-11-09', '07:54:00'),
(763, 54, 'Notification 763', 'Notification content', '2023-11-09', '23:19:00'),
(764, 68, 'Notification 764', 'Notification content', '2023-11-09', '10:02:00'),
(765, 95, 'Notification 765', 'Notification content', '2023-11-09', '15:22:00'),
(766, 92, 'Notification 766', 'Notification content', '2023-11-09', '12:46:00'),
(767, 35, 'Notification 767', 'Notification content', '2023-11-09', '09:56:00'),
(768, 55, 'Notification 768', 'Notification content', '2023-11-09', '22:57:00'),
(769, 2, 'Notification 769', 'Notification content', '2023-11-09', '04:55:00'),
(770, 5, 'Notification 770', 'Notification content', '2023-11-09', '11:11:00'),
(771, 53, 'Notification 771', 'Notification content', '2023-11-09', '02:51:00'),
(772, 3, 'Notification 772', 'Notification content', '2023-11-09', '13:40:00'),
(773, 72, 'Notification 773', 'Notification content', '2023-11-09', '14:45:00'),
(774, 2, 'Notification 774', 'Notification content', '2023-11-09', '19:05:00'),
(775, 98, 'Notification 775', 'Notification content', '2023-11-09', '15:16:00'),
(776, 44, 'Notification 776', 'Notification content', '2023-11-09', '08:30:00'),
(777, 45, 'Notification 777', 'Notification content', '2023-11-09', '17:19:00'),
(778, 38, 'Notification 778', 'Notification content', '2023-11-09', '22:35:00'),
(779, 13, 'Notification 779', 'Notification content', '2023-11-09', '20:52:00'),
(780, 85, 'Notification 780', 'Notification content', '2023-11-09', '14:30:00'),
(781, 70, 'Notification 781', 'Notification content', '2023-11-09', '23:50:00'),
(782, 26, 'Notification 782', 'Notification content', '2023-11-09', '17:53:00'),
(783, 27, 'Notification 783', 'Notification content', '2023-11-09', '16:32:00'),
(784, 68, 'Notification 784', 'Notification content', '2023-11-09', '19:59:00'),
(785, 55, 'Notification 785', 'Notification content', '2023-11-09', '18:08:00'),
(786, 47, 'Notification 786', 'Notification content', '2023-11-09', '21:01:00'),
(787, 44, 'Notification 787', 'Notification content', '2023-11-09', '03:25:00'),
(788, 67, 'Notification 788', 'Notification content', '2023-11-09', '02:25:00'),
(789, 85, 'Notification 789', 'Notification content', '2023-11-09', '23:20:00'),
(790, 75, 'Notification 790', 'Notification content', '2023-11-09', '18:32:00'),
(791, 39, 'Notification 791', 'Notification content', '2023-11-09', '08:35:00'),
(792, 90, 'Notification 792', 'Notification content', '2023-11-09', '17:57:00'),
(793, 57, 'Notification 793', 'Notification content', '2023-11-09', '00:18:00'),
(794, 53, 'Notification 794', 'Notification content', '2023-11-09', '16:56:00'),
(795, 61, 'Notification 795', 'Notification content', '2023-11-09', '05:16:00'),
(796, 72, 'Notification 796', 'Notification content', '2023-11-09', '18:40:00'),
(797, 11, 'Notification 797', 'Notification content', '2023-11-09', '11:06:00'),
(798, 11, 'Notification 798', 'Notification content', '2023-11-09', '04:40:00'),
(799, 77, 'Notification 799', 'Notification content', '2023-11-09', '20:57:00'),
(800, 23, 'Notification 800', 'Notification content', '2023-11-09', '06:36:00'),
(801, 27, 'Notification 801', 'Notification content', '2023-11-09', '12:45:00'),
(802, 28, 'Notification 802', 'Notification content', '2023-11-09', '02:42:00'),
(803, 18, 'Notification 803', 'Notification content', '2023-11-09', '18:24:00'),
(804, 70, 'Notification 804', 'Notification content', '2023-11-09', '06:11:00'),
(805, 16, 'Notification 805', 'Notification content', '2023-11-09', '05:36:00'),
(806, 42, 'Notification 806', 'Notification content', '2023-11-09', '05:58:00'),
(807, 12, 'Notification 807', 'Notification content', '2023-11-09', '16:04:00'),
(808, 28, 'Notification 808', 'Notification content', '2023-11-09', '05:12:00'),
(809, 39, 'Notification 809', 'Notification content', '2023-11-09', '07:24:00'),
(810, 11, 'Notification 810', 'Notification content', '2023-11-09', '06:07:00'),
(811, 79, 'Notification 811', 'Notification content', '2023-11-09', '13:27:00'),
(812, 62, 'Notification 812', 'Notification content', '2023-11-09', '16:37:00'),
(813, 7, 'Notification 813', 'Notification content', '2023-11-09', '10:01:00'),
(814, 80, 'Notification 814', 'Notification content', '2023-11-09', '21:08:00'),
(815, 99, 'Notification 815', 'Notification content', '2023-11-09', '12:40:00'),
(816, 80, 'Notification 816', 'Notification content', '2023-11-09', '23:25:00'),
(817, 21, 'Notification 817', 'Notification content', '2023-11-09', '19:19:00'),
(818, 28, 'Notification 818', 'Notification content', '2023-11-09', '09:10:00'),
(819, 67, 'Notification 819', 'Notification content', '2023-11-09', '19:03:00'),
(820, 87, 'Notification 820', 'Notification content', '2023-11-09', '04:15:00'),
(821, 77, 'Notification 821', 'Notification content', '2023-11-09', '02:06:00'),
(822, 29, 'Notification 822', 'Notification content', '2023-11-09', '02:44:00'),
(823, 31, 'Notification 823', 'Notification content', '2023-11-09', '08:44:00'),
(824, 74, 'Notification 824', 'Notification content', '2023-11-09', '11:11:00'),
(825, 47, 'Notification 825', 'Notification content', '2023-11-09', '18:31:00'),
(826, 28, 'Notification 826', 'Notification content', '2023-11-09', '18:06:00'),
(827, 22, 'Notification 827', 'Notification content', '2023-11-09', '17:02:00'),
(828, 99, 'Notification 828', 'Notification content', '2023-11-09', '20:19:00'),
(829, 7, 'Notification 829', 'Notification content', '2023-11-09', '08:28:00'),
(830, 34, 'Notification 830', 'Notification content', '2023-11-09', '06:24:00'),
(831, 19, 'Notification 831', 'Notification content', '2023-11-09', '17:04:00'),
(832, 18, 'Notification 832', 'Notification content', '2023-11-09', '15:45:00'),
(833, 84, 'Notification 833', 'Notification content', '2023-11-09', '22:11:00'),
(834, 11, 'Notification 834', 'Notification content', '2023-11-09', '23:34:00'),
(835, 90, 'Notification 835', 'Notification content', '2023-11-09', '19:16:00'),
(836, 98, 'Notification 836', 'Notification content', '2023-11-09', '02:36:00'),
(837, 68, 'Notification 837', 'Notification content', '2023-11-09', '14:59:00'),
(838, 14, 'Notification 838', 'Notification content', '2023-11-09', '17:10:00'),
(839, 72, 'Notification 839', 'Notification content', '2023-11-09', '02:19:00'),
(840, 33, 'Notification 840', 'Notification content', '2023-11-09', '15:19:00'),
(841, 62, 'Notification 841', 'Notification content', '2023-11-09', '03:55:00'),
(842, 16, 'Notification 842', 'Notification content', '2023-11-09', '23:30:00'),
(843, 53, 'Notification 843', 'Notification content', '2023-11-09', '03:04:00'),
(844, 99, 'Notification 844', 'Notification content', '2023-11-09', '17:42:00'),
(845, 31, 'Notification 845', 'Notification content', '2023-11-09', '10:16:00'),
(846, 3, 'Notification 846', 'Notification content', '2023-11-09', '07:34:00'),
(847, 87, 'Notification 847', 'Notification content', '2023-11-09', '15:38:00'),
(848, 24, 'Notification 848', 'Notification content', '2023-11-09', '06:39:00'),
(849, 44, 'Notification 849', 'Notification content', '2023-11-09', '05:48:00'),
(850, 38, 'Notification 850', 'Notification content', '2023-11-09', '11:13:00'),
(851, 71, 'Notification 851', 'Notification content', '2023-11-09', '21:18:00'),
(852, 84, 'Notification 852', 'Notification content', '2023-11-09', '06:56:00'),
(853, 81, 'Notification 853', 'Notification content', '2023-11-09', '05:44:00'),
(854, 5, 'Notification 854', 'Notification content', '2023-11-09', '23:40:00'),
(855, 49, 'Notification 855', 'Notification content', '2023-11-09', '10:37:00'),
(856, 90, 'Notification 856', 'Notification content', '2023-11-09', '14:20:00'),
(857, 86, 'Notification 857', 'Notification content', '2023-11-09', '07:57:00'),
(858, 84, 'Notification 858', 'Notification content', '2023-11-09', '08:09:00'),
(859, 76, 'Notification 859', 'Notification content', '2023-11-09', '08:28:00'),
(860, 34, 'Notification 860', 'Notification content', '2023-11-09', '05:13:00'),
(861, 39, 'Notification 861', 'Notification content', '2023-11-09', '06:08:00'),
(862, 95, 'Notification 862', 'Notification content', '2023-11-09', '07:45:00'),
(863, 81, 'Notification 863', 'Notification content', '2023-11-09', '18:26:00'),
(864, 90, 'Notification 864', 'Notification content', '2023-11-09', '04:16:00'),
(865, 75, 'Notification 865', 'Notification content', '2023-11-09', '22:27:00'),
(866, 44, 'Notification 866', 'Notification content', '2023-11-09', '19:50:00'),
(867, 71, 'Notification 867', 'Notification content', '2023-11-09', '00:01:00'),
(868, 6, 'Notification 868', 'Notification content', '2023-11-09', '03:40:00'),
(869, 89, 'Notification 869', 'Notification content', '2023-11-09', '10:27:00'),
(870, 99, 'Notification 870', 'Notification content', '2023-11-09', '14:03:00'),
(871, 50, 'Notification 871', 'Notification content', '2023-11-09', '07:01:00'),
(872, 23, 'Notification 872', 'Notification content', '2023-11-09', '01:34:00'),
(873, 72, 'Notification 873', 'Notification content', '2023-11-09', '21:15:00'),
(874, 64, 'Notification 874', 'Notification content', '2023-11-09', '10:14:00'),
(875, 94, 'Notification 875', 'Notification content', '2023-11-09', '23:58:00'),
(876, 97, 'Notification 876', 'Notification content', '2023-11-09', '23:55:00'),
(877, 69, 'Notification 877', 'Notification content', '2023-11-09', '17:28:00'),
(878, 26, 'Notification 878', 'Notification content', '2023-11-09', '20:29:00'),
(879, 87, 'Notification 879', 'Notification content', '2023-11-09', '21:54:00'),
(880, 79, 'Notification 880', 'Notification content', '2023-11-09', '06:56:00'),
(881, 92, 'Notification 881', 'Notification content', '2023-11-09', '19:15:00'),
(882, 83, 'Notification 882', 'Notification content', '2023-11-09', '10:36:00'),
(883, 80, 'Notification 883', 'Notification content', '2023-11-09', '03:24:00'),
(884, 58, 'Notification 884', 'Notification content', '2023-11-09', '15:32:00'),
(885, 73, 'Notification 885', 'Notification content', '2023-11-09', '01:02:00'),
(886, 7, 'Notification 886', 'Notification content', '2023-11-09', '04:46:00'),
(887, 31, 'Notification 887', 'Notification content', '2023-11-09', '04:04:00'),
(888, 81, 'Notification 888', 'Notification content', '2023-11-09', '19:37:00'),
(889, 65, 'Notification 889', 'Notification content', '2023-11-09', '10:07:00'),
(890, 39, 'Notification 890', 'Notification content', '2023-11-09', '13:35:00'),
(891, 28, 'Notification 891', 'Notification content', '2023-11-09', '15:20:00'),
(892, 81, 'Notification 892', 'Notification content', '2023-11-09', '00:43:00'),
(893, 52, 'Notification 893', 'Notification content', '2023-11-09', '10:35:00'),
(894, 69, 'Notification 894', 'Notification content', '2023-11-09', '16:16:00'),
(895, 37, 'Notification 895', 'Notification content', '2023-11-09', '00:58:00'),
(896, 83, 'Notification 896', 'Notification content', '2023-11-09', '06:45:00'),
(897, 1, 'Notification 897', 'Notification content', '2023-11-09', '18:50:00'),
(898, 89, 'Notification 898', 'Notification content', '2023-11-09', '22:59:00'),
(899, 16, 'Notification 899', 'Notification content', '2023-11-09', '19:37:00'),
(900, 69, 'Notification 900', 'Notification content', '2023-11-09', '13:43:00'),
(901, 92, 'Notification 901', 'Notification content', '2023-11-09', '10:28:00'),
(902, 4, 'Notification 902', 'Notification content', '2023-11-09', '18:38:00'),
(903, 97, 'Notification 903', 'Notification content', '2023-11-09', '22:41:00'),
(904, 69, 'Notification 904', 'Notification content', '2023-11-09', '09:50:00'),
(905, 8, 'Notification 905', 'Notification content', '2023-11-09', '20:59:00'),
(906, 45, 'Notification 906', 'Notification content', '2023-11-09', '05:52:00'),
(907, 61, 'Notification 907', 'Notification content', '2023-11-09', '11:31:00'),
(908, 21, 'Notification 908', 'Notification content', '2023-11-09', '11:41:00'),
(909, 9, 'Notification 909', 'Notification content', '2023-11-09', '08:25:00'),
(910, 15, 'Notification 910', 'Notification content', '2023-11-09', '10:44:00'),
(911, 37, 'Notification 911', 'Notification content', '2023-11-09', '15:01:00'),
(912, 28, 'Notification 912', 'Notification content', '2023-11-09', '06:36:00'),
(913, 18, 'Notification 913', 'Notification content', '2023-11-09', '00:41:00'),
(914, 33, 'Notification 914', 'Notification content', '2023-11-09', '13:49:00'),
(915, 47, 'Notification 915', 'Notification content', '2023-11-09', '20:47:00'),
(916, 46, 'Notification 916', 'Notification content', '2023-11-09', '21:09:00'),
(917, 4, 'Notification 917', 'Notification content', '2023-11-09', '17:33:00'),
(918, 56, 'Notification 918', 'Notification content', '2023-11-09', '03:07:00'),
(919, 10, 'Notification 919', 'Notification content', '2023-11-09', '03:25:00'),
(920, 72, 'Notification 920', 'Notification content', '2023-11-09', '07:22:00'),
(921, 93, 'Notification 921', 'Notification content', '2023-11-09', '13:55:00'),
(922, 98, 'Notification 922', 'Notification content', '2023-11-09', '04:53:00'),
(923, 90, 'Notification 923', 'Notification content', '2023-11-09', '21:44:00'),
(924, 3, 'Notification 924', 'Notification content', '2023-11-09', '21:24:00'),
(925, 32, 'Notification 925', 'Notification content', '2023-11-09', '09:02:00'),
(926, 4, 'Notification 926', 'Notification content', '2023-11-09', '00:00:00'),
(927, 95, 'Notification 927', 'Notification content', '2023-11-09', '18:57:00'),
(928, 53, 'Notification 928', 'Notification content', '2023-11-09', '17:06:00'),
(929, 32, 'Notification 929', 'Notification content', '2023-11-09', '06:23:00'),
(930, 17, 'Notification 930', 'Notification content', '2023-11-09', '15:40:00'),
(931, 48, 'Notification 931', 'Notification content', '2023-11-09', '08:20:00'),
(932, 65, 'Notification 932', 'Notification content', '2023-11-09', '05:14:00'),
(933, 50, 'Notification 933', 'Notification content', '2023-11-09', '18:20:00'),
(934, 43, 'Notification 934', 'Notification content', '2023-11-09', '02:17:00'),
(935, 8, 'Notification 935', 'Notification content', '2023-11-09', '12:28:00'),
(936, 71, 'Notification 936', 'Notification content', '2023-11-09', '03:41:00'),
(937, 94, 'Notification 937', 'Notification content', '2023-11-09', '15:25:00'),
(938, 16, 'Notification 938', 'Notification content', '2023-11-09', '12:06:00'),
(939, 97, 'Notification 939', 'Notification content', '2023-11-09', '13:57:00'),
(940, 6, 'Notification 940', 'Notification content', '2023-11-09', '09:52:00'),
(941, 18, 'Notification 941', 'Notification content', '2023-11-09', '05:39:00'),
(942, 55, 'Notification 942', 'Notification content', '2023-11-09', '19:23:00'),
(943, 54, 'Notification 943', 'Notification content', '2023-11-09', '12:59:00'),
(944, 37, 'Notification 944', 'Notification content', '2023-11-09', '21:21:00'),
(945, 13, 'Notification 945', 'Notification content', '2023-11-09', '12:19:00'),
(946, 3, 'Notification 946', 'Notification content', '2023-11-09', '02:31:00'),
(947, 28, 'Notification 947', 'Notification content', '2023-11-09', '19:09:00'),
(948, 42, 'Notification 948', 'Notification content', '2023-11-09', '14:50:00'),
(949, 37, 'Notification 949', 'Notification content', '2023-11-09', '06:18:00'),
(950, 72, 'Notification 950', 'Notification content', '2023-11-09', '16:11:00'),
(951, 94, 'Notification 951', 'Notification content', '2023-11-09', '03:57:00'),
(952, 28, 'Notification 952', 'Notification content', '2023-11-09', '13:54:00'),
(953, 88, 'Notification 953', 'Notification content', '2023-11-09', '16:48:00'),
(954, 99, 'Notification 954', 'Notification content', '2023-11-09', '13:45:00'),
(955, 13, 'Notification 955', 'Notification content', '2023-11-09', '08:22:00'),
(956, 83, 'Notification 956', 'Notification content', '2023-11-09', '01:45:00'),
(957, 64, 'Notification 957', 'Notification content', '2023-11-09', '22:41:00'),
(958, 68, 'Notification 958', 'Notification content', '2023-11-09', '07:36:00'),
(959, 3, 'Notification 959', 'Notification content', '2023-11-09', '07:27:00'),
(960, 39, 'Notification 960', 'Notification content', '2023-11-09', '13:37:00'),
(961, 43, 'Notification 961', 'Notification content', '2023-11-09', '07:10:00'),
(962, 3, 'Notification 962', 'Notification content', '2023-11-09', '14:54:00'),
(963, 73, 'Notification 963', 'Notification content', '2023-11-09', '22:35:00'),
(964, 5, 'Notification 964', 'Notification content', '2023-11-09', '11:13:00'),
(965, 73, 'Notification 965', 'Notification content', '2023-11-09', '23:39:00'),
(966, 37, 'Notification 966', 'Notification content', '2023-11-09', '21:17:00'),
(967, 80, 'Notification 967', 'Notification content', '2023-11-09', '03:21:00'),
(968, 32, 'Notification 968', 'Notification content', '2023-11-09', '12:41:00'),
(969, 84, 'Notification 969', 'Notification content', '2023-11-09', '03:14:00'),
(970, 71, 'Notification 970', 'Notification content', '2023-11-09', '20:13:00'),
(971, 51, 'Notification 971', 'Notification content', '2023-11-09', '20:44:00'),
(972, 15, 'Notification 972', 'Notification content', '2023-11-09', '11:01:00'),
(973, 66, 'Notification 973', 'Notification content', '2023-11-09', '05:12:00'),
(974, 29, 'Notification 974', 'Notification content', '2023-11-09', '19:17:00'),
(975, 98, 'Notification 975', 'Notification content', '2023-11-09', '00:12:00'),
(976, 96, 'Notification 976', 'Notification content', '2023-11-09', '04:05:00'),
(977, 89, 'Notification 977', 'Notification content', '2023-11-09', '04:13:00'),
(978, 60, 'Notification 978', 'Notification content', '2023-11-09', '07:41:00'),
(979, 56, 'Notification 979', 'Notification content', '2023-11-09', '17:55:00'),
(980, 49, 'Notification 980', 'Notification content', '2023-11-09', '15:47:00'),
(981, 1, 'Notification 981', 'Notification content', '2023-11-09', '15:12:00'),
(982, 10, 'Notification 982', 'Notification content', '2023-11-09', '20:59:00'),
(983, 43, 'Notification 983', 'Notification content', '2023-11-09', '03:21:00'),
(984, 43, 'Notification 984', 'Notification content', '2023-11-09', '01:05:00'),
(985, 25, 'Notification 985', 'Notification content', '2023-11-09', '23:03:00'),
(986, 42, 'Notification 986', 'Notification content', '2023-11-09', '22:22:00'),
(987, 6, 'Notification 987', 'Notification content', '2023-11-09', '04:46:00'),
(988, 30, 'Notification 988', 'Notification content', '2023-11-09', '03:52:00'),
(989, 93, 'Notification 989', 'Notification content', '2023-11-09', '00:17:00'),
(990, 43, 'Notification 990', 'Notification content', '2023-11-09', '06:59:00'),
(991, 21, 'Notification 991', 'Notification content', '2023-11-09', '00:34:00'),
(992, 77, 'Notification 992', 'Notification content', '2023-11-09', '03:22:00'),
(993, 45, 'Notification 993', 'Notification content', '2023-11-09', '03:22:00'),
(994, 41, 'Notification 994', 'Notification content', '2023-11-09', '22:30:00'),
(995, 67, 'Notification 995', 'Notification content', '2023-11-09', '20:17:00'),
(996, 85, 'Notification 996', 'Notification content', '2023-11-09', '10:32:00'),
(997, 44, 'Notification 997', 'Notification content', '2023-11-09', '13:28:00'),
(998, 70, 'Notification 998', 'Notification content', '2023-11-09', '01:16:00'),
(999, 16, 'Notification 999', 'Notification content', '2023-11-09', '22:16:00'),
(1000, 55, 'Notification 1000', 'Notification content', '2023-11-09', '21:51:00');

-- --------------------------------------------------------

--
-- Table structure for table `ranks`
--

CREATE TABLE `ranks` (
  `id` int(11) NOT NULL,
  `name` varchar(255) NOT NULL,
  `description` text DEFAULT NULL
) ENGINE=InnoDB DEFAULT CHARSET=utf8mb4 COLLATE=utf8mb4_general_ci;

--
-- Dumping data for table `ranks`
--

INSERT INTO `ranks` (`id`, `name`, `description`) VALUES
(1, 'staff', 'Nhn vin'),
(2, 'team_lead', 'Trng nhm'),
(3, 'manager', 'Qun l'),
(4, 'director', 'Gim c');

-- --------------------------------------------------------

--
-- Table structure for table `salaries`
--

CREATE TABLE `salaries` (
  `id` int(11) NOT NULL,
  `employee_id` int(11) NOT NULL,
  `work_days` double NOT NULL
) ENGINE=InnoDB DEFAULT CHARSET=utf8mb4 COLLATE=utf8mb4_general_ci;

--
-- Dumping data for table `salaries`
--

INSERT INTO `salaries` (`id`, `employee_id`, `work_days`) VALUES
(1, 18, 13),
(2, 8, 21),
(3, 85, 21),
(4, 60, 13),
(5, 65, 21),
(6, 5, 21),
(7, 89, 2),
(8, 55, 15),
(9, 36, 25),
(10, 89, 12),
(11, 70, 3),
(12, 30, 7),
(13, 38, 3),
(14, 44, 22),
(15, 5, 16),
(16, 94, 23),
(17, 59, 7),
(18, 61, 6),
(19, 25, 16),
(20, 27, 14),
(21, 88, 21),
(22, 40, 14),
(23, 54, 2),
(24, 66, 4),
(25, 70, 3),
(26, 47, 25),
(27, 56, 21),
(28, 44, 18),
(29, 25, 3),
(30, 74, 11),
(31, 90, 6),
(32, 45, 14),
(33, 34, 2),
(34, 37, 16),
(35, 3, 7),
(36, 15, 1),
(37, 64, 5),
(38, 91, 2),
(39, 56, 16),
(40, 46, 11),
(41, 66, 3),
(42, 44, 24),
(43, 37, 2),
(44, 11, 11),
(45, 77, 15),
(46, 60, 7),
(47, 41, 9),
(48, 50, 12),
(49, 71, 7),
(50, 10, 19),
(51, 35, 15),
(52, 76, 4),
(53, 33, 7),
(54, 34, 23),
(55, 55, 25),
(56, 34, 18),
(57, 41, 25),
(58, 76, 21),
(59, 82, 17),
(60, 86, 8),
(61, 94, 20),
(62, 10, 4),
(63, 34, 9),
(64, 59, 25),
(65, 16, 22),
(66, 74, 5),
(67, 61, 14),
(68, 86, 18),
(69, 97, 19),
(70, 81, 20),
(71, 55, 9),
(72, 14, 16),
(73, 69, 15),
(74, 83, 11),
(75, 62, 22),
(76, 34, 4),
(77, 75, 8),
(78, 34, 18),
(79, 55, 16),
(80, 42, 7),
(81, 10, 17),
(82, 8, 10),
(83, 62, 25),
(84, 13, 16),
(85, 71, 18),
(86, 35, 17),
(87, 26, 9),
(88, 84, 6),
(89, 63, 12),
(90, 39, 15),
(91, 75, 1),
(92, 87, 8),
(93, 80, 4),
(94, 38, 11),
(95, 96, 14),
(96, 90, 22),
(97, 51, 1),
(98, 53, 16),
(99, 57, 24),
(100, 99, 4);

-- --------------------------------------------------------

--
-- Table structure for table `salary_details`
--

CREATE TABLE `salary_details` (
  `id` int(11) NOT NULL,
  `salary_id` int(11) NOT NULL,
  `salary_scale_id` int(11) NOT NULL,
  `salary` int(11) NOT NULL
) ENGINE=InnoDB DEFAULT CHARSET=utf8mb4 COLLATE=utf8mb4_general_ci;

--
-- Dumping data for table `salary_details`
--

INSERT INTO `salary_details` (`id`, `salary_id`, `salary_scale_id`, `salary`) VALUES
(1, 1, 19, 5286304),
(2, 2, 20, 8756090),
(3, 3, 11, 9788975),
(4, 4, 2, 8185727),
(5, 5, 10, 8428036),
(6, 6, 14, 7461147),
(7, 7, 13, 6909473),
(8, 8, 11, 5129680),
(9, 9, 19, 6278661),
(10, 10, 10, 4127457),
(11, 11, 11, 2913736),
(12, 12, 17, 9213886),
(13, 13, 2, 9840223),
(14, 14, 6, 5039258),
(15, 15, 10, 8183912),
(16, 16, 11, 1141004),
(17, 17, 19, 9023884),
(18, 18, 17, 2184756),
(19, 19, 12, 1295427),
(20, 20, 18, 5950314),
(21, 21, 8, 2397138),
(22, 22, 18, 2992791),
(23, 23, 20, 6288806),
(24, 24, 5, 3552196),
(25, 25, 19, 1892476),
(26, 26, 4, 4987286),
(27, 27, 15, 8726152),
(28, 28, 2, 1911321),
(29, 29, 6, 8779742),
(30, 30, 7, 10613222),
(31, 31, 1, 3633542),
(32, 32, 6, 4518312),
(33, 33, 2, 4146064),
(34, 34, 9, 9110410),
(35, 35, 1, 6783216),
(36, 36, 22, 7887428),
(37, 37, 19, 9812186),
(38, 38, 1, 6444684),
(39, 39, 15, 5139342),
(40, 40, 6, 10645342),
(41, 41, 3, 7007429),
(42, 42, 17, 8333086),
(43, 43, 14, 6261784),
(44, 44, 24, 4976117),
(45, 45, 1, 9190183),
(46, 46, 3, 10828438),
(47, 47, 16, 4028670),
(48, 48, 14, 10088802),
(49, 49, 21, 6429220),
(50, 50, 4, 2355973),
(51, 51, 6, 7900503),
(52, 52, 20, 9905804),
(53, 53, 2, 8105753),
(54, 54, 8, 5857073),
(55, 55, 11, 9332615),
(56, 56, 20, 5606031),
(57, 57, 23, 3521072),
(58, 58, 12, 7446085),
(59, 59, 19, 10785981),
(60, 60, 14, 8918884),
(61, 61, 8, 3384973),
(62, 62, 6, 5044540),
(63, 63, 9, 6381511),
(64, 64, 16, 6847849),
(65, 65, 1, 3675534),
(66, 66, 8, 9204514),
(67, 67, 4, 2805973),
(68, 68, 13, 1472865),
(69, 69, 17, 3730689),
(70, 70, 8, 8627321),
(71, 71, 21, 1342897),
(72, 72, 14, 8869165),
(73, 73, 5, 7428063),
(74, 74, 15, 2310715),
(75, 75, 20, 8051037),
(76, 76, 2, 3173275),
(77, 77, 22, 8832900),
(78, 78, 7, 10265638),
(79, 79, 21, 6551030),
(80, 80, 5, 3078829),
(81, 81, 13, 10538487),
(82, 82, 6, 3521793),
(83, 83, 15, 3067702),
(84, 84, 7, 7590199),
(85, 85, 13, 7604464),
(86, 86, 18, 7173035),
(87, 87, 23, 8847499),
(88, 88, 4, 4545178),
(89, 89, 9, 7730900),
(90, 90, 8, 6980495),
(91, 91, 1, 4051315),
(92, 92, 12, 5150534),
(93, 93, 17, 2398325),
(94, 94, 17, 10213376),
(95, 95, 15, 3469231),
(96, 96, 11, 4995002),
(97, 97, 18, 4681973),
(98, 98, 17, 5002482),
(99, 99, 22, 3909405),
(100, 100, 19, 10256370);

-- --------------------------------------------------------

--
-- Table structure for table `salary_scales`
--

CREATE TABLE `salary_scales` (
  `id` int(11) NOT NULL,
  `rank_id` int(11) NOT NULL,
  `name` varchar(255) NOT NULL,
  `value` int(11) NOT NULL,
  `description` text DEFAULT NULL
) ENGINE=InnoDB DEFAULT CHARSET=utf8mb4 COLLATE=utf8mb4_general_ci;

--
-- Dumping data for table `salary_scales`
--

INSERT INTO `salary_scales` (`id`, `rank_id`, `name`, `value`, `description`) VALUES
(1, 1, 'Lng c bn', 10000000, 'Lng c bn ca nhn vin, tnh bng Vit Nam ng'),
(2, 1, 'Nh ', 1000000, 'Ph cp nh  ca nhn vin, tnh bng Vit Nam ng'),
(3, 1, 'Xng xe', 500000, 'Ph cp xng xe ca nhn vin, tnh bng Vit Nam ng'),
(4, 1, 'Bo him', 10, 'Bo him ca nhn vin, tr vo lng c bn, tnh theo phn trm lng c bn'),
(5, 1, 'Thng', 5, 'Thng ca nhn vin, tnh theo phn trm lng c bn'),
(6, 1, 'Thm nin', 2, 'Thm nin ca nhn vin, tnh theo phn trm lng c bn'),
(7, 2, 'Lng c bn', 15000000, 'Lng c bn ca nhn vin, tnh bng Vit Nam ng'),
(8, 2, 'Nh ', 1500000, 'Ph cp nh  ca nhn vin, tnh bng Vit Nam ng'),
(9, 2, 'Xng xe', 700000, 'Ph cp xng xe ca nhn vin, tnh bng Vit Nam ng'),
(10, 2, 'Bo him', 12, 'Bo him ca nhn vin, tr vo lng c bn, tnh theo phn trm lng c bn'),
(11, 2, 'Thng', 10, 'Thng ca nhn vin, tnh theo phn trm lng c bn'),
(12, 2, 'Thm nin', 5, 'Thm nin ca nhn vin, tnh theo phn trm lng c bn'),
(13, 3, 'Lng c bn', 20000000, 'Lng c bn ca nhn vin, tnh bng Vit Nam ng'),
(14, 3, 'Nh ', 2000000, 'Ph cp nh  ca nhn vin, tnh bng Vit Nam ng'),
(15, 3, 'Xng xe', 1000000, 'Ph cp xng xe ca nhn vin, tnh bng Vit Nam ng'),
(16, 3, 'Bo him', 15, 'Bo him ca nhn vin, tr vo lng c bn, tnh theo phn trm lng c bn'),
(17, 3, 'Thng', 12, 'Thng ca nhn vin, tnh theo phn trm lng c bn'),
(18, 3, 'Thm nin', 8, 'Thm nin ca nhn vin, tnh theo phn trm lng c bn'),
(19, 4, 'Lng c bn', 50000000, 'Lng c bn ca nhn vin, tnh bng Vit Nam ng'),
(20, 4, 'Nh ', 5000000, 'Ph cp nh  ca nhn vin, tnh bng Vit Nam ng'),
(21, 4, 'Xng xe', 2500000, 'Ph cp xng xe ca nhn vin, tnh bng Vit Nam ng'),
(22, 4, 'Bo him', 20, 'Bo him ca nhn vin, tr vo lng c bn, tnh theo phn trm lng c bn'),
(23, 4, 'Thng', 15, 'Thng ca nhn vin, tnh theo phn trm lng c bn'),
(24, 4, 'Thm nin', 10, 'Thm nin ca nhn vin, tnh theo phn trm lng c bn');

-- --------------------------------------------------------

--
-- Table structure for table `teams`
--

CREATE TABLE `teams` (
  `id` int(11) NOT NULL,
  `name` varchar(255) NOT NULL,
  `team_lead_id` int(11) DEFAULT 0,
  `department_id` int(11) NOT NULL,
  `description` text NOT NULL
) ENGINE=InnoDB DEFAULT CHARSET=utf8mb4 COLLATE=utf8mb4_general_ci;

--
-- Dumping data for table `teams`
--

INSERT INTO `teams` (`id`, `name`, `team_lead_id`, `department_id`, `description`) VALUES
(1, 'Pht trin phn mm', 0, 1, 'Chu trch nhim xy dng, pht trin v duy tr phn mm hoc sn phm cng ngh ca cng ty. Cc chc danh bao gm lp trnh vin, k s phn mm, kin trc s phn mm, v tester.'),
(2, 'Nghin cu v pht trin sn phm', 0, 1, 'Tp trung vo nghin cu, pht trin sn phm mi v ci tin sn phm hin c. y c th l cc nh nghin cu, nh khoa hc d liu, v kin trc s sn phm.'),
(3, 'Thit k sn phm', 0, 1, 'To ra giao din ngi dng v tri nghim ngi dng (UI/UX) hp dn cho sn phm. y bao gm cc nh thit k  ha v thit k tri nghim ngi dng.'),
(4, 'Qun l d n', 0, 1, 'Gim st tin , quy trnh, v ngun lc ca d n, m bo cc d n c trin khai mt cch hiu qu v ng hn.'),
(5, 'Pht trin k hoch kinh doanh', 0, 2, 'm bo cng ty c mt chin lc kinh doanh chi tit, bao gm phn on th trng, phn phi sn phm, v li nhun d kin.'),
(6, 'Tip th v qung co', 0, 2, 'Xy dng chin dch tip th  thu ht khch hng v qung b thng hiu. y bao gm qung co trc tuyn, truyn hnh, in n, v nhiu chin dch khc.'),
(7, 'Phn phi v pht trin th trng', 0, 2, 'm bo sn phm ca cng ty c a ra th trng v phn phi mt cch hiu qu v nghin cu v pht trin th trng mi.'),
(8, 'Phn tch th trng', 0, 2, 'Theo di v nh gi th trng, cnh tranh, v kt qu ca chin dch tip th  a ra quyt nh chin lc.'),
(9, 'K ton v ti chnh', 0, 3, 'Qun l ti chnh ca cng ty, bao gm k ton, qun l ngn sch, v bo co ti chnh.'),
(10, 'Qun l ngun vn', 0, 3, 'Qun l vic huy ng v qun l ngun vn cho cng ty, bao gm vic tm kim nh u t v qun l vn.'),
(11, 'Thu thu', 0, 3, 'm bo cng ty tun th tt c cc quy nh v thu v thc hin cc khon thanh ton thu ng hn.'),
(12, 'Chi phi s pht trin v qun l sn phm', 0, 4, 'm bo sn phm hoc dch v ca cng ty p ng nhu cu ca khch hng v ph hp vi chin lc kinh doanh.'),
(13, 'H tr v dch v khch hng', 0, 5, 'Gii quyt cu hi, vn  v yu cu t khch hng, m bo h nhn c h tr cht lng.'),
(14, 'Tuyn dng v pht trin nhn s', 0, 6, 'Tuyn dng v o to nhn vin mi, qun l chng trnh pht trin nhn vin, v duy tr h s nhn vin.'),
(15, 'Qun l mi quan h lao ng', 0, 6, 'Gii quyt cc vn  lin quan n mi quan h lao ng v thc y s hi lng v hiu sut ca nhn vin.'),
(16, 'Qun l lng v phc li', 0, 6, 'Qun l qu trnh tr lng, phc li v ch  bo him cho nhn vin.'),
(17, 'Qun l vn  php l', 0, 7, 'm bo cng ty tun th tt c cc quy nh php l v hp ng.'),
(18, 'Bo mt thng tin v qun l ri ro', 0, 7, 'm bo an ton thng tin v d liu ca cng ty, ng thi i ph vi cc ri ro bo mt.'),
(19, 'Qun l cc d n c th', 0, 8, 'Qun l vic thc hin v tin  cc d n c th trong cng ty, m bo chng c trin khai mt cch hiu qu v ng hn.');

-- --------------------------------------------------------

--
-- Table structure for table `training`
--

CREATE TABLE `training` (
  `id` int(11) NOT NULL,
  `employee_id` int(11) NOT NULL,
  `name` varchar(255) NOT NULL,
  `start_date` date NOT NULL,
  `end_date` date NOT NULL,
  `start_time` time NOT NULL,
  `end_time` time NOT NULL,
  `location` text NOT NULL
) ENGINE=InnoDB DEFAULT CHARSET=utf8mb4 COLLATE=utf8mb4_general_ci;

--
-- Dumping data for table `training`
--

INSERT INTO `training` (`id`, `employee_id`, `name`, `start_date`, `end_date`, `start_time`, `end_time`, `location`) VALUES
(1, 1, 'Training 1', '2010-01-01', '2010-01-01', '02:17:00', '04:04:00', 'Location 4'),
(2, 2, 'Training 2', '2016-01-01', '2019-01-01', '16:35:00', '22:52:00', 'Location 3'),
(3, 3, 'Training 3', '2013-01-01', '2018-01-01', '09:24:00', '19:45:00', 'Location 2'),
(4, 4, 'Training 4', '2016-01-01', '2010-01-01', '04:58:00', '06:29:00', 'Location 3'),
(5, 5, 'Training 5', '2014-01-01', '2014-01-01', '18:39:00', '23:49:00', 'Location 2'),
(6, 6, 'Training 6', '2017-01-01', '2011-01-01', '13:13:00', '10:33:00', 'Location 3'),
(7, 7, 'Training 7', '2017-01-01', '2012-01-01', '00:24:00', '22:26:00', 'Location 3'),
(8, 8, 'Training 8', '2018-01-01', '2010-01-01', '09:03:00', '01:10:00', 'Location 4'),
(9, 9, 'Training 9', '2018-01-01', '2011-01-01', '10:41:00', '01:11:00', 'Location 5'),
(10, 10, 'Training 10', '2016-01-01', '2016-01-01', '10:06:00', '05:55:00', 'Location 5'),
(11, 11, 'Training 11', '2017-01-01', '2011-01-01', '08:16:00', '08:01:00', 'Location 5'),
(12, 12, 'Training 12', '2019-01-01', '2015-01-01', '04:06:00', '01:54:00', 'Location 2'),
(13, 13, 'Training 13', '2011-01-01', '2016-01-01', '19:09:00', '07:05:00', 'Location 3'),
(14, 14, 'Training 14', '2014-01-01', '2014-01-01', '21:11:00', '06:49:00', 'Location 2'),
(15, 15, 'Training 15', '2019-01-01', '2017-01-01', '00:46:00', '20:53:00', 'Location 5'),
(16, 16, 'Training 16', '2010-01-01', '2013-01-01', '12:38:00', '15:22:00', 'Location 5'),
(17, 17, 'Training 17', '2012-01-01', '2015-01-01', '02:52:00', '01:42:00', 'Location 2'),
(18, 18, 'Training 18', '2014-01-01', '2012-01-01', '01:32:00', '10:39:00', 'Location 5'),
(19, 19, 'Training 19', '2015-01-01', '2010-01-01', '15:08:00', '16:58:00', 'Location 5'),
(20, 20, 'Training 20', '2012-01-01', '2018-01-01', '09:29:00', '05:41:00', 'Location 4'),
(21, 21, 'Training 21', '2018-01-01', '2016-01-01', '01:11:00', '18:20:00', 'Location 2'),
(22, 22, 'Training 22', '2019-01-01', '2015-01-01', '16:00:00', '22:41:00', 'Location 3'),
(23, 23, 'Training 23', '2019-01-01', '2017-01-01', '04:39:00', '16:32:00', 'Location 3'),
(24, 24, 'Training 24', '2012-01-01', '2013-01-01', '04:53:00', '21:42:00', 'Location 5'),
(25, 25, 'Training 25', '2013-01-01', '2011-01-01', '18:22:00', '12:33:00', 'Location 1'),
(26, 26, 'Training 26', '2011-01-01', '2010-01-01', '00:56:00', '15:18:00', 'Location 4'),
(27, 27, 'Training 27', '2012-01-01', '2012-01-01', '14:18:00', '16:33:00', 'Location 4'),
(28, 28, 'Training 28', '2017-01-01', '2017-01-01', '09:50:00', '23:19:00', 'Location 4'),
(29, 29, 'Training 29', '2015-01-01', '2016-01-01', '15:09:00', '22:13:00', 'Location 2'),
(30, 30, 'Training 30', '2018-01-01', '2014-01-01', '17:12:00', '20:43:00', 'Location 1'),
(31, 31, 'Training 31', '2019-01-01', '2014-01-01', '15:52:00', '09:23:00', 'Location 4'),
(32, 32, 'Training 32', '2014-01-01', '2011-01-01', '11:50:00', '18:18:00', 'Location 2'),
(33, 33, 'Training 33', '2011-01-01', '2012-01-01', '16:45:00', '16:13:00', 'Location 1'),
(34, 34, 'Training 34', '2015-01-01', '2016-01-01', '12:42:00', '23:44:00', 'Location 4'),
(35, 35, 'Training 35', '2016-01-01', '2018-01-01', '12:59:00', '08:50:00', 'Location 1'),
(36, 36, 'Training 36', '2011-01-01', '2013-01-01', '07:26:00', '06:05:00', 'Location 4'),
(37, 37, 'Training 37', '2018-01-01', '2015-01-01', '23:20:00', '17:40:00', 'Location 1'),
(38, 38, 'Training 38', '2017-01-01', '2013-01-01', '07:40:00', '08:51:00', 'Location 1'),
(39, 39, 'Training 39', '2012-01-01', '2016-01-01', '16:24:00', '00:48:00', 'Location 1'),
(40, 40, 'Training 40', '2017-01-01', '2014-01-01', '02:06:00', '07:11:00', 'Location 1'),
(41, 41, 'Training 41', '2016-01-01', '2010-01-01', '07:22:00', '23:41:00', 'Location 3'),
(42, 42, 'Training 42', '2016-01-01', '2016-01-01', '06:27:00', '10:44:00', 'Location 3'),
(43, 43, 'Training 43', '2019-01-01', '2012-01-01', '13:07:00', '21:02:00', 'Location 3'),
(44, 44, 'Training 44', '2016-01-01', '2015-01-01', '16:49:00', '02:05:00', 'Location 1'),
(45, 45, 'Training 45', '2012-01-01', '2017-01-01', '02:12:00', '18:17:00', 'Location 1'),
(46, 46, 'Training 46', '2018-01-01', '2016-01-01', '23:46:00', '23:39:00', 'Location 2'),
(47, 47, 'Training 47', '2013-01-01', '2018-01-01', '08:08:00', '16:01:00', 'Location 1'),
(48, 48, 'Training 48', '2011-01-01', '2015-01-01', '12:55:00', '23:05:00', 'Location 3'),
(49, 49, 'Training 49', '2014-01-01', '2014-01-01', '22:26:00', '07:21:00', 'Location 4'),
(50, 50, 'Training 50', '2018-01-01', '2018-01-01', '17:06:00', '08:30:00', 'Location 3'),
(51, 51, 'Training 51', '2016-01-01', '2019-01-01', '17:49:00', '22:11:00', 'Location 1'),
(52, 52, 'Training 52', '2012-01-01', '2016-01-01', '14:07:00', '17:19:00', 'Location 2'),
(53, 53, 'Training 53', '2019-01-01', '2018-01-01', '01:49:00', '22:18:00', 'Location 4'),
(54, 54, 'Training 54', '2015-01-01', '2014-01-01', '22:16:00', '12:49:00', 'Location 3'),
(55, 55, 'Training 55', '2010-01-01', '2017-01-01', '18:33:00', '10:25:00', 'Location 5'),
(56, 56, 'Training 56', '2011-01-01', '2018-01-01', '01:42:00', '08:41:00', 'Location 2'),
(57, 57, 'Training 57', '2018-01-01', '2011-01-01', '22:25:00', '07:17:00', 'Location 3'),
(58, 58, 'Training 58', '2016-01-01', '2017-01-01', '20:55:00', '02:48:00', 'Location 4'),
(59, 59, 'Training 59', '2018-01-01', '2013-01-01', '03:45:00', '07:19:00', 'Location 4'),
(60, 60, 'Training 60', '2014-01-01', '2010-01-01', '01:03:00', '03:28:00', 'Location 5'),
(61, 61, 'Training 61', '2015-01-01', '2017-01-01', '00:55:00', '14:07:00', 'Location 5'),
(62, 62, 'Training 62', '2011-01-01', '2018-01-01', '19:40:00', '20:19:00', 'Location 1'),
(63, 63, 'Training 63', '2010-01-01', '2012-01-01', '23:10:00', '22:11:00', 'Location 1'),
(64, 64, 'Training 64', '2012-01-01', '2015-01-01', '06:36:00', '05:16:00', 'Location 4'),
(65, 65, 'Training 65', '2019-01-01', '2012-01-01', '14:14:00', '09:16:00', 'Location 1'),
(66, 66, 'Training 66', '2019-01-01', '2014-01-01', '05:51:00', '14:29:00', 'Location 3'),
(67, 67, 'Training 67', '2014-01-01', '2015-01-01', '07:01:00', '02:27:00', 'Location 5'),
(68, 68, 'Training 68', '2016-01-01', '2010-01-01', '11:14:00', '17:55:00', 'Location 3'),
(69, 69, 'Training 69', '2015-01-01', '2014-01-01', '09:45:00', '14:44:00', 'Location 5'),
(70, 70, 'Training 70', '2012-01-01', '2015-01-01', '01:38:00', '23:02:00', 'Location 2'),
(71, 71, 'Training 71', '2019-01-01', '2011-01-01', '19:41:00', '00:56:00', 'Location 4'),
(72, 72, 'Training 72', '2017-01-01', '2017-01-01', '09:38:00', '01:24:00', 'Location 5'),
(73, 73, 'Training 73', '2011-01-01', '2019-01-01', '12:38:00', '16:29:00', 'Location 3'),
(74, 74, 'Training 74', '2016-01-01', '2019-01-01', '20:19:00', '02:27:00', 'Location 1'),
(75, 75, 'Training 75', '2019-01-01', '2015-01-01', '01:30:00', '09:23:00', 'Location 5'),
(76, 76, 'Training 76', '2018-01-01', '2019-01-01', '07:36:00', '01:29:00', 'Location 2'),
(77, 77, 'Training 77', '2018-01-01', '2016-01-01', '10:14:00', '22:03:00', 'Location 3'),
(78, 78, 'Training 78', '2010-01-01', '2018-01-01', '23:24:00', '02:22:00', 'Location 3'),
(79, 79, 'Training 79', '2015-01-01', '2012-01-01', '10:30:00', '05:33:00', 'Location 1'),
(80, 80, 'Training 80', '2010-01-01', '2016-01-01', '04:55:00', '02:41:00', 'Location 2'),
(81, 81, 'Training 81', '2010-01-01', '2014-01-01', '00:54:00', '10:30:00', 'Location 2'),
(82, 82, 'Training 82', '2014-01-01', '2018-01-01', '21:54:00', '19:22:00', 'Location 3'),
(83, 83, 'Training 83', '2019-01-01', '2016-01-01', '06:20:00', '23:52:00', 'Location 3'),
(84, 84, 'Training 84', '2015-01-01', '2016-01-01', '11:20:00', '07:35:00', 'Location 1'),
(85, 85, 'Training 85', '2012-01-01', '2012-01-01', '09:19:00', '10:07:00', 'Location 2'),
(86, 86, 'Training 86', '2014-01-01', '2010-01-01', '01:03:00', '02:26:00', 'Location 5'),
(87, 87, 'Training 87', '2017-01-01', '2013-01-01', '07:35:00', '00:24:00', 'Location 5'),
(88, 88, 'Training 88', '2015-01-01', '2010-01-01', '14:51:00', '10:33:00', 'Location 3'),
(89, 89, 'Training 89', '2019-01-01', '2019-01-01', '05:13:00', '10:27:00', 'Location 1'),
(90, 90, 'Training 90', '2017-01-01', '2015-01-01', '13:10:00', '03:15:00', 'Location 5'),
(91, 91, 'Training 91', '2015-01-01', '2010-01-01', '11:27:00', '19:36:00', 'Location 4'),
(92, 92, 'Training 92', '2015-01-01', '2016-01-01', '10:25:00', '19:46:00', 'Location 3'),
(93, 93, 'Training 93', '2018-01-01', '2018-01-01', '13:28:00', '15:46:00', 'Location 5'),
(94, 94, 'Training 94', '2015-01-01', '2018-01-01', '11:50:00', '19:30:00', 'Location 1'),
(95, 95, 'Training 95', '2011-01-01', '2014-01-01', '18:26:00', '22:24:00', 'Location 1'),
(96, 96, 'Training 96', '2017-01-01', '2012-01-01', '20:33:00', '05:28:00', 'Location 4'),
(97, 97, 'Training 97', '2010-01-01', '2011-01-01', '11:05:00', '23:40:00', 'Location 3'),
(98, 98, 'Training 98', '2019-01-01', '2017-01-01', '19:43:00', '04:50:00', 'Location 4'),
(99, 99, 'Training 99', '2015-01-01', '2010-01-01', '10:00:00', '19:59:00', 'Location 3'),
(100, 100, 'Training 100', '2016-01-01', '2017-01-01', '15:04:00', '10:53:00', 'Location 1');

--
-- Indexes for dumped tables
--

--
-- Indexes for table `attendance`
--
ALTER TABLE `attendance`
  ADD PRIMARY KEY (`id`),
  ADD KEY `employee_id` (`employee_id`);

--
-- Indexes for table `attendance_month`
--
ALTER TABLE `attendance_month`
  ADD PRIMARY KEY (`id`),
  ADD KEY `employee_id` (`employee_id`);

--
-- Indexes for table `company_reviews`
--
ALTER TABLE `company_reviews`
  ADD PRIMARY KEY (`id`),
  ADD KEY `reviewer_id` (`reviewer_id`);

--
-- Indexes for table `contact_infomation`
--
ALTER TABLE `contact_infomation`
  ADD PRIMARY KEY (`id`),
  ADD KEY `employee_id` (`employee_id`);

--
-- Indexes for table `contracts`
--
ALTER TABLE `contracts`
  ADD PRIMARY KEY (`id`),
  ADD KEY `employee_id` (`employee_id`);

--
-- Indexes for table `departments`
--
ALTER TABLE `departments`
  ADD PRIMARY KEY (`id`);

--
-- Indexes for table `department_reviews`
--
ALTER TABLE `department_reviews`
  ADD PRIMARY KEY (`id`),
  ADD KEY `department_id` (`department_id`),
  ADD KEY `reviewer_id` (`reviewer_id`);

--
-- Indexes for table `employees`
--
ALTER TABLE `employees`
  ADD PRIMARY KEY (`id`),
  ADD KEY `rank_id` (`rank_id`),
  ADD KEY `department_id` (`department_id`),
  ADD KEY `team_id` (`team_id`);

--
-- Indexes for table `employee_history`
--
ALTER TABLE `employee_history`
  ADD PRIMARY KEY (`id`),
  ADD KEY `employee_id` (`employee_id`),
  ADD KEY `department_id` (`department_id`);

--
-- Indexes for table `employee_reviews`
--
ALTER TABLE `employee_reviews`
  ADD PRIMARY KEY (`id`),
  ADD KEY `employee_id` (`employee_id`),
  ADD KEY `reviewer_id` (`reviewer_id`);

--
-- Indexes for table `leave_requests`
--
ALTER TABLE `leave_requests`
  ADD PRIMARY KEY (`id`),
  ADD KEY `employee_id` (`employee_id`);

--
-- Indexes for table `login_infomation`
--
ALTER TABLE `login_infomation`
  ADD PRIMARY KEY (`id`),
  ADD KEY `employee_id` (`employee_id`);

--
-- Indexes for table `notifications`
--
ALTER TABLE `notifications`
  ADD PRIMARY KEY (`id`),
  ADD KEY `employee_id` (`employee_id`);

--
-- Indexes for table `ranks`
--
ALTER TABLE `ranks`
  ADD PRIMARY KEY (`id`);

--
-- Indexes for table `salaries`
--
ALTER TABLE `salaries`
  ADD PRIMARY KEY (`id`),
  ADD KEY `employee_id` (`employee_id`);

--
-- Indexes for table `salary_details`
--
ALTER TABLE `salary_details`
  ADD PRIMARY KEY (`id`),
  ADD KEY `salary_id` (`salary_id`),
  ADD KEY `salary_scale_id` (`salary_scale_id`);

--
-- Indexes for table `salary_scales`
--
ALTER TABLE `salary_scales`
  ADD PRIMARY KEY (`id`),
  ADD KEY `rank_id` (`rank_id`);

--
-- Indexes for table `teams`
--
ALTER TABLE `teams`
  ADD PRIMARY KEY (`id`),
  ADD KEY `department_id` (`department_id`);

--
-- Indexes for table `training`
--
ALTER TABLE `training`
  ADD PRIMARY KEY (`id`),
  ADD KEY `employee_id` (`employee_id`);

--
-- AUTO_INCREMENT for dumped tables
--

--
-- AUTO_INCREMENT for table `attendance`
--
ALTER TABLE `attendance`
  MODIFY `id` int(11) NOT NULL AUTO_INCREMENT, AUTO_INCREMENT=128;

--
-- AUTO_INCREMENT for table `attendance_month`
--
ALTER TABLE `attendance_month`
  MODIFY `id` int(11) NOT NULL AUTO_INCREMENT, AUTO_INCREMENT=286;

--
-- AUTO_INCREMENT for table `company_reviews`
--
ALTER TABLE `company_reviews`
  MODIFY `id` int(11) NOT NULL AUTO_INCREMENT, AUTO_INCREMENT=1024;

--
-- AUTO_INCREMENT for table `contact_infomation`
--
ALTER TABLE `contact_infomation`
  MODIFY `id` int(11) NOT NULL AUTO_INCREMENT, AUTO_INCREMENT=128;

--
-- AUTO_INCREMENT for table `contracts`
--
ALTER TABLE `contracts`
  MODIFY `id` int(11) NOT NULL AUTO_INCREMENT, AUTO_INCREMENT=128;

--
-- AUTO_INCREMENT for table `departments`
--
ALTER TABLE `departments`
  MODIFY `id` int(11) NOT NULL AUTO_INCREMENT, AUTO_INCREMENT=9;

--
-- AUTO_INCREMENT for table `department_reviews`
--
ALTER TABLE `department_reviews`
  MODIFY `id` int(11) NOT NULL AUTO_INCREMENT, AUTO_INCREMENT=1024;

--
-- AUTO_INCREMENT for table `employees`
--
ALTER TABLE `employees`
  MODIFY `id` int(11) NOT NULL AUTO_INCREMENT, AUTO_INCREMENT=128;

--
-- AUTO_INCREMENT for table `employee_history`
--
ALTER TABLE `employee_history`
  MODIFY `id` int(11) NOT NULL AUTO_INCREMENT, AUTO_INCREMENT=128;

--
-- AUTO_INCREMENT for table `employee_reviews`
--
ALTER TABLE `employee_reviews`
  MODIFY `id` int(11) NOT NULL AUTO_INCREMENT, AUTO_INCREMENT=1024;

--
-- AUTO_INCREMENT for table `leave_requests`
--
ALTER TABLE `leave_requests`
  MODIFY `id` int(11) NOT NULL AUTO_INCREMENT, AUTO_INCREMENT=1024;

--
-- AUTO_INCREMENT for table `login_infomation`
--
ALTER TABLE `login_infomation`
  MODIFY `id` int(11) NOT NULL AUTO_INCREMENT, AUTO_INCREMENT=137;

--
-- AUTO_INCREMENT for table `notifications`
--
ALTER TABLE `notifications`
  MODIFY `id` int(11) NOT NULL AUTO_INCREMENT, AUTO_INCREMENT=1024;

--
-- AUTO_INCREMENT for table `ranks`
--
ALTER TABLE `ranks`
  MODIFY `id` int(11) NOT NULL AUTO_INCREMENT, AUTO_INCREMENT=5;

--
-- AUTO_INCREMENT for table `salaries`
--
ALTER TABLE `salaries`
  MODIFY `id` int(11) NOT NULL AUTO_INCREMENT, AUTO_INCREMENT=128;

--
-- AUTO_INCREMENT for table `salary_details`
--
ALTER TABLE `salary_details`
  MODIFY `id` int(11) NOT NULL AUTO_INCREMENT, AUTO_INCREMENT=128;

--
-- AUTO_INCREMENT for table `salary_scales`
--
ALTER TABLE `salary_scales`
  MODIFY `id` int(11) NOT NULL AUTO_INCREMENT, AUTO_INCREMENT=25;

--
-- AUTO_INCREMENT for table `teams`
--
ALTER TABLE `teams`
  MODIFY `id` int(11) NOT NULL AUTO_INCREMENT, AUTO_INCREMENT=20;

--
-- AUTO_INCREMENT for table `training`
--
ALTER TABLE `training`
  MODIFY `id` int(11) NOT NULL AUTO_INCREMENT, AUTO_INCREMENT=128;

--
-- Constraints for dumped tables
--

--
-- Constraints for table `attendance`
--
ALTER TABLE `attendance`
  ADD CONSTRAINT `attendance_ibfk_1` FOREIGN KEY (`employee_id`) REFERENCES `employees` (`id`) ON DELETE CASCADE;

--
-- Constraints for table `attendance_month`
--
ALTER TABLE `attendance_month`
  ADD CONSTRAINT `attendance_month_ibfk_1` FOREIGN KEY (`employee_id`) REFERENCES `employees` (`id`) ON DELETE CASCADE;

--
-- Constraints for table `company_reviews`
--
ALTER TABLE `company_reviews`
  ADD CONSTRAINT `company_reviews_ibfk_1` FOREIGN KEY (`reviewer_id`) REFERENCES `employees` (`id`) ON DELETE CASCADE;

--
-- Constraints for table `contact_infomation`
--
ALTER TABLE `contact_infomation`
  ADD CONSTRAINT `contact_infomation_ibfk_1` FOREIGN KEY (`employee_id`) REFERENCES `employees` (`id`) ON DELETE CASCADE;

--
-- Constraints for table `contracts`
--
ALTER TABLE `contracts`
  ADD CONSTRAINT `contracts_ibfk_1` FOREIGN KEY (`employee_id`) REFERENCES `employees` (`id`) ON DELETE CASCADE;

--
-- Constraints for table `department_reviews`
--
ALTER TABLE `department_reviews`
  ADD CONSTRAINT `department_reviews_ibfk_1` FOREIGN KEY (`department_id`) REFERENCES `departments` (`id`) ON DELETE CASCADE,
  ADD CONSTRAINT `department_reviews_ibfk_2` FOREIGN KEY (`reviewer_id`) REFERENCES `employees` (`id`) ON DELETE CASCADE;

--
-- Constraints for table `employees`
--
ALTER TABLE `employees`
  ADD CONSTRAINT `employees_ibfk_1` FOREIGN KEY (`rank_id`) REFERENCES `ranks` (`id`) ON DELETE CASCADE,
  ADD CONSTRAINT `employees_ibfk_2` FOREIGN KEY (`department_id`) REFERENCES `departments` (`id`) ON DELETE CASCADE,
  ADD CONSTRAINT `employees_ibfk_3` FOREIGN KEY (`team_id`) REFERENCES `teams` (`id`) ON DELETE CASCADE;

--
-- Constraints for table `employee_history`
--
ALTER TABLE `employee_history`
  ADD CONSTRAINT `employee_history_ibfk_1` FOREIGN KEY (`employee_id`) REFERENCES `employees` (`id`) ON DELETE CASCADE,
  ADD CONSTRAINT `employee_history_ibfk_2` FOREIGN KEY (`department_id`) REFERENCES `departments` (`id`) ON DELETE CASCADE;

--
-- Constraints for table `employee_reviews`
--
ALTER TABLE `employee_reviews`
  ADD CONSTRAINT `employee_reviews_ibfk_1` FOREIGN KEY (`employee_id`) REFERENCES `employees` (`id`) ON DELETE CASCADE,
  ADD CONSTRAINT `employee_reviews_ibfk_2` FOREIGN KEY (`reviewer_id`) REFERENCES `employees` (`id`) ON DELETE CASCADE;

--
-- Constraints for table `leave_requests`
--
ALTER TABLE `leave_requests`
  ADD CONSTRAINT `leave_requests_ibfk_1` FOREIGN KEY (`employee_id`) REFERENCES `employees` (`id`) ON DELETE CASCADE;

--
-- Constraints for table `login_infomation`
--
ALTER TABLE `login_infomation`
  ADD CONSTRAINT `login_infomation_ibfk_1` FOREIGN KEY (`employee_id`) REFERENCES `employees` (`id`) ON DELETE CASCADE;

--
-- Constraints for table `notifications`
--
ALTER TABLE `notifications`
  ADD CONSTRAINT `notifications_ibfk_1` FOREIGN KEY (`employee_id`) REFERENCES `employees` (`id`) ON DELETE CASCADE;

--
-- Constraints for table `salaries`
--
ALTER TABLE `salaries`
  ADD CONSTRAINT `salaries_ibfk_1` FOREIGN KEY (`employee_id`) REFERENCES `employees` (`id`) ON DELETE CASCADE;

--
-- Constraints for table `salary_details`
--
ALTER TABLE `salary_details`
  ADD CONSTRAINT `salary_details_ibfk_1` FOREIGN KEY (`salary_id`) REFERENCES `salaries` (`id`) ON DELETE CASCADE,
  ADD CONSTRAINT `salary_details_ibfk_2` FOREIGN KEY (`salary_scale_id`) REFERENCES `salary_scales` (`id`) ON DELETE CASCADE;

--
-- Constraints for table `salary_scales`
--
ALTER TABLE `salary_scales`
  ADD CONSTRAINT `salary_scales_ibfk_1` FOREIGN KEY (`rank_id`) REFERENCES `ranks` (`id`) ON DELETE CASCADE;

--
-- Constraints for table `teams`
--
ALTER TABLE `teams`
  ADD CONSTRAINT `teams_ibfk_1` FOREIGN KEY (`department_id`) REFERENCES `departments` (`id`) ON DELETE CASCADE;

--
-- Constraints for table `training`
--
ALTER TABLE `training`
  ADD CONSTRAINT `training_ibfk_1` FOREIGN KEY (`employee_id`) REFERENCES `employees` (`id`) ON DELETE CASCADE;
COMMIT;

/*!40101 SET CHARACTER_SET_CLIENT=@OLD_CHARACTER_SET_CLIENT */;
/*!40101 SET CHARACTER_SET_RESULTS=@OLD_CHARACTER_SET_RESULTS */;
/*!40101 SET COLLATION_CONNECTION=@OLD_COLLATION_CONNECTION */;
